Godot Engine v4.6.2.stable.official.71f334935 - https://godotengine.org

runtime_mountain_raster_walk_probe: start density=0.60
runtime_mountain_raster_walk_probe: route_size=7
STREAMING_STEP_TIMING total=10.16ms {"drain_packets":0.007,"drain_pages":0.005,"enqueue":0.384,"evict":0.01,"player_chunk":0.016,"prune":0.002,"publish":0.003,"queue_pages":0.042,"spawn":9.676,"wrap":0.012}
STREAMING_STEP_TIMING total=31.38ms {"drain_packets":1.043,"drain_pages":0.005,"enqueue":0.02,"evict":0.013,"player_chunk":0.014,"prune":0.001,"publish":30.217,"queue_pages":0.051,"spawn":0.002,"wrap":0.01}
STREAMING_STEP_TIMING total=10.58ms {"drain_packets":3.959,"drain_pages":0.007,"enqueue":0.078,"evict":0.01,"player_chunk":0.024,"prune":0.036,"publish":6.238,"queue_pages":0.207,"spawn":0.004,"wrap":0.018}
STREAMING_STEP_TIMING total=10.80ms {"drain_packets":3.717,"drain_pages":0.005,"enqueue":0.141,"evict":0.026,"player_chunk":0.014,"prune":0.054,"publish":6.496,"queue_pages":0.33,"spawn":0.002,"wrap":0.007}
STREAMING_STEP_TIMING total=11.34ms {"drain_packets":3.644,"drain_pages":0.006,"enqueue":0.226,"evict":0.015,"player_chunk":0.017,"prune":0.066,"publish":6.472,"queue_pages":0.88,"spawn":0.002,"wrap":0.006}
STREAMING_STEP_TIMING total=15.24ms {"drain_packets":4.558,"drain_pages":0.008,"enqueue":0.309,"evict":0.023,"player_chunk":0.016,"prune":0.145,"publish":7.824,"queue_pages":2.339,"spawn":0.002,"wrap":0.01}
STREAMING_STEP_TIMING total=22.78ms {"drain_packets":3.602,"drain_pages":0.008,"enqueue":0.569,"evict":0.036,"player_chunk":0.021,"prune":0.32,"publish":12.235,"queue_pages":5.974,"spawn":0.002,"wrap":0.011}
STREAMING_STEP_TIMING total=11.88ms {"drain_packets":0.013,"drain_pages":0.007,"enqueue":0.775,"evict":0.06,"player_chunk":0.029,"prune":0.448,"publish":10.312,"queue_pages":0.204,"spawn":0.005,"wrap":0.02}
STREAMING_STEP_TIMING total=13.30ms {"drain_packets":0.017,"drain_pages":0.009,"enqueue":0.757,"evict":0.052,"player_chunk":0.028,"prune":0.547,"publish":11.619,"queue_pages":0.244,"spawn":0.003,"wrap":0.018}
STREAMING_STEP_TIMING total=10.18ms {"drain_packets":0.009,"drain_pages":0.006,"enqueue":0.656,"evict":0.05,"player_chunk":0.02,"prune":0.439,"publish":8.79,"queue_pages":0.195,"spawn":0.004,"wrap":0.013}
STREAMING_STEP_TIMING total=14.65ms {"drain_packets":0.01,"drain_pages":0.006,"enqueue":0.668,"evict":0.052,"player_chunk":0.022,"prune":0.437,"publish":13.237,"queue_pages":0.207,"spawn":0.002,"wrap":0.009}
STREAMING_STEP_TIMING total=12.63ms {"drain_packets":0.008,"drain_pages":0.006,"enqueue":0.65,"evict":0.067,"player_chunk":0.017,"prune":0.43,"publish":11.245,"queue_pages":0.184,"spawn":0.004,"wrap":0.011}
STREAMING_STEP_TIMING total=13.97ms {"drain_packets":0.01,"drain_pages":0.006,"enqueue":0.663,"evict":0.053,"player_chunk":0.023,"prune":0.411,"publish":12.584,"queue_pages":0.203,"spawn":0.002,"wrap":0.013}
STREAMING_STEP_TIMING total=13.29ms {"drain_packets":0.008,"drain_pages":0.006,"enqueue":0.657,"evict":0.062,"player_chunk":0.018,"prune":0.412,"publish":11.916,"queue_pages":0.194,"spawn":0.003,"wrap":0.01}
STREAMING_STEP_TIMING total=16.66ms {"drain_packets":0.012,"drain_pages":0.006,"enqueue":1.385,"evict":0.059,"player_chunk":0.027,"prune":0.587,"publish":13.906,"queue_pages":0.214,"spawn":0.004,"wrap":0.452}
STREAMING_STEP_TIMING total=40.85ms {"drain_packets":0.008,"drain_pages":0.005,"enqueue":0.885,"evict":0.087,"player_chunk":0.017,"prune":0.427,"publish":39.217,"queue_pages":0.189,"spawn":0.003,"wrap":0.009}
STREAMING_STEP_TIMING total=16.09ms {"drain_packets":0.013,"drain_pages":0.007,"enqueue":0.676,"evict":0.081,"player_chunk":0.027,"prune":0.419,"publish":14.609,"queue_pages":0.239,"spawn":0.003,"wrap":0.013}
STREAMING_STEP_TIMING total=36.75ms {"drain_packets":0.008,"drain_pages":0.005,"enqueue":0.66,"evict":0.084,"player_chunk":0.019,"prune":0.411,"publish":35.352,"queue_pages":0.192,"spawn":0.003,"wrap":0.011}
STREAMING_STEP_TIMING total=11.98ms {"drain_packets":0.013,"drain_pages":0.006,"enqueue":0.693,"evict":0.115,"player_chunk":0.024,"prune":0.416,"publish":10.475,"queue_pages":0.22,"spawn":0.003,"wrap":0.012}
STREAMING_STEP_TIMING total=13.34ms {"drain_packets":0.019,"drain_pages":0.01,"enqueue":0.922,"evict":0.102,"player_chunk":0.019,"prune":0.69,"publish":11.228,"queue_pages":0.329,"spawn":0.004,"wrap":0.011}
STREAMING_STEP_TIMING total=14.43ms {"drain_packets":0.012,"drain_pages":0.007,"enqueue":0.736,"evict":0.123,"player_chunk":0.024,"prune":0.442,"publish":12.787,"queue_pages":0.288,"spawn":0.003,"wrap":0.009}
STREAMING_STEP_TIMING total=7.49ms {"drain_packets":0.013,"drain_pages":0.008,"enqueue":1.041,"evict":0.115,"player_chunk":0.035,"prune":0.447,"publish":5.545,"queue_pages":0.254,"spawn":0.005,"wrap":0.025}
STREAMING_STEP_TIMING total=15.56ms {"drain_packets":0.014,"drain_pages":0.009,"enqueue":0.791,"evict":0.124,"player_chunk":0.029,"prune":0.501,"publish":13.718,"queue_pages":0.349,"spawn":0.003,"wrap":0.017}
STREAMING_STEP_TIMING total=14.40ms {"drain_packets":0.015,"drain_pages":0.01,"enqueue":0.801,"evict":0.111,"player_chunk":0.022,"prune":0.463,"publish":12.715,"queue_pages":0.238,"spawn":0.004,"wrap":0.013}
STREAMING_STEP_TIMING total=7.23ms {"drain_packets":0.013,"drain_pages":0.198,"enqueue":0.753,"evict":0.116,"player_chunk":0.027,"prune":0.431,"publish":4.943,"queue_pages":0.731,"spawn":0.003,"wrap":0.015}
STREAMING_STEP_TIMING total=36.63ms {"drain_packets":0.009,"drain_pages":0.006,"enqueue":0.689,"evict":0.154,"player_chunk":0.014,"prune":0.375,"publish":35.177,"queue_pages":0.19,"spawn":0.001,"wrap":0.008}
STREAMING_STEP_TIMING total=9.35ms {"drain_packets":0.022,"drain_pages":0.009,"enqueue":6.969,"evict":0.129,"player_chunk":0.014,"prune":1.421,"publish":0.5,"queue_pages":0.27,"spawn":0.002,"wrap":0.007}
[FrameBudget] streaming=5.2ms topology=0.0ms visual=0.0ms spawn=0.0ms total=5.2ms/6.0ms world.streaming_v0=5.2ms(60)
STREAMING_STEP_TIMING total=18.44ms {"drain_packets":0.018,"drain_pages":0.007,"enqueue":16.648,"evict":0.111,"player_chunk":0.021,"prune":0.979,"publish":0.432,"queue_pages":0.208,"spawn":0.002,"wrap":0.008}
STREAMING_STEP_TIMING total=38.09ms {"drain_packets":0.015,"drain_pages":0.204,"enqueue":36.713,"evict":0.099,"player_chunk":0.019,"prune":0.427,"publish":0.407,"queue_pages":0.189,"spawn":0.002,"wrap":0.012}
STREAMING_STEP_TIMING total=26.40ms {"drain_packets":0.016,"drain_pages":0.009,"enqueue":24.859,"evict":0.118,"player_chunk":0.029,"prune":0.594,"publish":0.526,"queue_pages":0.228,"spawn":0.002,"wrap":0.012}
STREAMING_STEP_TIMING total=23.28ms {"drain_packets":0.014,"drain_pages":0.007,"enqueue":22.099,"evict":0.101,"player_chunk":0.022,"prune":0.392,"publish":0.417,"queue_pages":0.201,"spawn":0.005,"wrap":0.017}
STREAMING_STEP_TIMING total=19.16ms {"drain_packets":0.014,"drain_pages":0.008,"enqueue":17.291,"evict":0.112,"player_chunk":0.015,"prune":0.432,"publish":0.443,"queue_pages":0.838,"spawn":0.002,"wrap":0.007}
STREAMING_STEP_TIMING total=11.95ms {"drain_packets":0.006,"drain_pages":0.156,"enqueue":0.731,"evict":0.106,"player_chunk":0.014,"prune":0.404,"publish":10.377,"queue_pages":0.142,"spawn":0.002,"wrap":0.008}
STREAMING_STEP_TIMING total=11.28ms {"drain_packets":0.009,"drain_pages":0.006,"enqueue":0.598,"evict":0.119,"player_chunk":0.02,"prune":0.335,"publish":10.042,"queue_pages":0.138,"spawn":0.002,"wrap":0.012}
STREAMING_STEP_TIMING total=8.93ms {"drain_packets":0.008,"drain_pages":0.005,"enqueue":0.578,"evict":0.093,"player_chunk":0.018,"prune":0.332,"publish":7.74,"queue_pages":0.135,"spawn":0.003,"wrap":0.012}
STREAMING_STEP_TIMING total=11.70ms {"drain_packets":0.007,"drain_pages":0.005,"enqueue":0.589,"evict":0.098,"player_chunk":0.017,"prune":0.314,"publish":10.529,"queue_pages":0.13,"spawn":0.002,"wrap":0.01}
STREAMING_STEP_TIMING total=8.85ms {"drain_packets":0.006,"drain_pages":0.136,"enqueue":0.587,"evict":0.098,"player_chunk":0.015,"prune":0.32,"publish":7.561,"queue_pages":0.118,"spawn":0.002,"wrap":0.008}
STREAMING_STEP_TIMING total=11.36ms {"drain_packets":0.01,"drain_pages":0.006,"enqueue":0.638,"evict":0.091,"player_chunk":0.015,"prune":0.33,"publish":10.128,"queue_pages":0.129,"spawn":0.002,"wrap":0.01}
STREAMING_STEP_TIMING total=8.34ms {"drain_packets":0.007,"drain_pages":0.004,"enqueue":0.537,"evict":0.196,"player_chunk":0.02,"prune":0.254,"publish":7.143,"queue_pages":0.156,"spawn":0.004,"wrap":0.013}
STREAMING_STEP_TIMING total=7.29ms {"drain_packets":0.008,"drain_pages":0.005,"enqueue":0.486,"evict":0.117,"player_chunk":0.018,"prune":0.254,"publish":6.265,"queue_pages":0.125,"spawn":0.002,"wrap":0.006}
STREAMING_STEP_TIMING total=10.66ms {"drain_packets":0.007,"drain_pages":0.004,"enqueue":0.508,"evict":0.104,"player_chunk":0.014,"prune":0.255,"publish":9.643,"queue_pages":0.11,"spawn":0.002,"wrap":0.009}
STREAMING_STEP_TIMING total=9.34ms {"drain_packets":0.006,"drain_pages":0.005,"enqueue":0.482,"evict":0.169,"player_chunk":0.015,"prune":0.264,"publish":8.258,"queue_pages":0.126,"spawn":0.002,"wrap":0.009}
STREAMING_STEP_TIMING total=14.82ms {"drain_packets":0.012,"drain_pages":0.007,"enqueue":0.764,"evict":0.111,"player_chunk":0.023,"prune":0.414,"publish":13.295,"queue_pages":0.172,"spawn":0.003,"wrap":0.015}
STREAMING_STEP_TIMING total=8.14ms {"drain_packets":0.016,"drain_pages":0.008,"enqueue":0.75,"evict":0.122,"player_chunk":0.02,"prune":0.472,"publish":6.602,"queue_pages":0.137,"spawn":0.002,"wrap":0.011}
STREAMING_STEP_TIMING total=11.02ms {"drain_packets":0.007,"drain_pages":0.004,"enqueue":0.487,"evict":0.13,"player_chunk":0.015,"prune":0.242,"publish":10.008,"queue_pages":0.11,"spawn":0.002,"wrap":0.009}
STREAMING_STEP_TIMING total=7.51ms {"drain_packets":0.007,"drain_pages":0.005,"enqueue":0.478,"evict":0.116,"player_chunk":0.019,"prune":0.235,"publish":6.522,"queue_pages":0.118,"spawn":0.002,"wrap":0.01}
STREAMING_STEP_TIMING total=11.31ms {"drain_packets":0.005,"drain_pages":0.004,"enqueue":0.481,"evict":0.125,"player_chunk":0.011,"prune":0.237,"publish":10.329,"queue_pages":0.109,"spawn":0.002,"wrap":0.007}
STREAMING_STEP_TIMING total=7.62ms {"drain_packets":0.007,"drain_pages":0.005,"enqueue":0.487,"evict":0.121,"player_chunk":0.015,"prune":0.235,"publish":6.622,"queue_pages":0.12,"spawn":0.001,"wrap":0.008}
STREAMING_STEP_TIMING total=11.23ms {"drain_packets":0.004,"drain_pages":0.004,"enqueue":0.474,"evict":0.13,"player_chunk":0.011,"prune":0.231,"publish":10.26,"queue_pages":0.109,"spawn":0.002,"wrap":0.006}
STREAMING_STEP_TIMING total=9.36ms {"drain_packets":0.007,"drain_pages":0.005,"enqueue":0.483,"evict":0.149,"player_chunk":0.017,"prune":0.229,"publish":8.34,"queue_pages":0.12,"spawn":0.003,"wrap":0.006}
STREAMING_STEP_TIMING total=12.96ms {"drain_packets":0.006,"drain_pages":0.005,"enqueue":0.484,"evict":0.148,"player_chunk":0.014,"prune":0.231,"publish":11.949,"queue_pages":0.108,"spawn":0.002,"wrap":0.01}
STREAMING_STEP_TIMING total=10.94ms {"drain_packets":0.011,"drain_pages":0.007,"enqueue":0.741,"evict":0.143,"player_chunk":0.025,"prune":0.367,"publish":9.453,"queue_pages":0.166,"spawn":0.003,"wrap":0.017}
STREAMING_STEP_TIMING total=11.62ms {"drain_packets":0.006,"drain_pages":0.004,"enqueue":0.485,"evict":0.142,"player_chunk":0.014,"prune":0.225,"publish":10.623,"queue_pages":0.105,"spawn":0.002,"wrap":0.009}
STREAMING_STEP_TIMING total=7.54ms {"drain_packets":0.007,"drain_pages":0.005,"enqueue":0.486,"evict":0.141,"player_chunk":0.016,"prune":0.224,"publish":6.524,"queue_pages":0.121,"spawn":0.002,"wrap":0.008}
STREAMING_STEP_TIMING total=11.52ms {"drain_packets":0.007,"drain_pages":0.004,"enqueue":0.475,"evict":0.149,"player_chunk":0.013,"prune":0.216,"publish":10.538,"queue_pages":0.107,"spawn":0.002,"wrap":0.009}
STREAMING_STEP_TIMING total=7.68ms {"drain_packets":0.007,"drain_pages":0.005,"enqueue":0.492,"evict":0.168,"player_chunk":0.017,"prune":0.23,"publish":6.625,"queue_pages":0.123,"spawn":0.002,"wrap":0.01}
STREAMING_STEP_TIMING total=11.42ms {"drain_packets":0.006,"drain_pages":0.004,"enqueue":0.494,"evict":0.151,"player_chunk":0.015,"prune":0.211,"publish":10.431,"queue_pages":0.097,"spawn":0.002,"wrap":0.008}
STREAMING_STEP_TIMING total=7.57ms {"drain_packets":0.009,"drain_pages":0.006,"enqueue":0.493,"evict":0.184,"player_chunk":0.012,"prune":0.214,"publish":6.505,"queue_pages":0.132,"spawn":0.001,"wrap":0.006}
STREAMING_STEP_TIMING total=12.27ms {"drain_packets":0.006,"drain_pages":0.004,"enqueue":0.478,"evict":0.173,"player_chunk":0.014,"prune":0.213,"publish":11.263,"queue_pages":0.109,"spawn":0.002,"wrap":0.009}
STREAMING_STEP_TIMING total=7.57ms {"drain_packets":0.008,"drain_pages":0.005,"enqueue":0.481,"evict":0.16,"player_chunk":0.019,"prune":0.212,"publish":6.547,"queue_pages":0.121,"spawn":0.002,"wrap":0.01}
STREAMING_STEP_TIMING total=12.21ms {"drain_packets":0.006,"drain_pages":0.004,"enqueue":0.485,"evict":0.16,"player_chunk":0.014,"prune":0.217,"publish":11.202,"queue_pages":0.11,"spawn":0.001,"wrap":0.008}
STREAMING_STEP_TIMING total=10.00ms {"drain_packets":0.007,"drain_pages":0.005,"enqueue":0.494,"evict":0.268,"player_chunk":0.015,"prune":0.213,"publish":8.859,"queue_pages":0.127,"spawn":0.002,"wrap":0.009}
STREAMING_STEP_TIMING total=14.13ms {"drain_packets":0.007,"drain_pages":0.004,"enqueue":0.528,"evict":0.18,"player_chunk":0.016,"prune":0.212,"publish":13.056,"queue_pages":0.111,"spawn":0.002,"wrap":0.01}
STREAMING_STEP_TIMING total=8.44ms {"drain_packets":0.011,"drain_pages":0.006,"enqueue":0.588,"evict":0.227,"player_chunk":0.025,"prune":0.259,"publish":7.149,"queue_pages":0.151,"spawn":0.005,"wrap":0.016}
STREAMING_STEP_TIMING total=13.20ms {"drain_packets":0.009,"drain_pages":0.005,"enqueue":0.586,"evict":0.183,"player_chunk":0.017,"prune":0.244,"publish":12.017,"queue_pages":0.121,"spawn":0.003,"wrap":0.011}
STREAMING_STEP_TIMING total=7.76ms {"drain_packets":0.007,"drain_pages":0.005,"enqueue":0.484,"evict":0.181,"player_chunk":0.017,"prune":0.198,"publish":6.743,"queue_pages":0.118,"spawn":0.003,"wrap":0.006}
STREAMING_STEP_TIMING total=15.84ms {"drain_packets":0.013,"drain_pages":0.006,"enqueue":0.739,"evict":0.245,"player_chunk":0.024,"prune":0.317,"publish":14.309,"queue_pages":0.161,"spawn":0.003,"wrap":0.016}
STREAMING_STEP_TIMING total=8.07ms {"drain_packets":0.014,"drain_pages":0.006,"enqueue":0.612,"evict":0.237,"player_chunk":0.024,"prune":0.327,"publish":6.694,"queue_pages":0.137,"spawn":0.003,"wrap":0.014}
STREAMING_STEP_TIMING total=13.40ms {"drain_packets":0.008,"drain_pages":0.005,"enqueue":0.583,"evict":0.198,"player_chunk":0.016,"prune":0.235,"publish":12.215,"queue_pages":0.12,"spawn":0.003,"wrap":0.01}
STREAMING_STEP_TIMING total=10.19ms {"drain_packets":0.007,"drain_pages":0.005,"enqueue":0.477,"evict":0.217,"player_chunk":0.024,"prune":0.191,"publish":9.139,"queue_pages":0.12,"spawn":0.002,"wrap":0.01}
STREAMING_STEP_TIMING total=15.81ms {"drain_packets":0.016,"drain_pages":0.009,"enqueue":0.826,"evict":0.327,"player_chunk":0.027,"prune":0.249,"publish":14.182,"queue_pages":0.146,"spawn":0.004,"wrap":0.018}
STREAMING_STEP_TIMING total=8.36ms {"drain_packets":0.011,"drain_pages":0.006,"enqueue":1.086,"evict":0.202,"player_chunk":0.029,"prune":0.321,"publish":6.556,"queue_pages":0.122,"spawn":0.004,"wrap":0.019}
STREAMING_STEP_TIMING total=13.00ms {"drain_packets":0.006,"drain_pages":0.005,"enqueue":0.47,"evict":0.199,"player_chunk":0.014,"prune":0.187,"publish":12.002,"queue_pages":0.103,"spawn":0.002,"wrap":0.009}
STREAMING_STEP_TIMING total=8.85ms {"drain_packets":0.01,"drain_pages":0.006,"enqueue":0.733,"evict":0.216,"player_chunk":0.021,"prune":0.3,"publish":7.386,"queue_pages":0.168,"spawn":0.002,"wrap":0.009}
[FrameBudget] streaming=5.6ms topology=0.0ms visual=0.0ms spawn=0.0ms total=5.6ms/6.0ms world.streaming_v0=5.6ms(60)
STREAMING_STEP_TIMING total=12.82ms {"drain_packets":0.007,"drain_pages":0.005,"enqueue":0.481,"evict":0.201,"player_chunk":0.019,"prune":0.184,"publish":11.793,"queue_pages":0.115,"spawn":0.003,"wrap":0.012}
STREAMING_STEP_TIMING total=6.24ms {"drain_packets":0.008,"drain_pages":0.005,"enqueue":0.496,"evict":0.214,"player_chunk":0.017,"prune":0.185,"publish":5.182,"queue_pages":0.122,"spawn":0.002,"wrap":0.008}
STREAMING_STEP_TIMING total=11.52ms {"drain_packets":0.006,"drain_pages":0.004,"enqueue":0.486,"evict":0.214,"player_chunk":0.015,"prune":0.179,"publish":10.494,"queue_pages":0.106,"spawn":0.002,"wrap":0.009}
STREAMING_STEP_TIMING total=7.60ms {"drain_packets":0.008,"drain_pages":0.005,"enqueue":0.496,"evict":0.219,"player_chunk":0.016,"prune":0.177,"publish":6.542,"queue_pages":0.121,"spawn":0.002,"wrap":0.009}
STREAMING_STEP_TIMING total=13.28ms {"drain_packets":0.008,"drain_pages":0.006,"enqueue":0.483,"evict":0.216,"player_chunk":0.015,"prune":0.206,"publish":12.233,"queue_pages":0.103,"spawn":0.002,"wrap":0.008}
STREAMING_STEP_TIMING total=9.12ms {"drain_packets":0.007,"drain_pages":0.005,"enqueue":0.479,"evict":0.227,"player_chunk":0.019,"prune":0.171,"publish":8.08,"queue_pages":0.118,"spawn":0.002,"wrap":0.009}
STREAMING_STEP_TIMING total=14.89ms {"drain_packets":0.007,"drain_pages":0.005,"enqueue":0.505,"evict":0.224,"player_chunk":0.013,"prune":0.183,"publish":13.83,"queue_pages":0.109,"spawn":0.002,"wrap":0.007}
STREAMING_STEP_TIMING total=6.81ms {"drain_packets":0.007,"drain_pages":0.004,"enqueue":0.492,"evict":0.243,"player_chunk":0.015,"prune":0.166,"publish":5.754,"queue_pages":0.118,"spawn":0.002,"wrap":0.006}
STREAMING_STEP_TIMING total=13.88ms {"drain_packets":0.007,"drain_pages":0.004,"enqueue":0.498,"evict":0.266,"player_chunk":0.015,"prune":0.17,"publish":12.753,"queue_pages":0.154,"spawn":0.002,"wrap":0.009}
STREAMING_STEP_TIMING total=7.54ms {"drain_packets":0.008,"drain_pages":0.005,"enqueue":0.477,"evict":0.234,"player_chunk":0.02,"prune":0.166,"publish":6.5,"queue_pages":0.117,"spawn":0.002,"wrap":0.01}
STREAMING_STEP_TIMING total=14.05ms {"drain_packets":0.005,"drain_pages":0.004,"enqueue":0.535,"evict":0.234,"player_chunk":0.012,"prune":0.164,"publish":12.987,"queue_pages":0.103,"spawn":0.001,"wrap":0.008}
STREAMING_STEP_TIMING total=7.71ms {"drain_packets":0.017,"drain_pages":0.005,"enqueue":0.486,"evict":0.243,"player_chunk":0.017,"prune":0.167,"publish":6.641,"queue_pages":0.122,"spawn":0.001,"wrap":0.009}
STREAMING_STEP_TIMING total=13.92ms {"drain_packets":0.006,"drain_pages":0.004,"enqueue":0.509,"evict":0.232,"player_chunk":0.015,"prune":0.156,"publish":12.887,"queue_pages":0.1,"spawn":0.002,"wrap":0.008}
STREAMING_STEP_TIMING total=7.90ms {"drain_packets":0.008,"drain_pages":0.005,"enqueue":0.463,"evict":0.299,"player_chunk":0.02,"prune":0.161,"publish":6.809,"queue_pages":0.113,"spawn":0.004,"wrap":0.013}
STREAMING_STEP_TIMING total=13.73ms {"drain_packets":0.007,"drain_pages":0.004,"enqueue":0.471,"evict":0.247,"player_chunk":0.015,"prune":0.152,"publish":12.723,"queue_pages":0.101,"spawn":0.002,"wrap":0.009}
STREAMING_STEP_TIMING total=9.33ms {"drain_packets":0.007,"drain_pages":0.005,"enqueue":0.473,"evict":0.244,"player_chunk":0.017,"prune":0.154,"publish":8.305,"queue_pages":0.117,"spawn":0.002,"wrap":0.006}
STREAMING_STEP_TIMING total=15.70ms {"drain_packets":0.007,"drain_pages":0.004,"enqueue":0.472,"evict":0.248,"player_chunk":0.012,"prune":0.149,"publish":14.688,"queue_pages":0.105,"spawn":0.002,"wrap":0.007}
STREAMING_STEP_TIMING total=8.29ms {"drain_packets":0.01,"drain_pages":0.005,"enqueue":0.541,"evict":0.261,"player_chunk":0.022,"prune":0.182,"publish":7.126,"queue_pages":0.13,"spawn":0.003,"wrap":0.01}
STREAMING_STEP_TIMING total=14.28ms {"drain_packets":0.006,"drain_pages":0.004,"enqueue":0.465,"evict":0.264,"player_chunk":0.015,"prune":0.143,"publish":13.266,"queue_pages":0.103,"spawn":0.002,"wrap":0.01}
STREAMING_STEP_TIMING total=7.54ms {"drain_packets":0.008,"drain_pages":0.005,"enqueue":0.477,"evict":0.265,"player_chunk":0.02,"prune":0.146,"publish":6.482,"queue_pages":0.12,"spawn":0.002,"wrap":0.01}
STREAMING_STEP_TIMING total=14.55ms {"drain_packets":0.008,"drain_pages":0.005,"enqueue":0.49,"evict":0.265,"player_chunk":0.014,"prune":0.186,"publish":13.476,"queue_pages":0.098,"spawn":0.002,"wrap":0.008}
STREAMING_STEP_TIMING total=7.30ms {"drain_packets":0.007,"drain_pages":0.005,"enqueue":0.508,"evict":0.279,"player_chunk":0.014,"prune":0.14,"publish":6.223,"queue_pages":0.116,"spawn":0.002,"wrap":0.008}
STREAMING_STEP_TIMING total=13.60ms {"drain_packets":0.006,"drain_pages":0.004,"enqueue":0.478,"evict":0.282,"player_chunk":0.014,"prune":0.138,"publish":12.558,"queue_pages":0.104,"spawn":0.002,"wrap":0.009}
STREAMING_STEP_TIMING total=7.81ms {"drain_packets":0.007,"drain_pages":0.005,"enqueue":0.486,"evict":0.277,"player_chunk":0.018,"prune":0.138,"publish":6.743,"queue_pages":0.121,"spawn":0.002,"wrap":0.007}
STREAMING_STEP_TIMING total=14.93ms {"drain_packets":0.006,"drain_pages":0.004,"enqueue":0.487,"evict":0.278,"player_chunk":0.015,"prune":0.136,"publish":13.887,"queue_pages":0.106,"spawn":0.002,"wrap":0.009}
STREAMING_STEP_TIMING total=6.09ms {"drain_packets":0.007,"drain_pages":0.005,"enqueue":0.482,"evict":0.294,"player_chunk":0.018,"prune":0.133,"publish":5.016,"queue_pages":0.119,"spawn":0.002,"wrap":0.011}
STREAMING_STEP_TIMING total=13.94ms {"drain_packets":0.007,"drain_pages":0.004,"enqueue":0.477,"evict":0.279,"player_chunk":0.016,"prune":0.132,"publish":12.899,"queue_pages":0.107,"spawn":0.002,"wrap":0.01}
STREAMING_STEP_TIMING total=7.87ms {"drain_packets":0.007,"drain_pages":0.005,"enqueue":0.494,"evict":0.3,"player_chunk":0.017,"prune":0.134,"publish":6.777,"queue_pages":0.119,"spawn":0.002,"wrap":0.009}
STREAMING_STEP_TIMING total=15.72ms {"drain_packets":0.006,"drain_pages":0.004,"enqueue":0.469,"evict":0.301,"player_chunk":0.014,"prune":0.13,"publish":14.682,"queue_pages":0.101,"spawn":0.002,"wrap":0.009}
STREAMING_STEP_TIMING total=8.95ms {"drain_packets":0.008,"drain_pages":0.005,"enqueue":0.481,"evict":0.281,"player_chunk":0.019,"prune":0.125,"publish":7.895,"queue_pages":0.119,"spawn":0.002,"wrap":0.01}
STREAMING_STEP_TIMING total=17.98ms {"drain_packets":0.008,"drain_pages":0.005,"enqueue":0.469,"evict":0.364,"player_chunk":0.014,"prune":0.122,"publish":16.878,"queue_pages":0.11,"spawn":0.001,"wrap":0.01}
STREAMING_STEP_TIMING total=8.86ms {"drain_packets":0.009,"drain_pages":0.006,"enqueue":0.647,"evict":0.366,"player_chunk":0.024,"prune":0.15,"publish":7.512,"queue_pages":0.132,"spawn":0.004,"wrap":0.009}
STREAMING_STEP_TIMING total=18.15ms {"drain_packets":0.007,"drain_pages":0.004,"enqueue":0.564,"evict":0.359,"player_chunk":0.016,"prune":0.141,"publish":16.934,"queue_pages":0.113,"spawn":0.002,"wrap":0.009}
STREAMING_STEP_TIMING total=8.76ms {"drain_packets":0.008,"drain_pages":0.005,"enqueue":0.596,"evict":0.379,"player_chunk":0.023,"prune":0.142,"publish":7.462,"queue_pages":0.134,"spawn":0.002,"wrap":0.01}
STREAMING_STEP_TIMING total=16.36ms {"drain_packets":0.007,"drain_pages":0.005,"enqueue":0.595,"evict":0.332,"player_chunk":0.016,"prune":0.138,"publish":15.136,"queue_pages":0.113,"spawn":0.002,"wrap":0.01}
STREAMING_STEP_TIMING total=7.84ms {"drain_packets":0.009,"drain_pages":0.005,"enqueue":0.495,"evict":0.333,"player_chunk":0.022,"prune":0.117,"publish":6.713,"queue_pages":0.123,"spawn":0.003,"wrap":0.015}
STREAMING_STEP_TIMING total=16.08ms {"drain_packets":0.011,"drain_pages":0.004,"enqueue":0.473,"evict":0.322,"player_chunk":0.015,"prune":0.112,"publish":15.018,"queue_pages":0.109,"spawn":0.002,"wrap":0.009}
STREAMING_STEP_TIMING total=11.97ms {"drain_packets":0.015,"drain_pages":0.008,"enqueue":0.479,"evict":0.349,"player_chunk":0.018,"prune":0.161,"publish":10.705,"queue_pages":0.216,"spawn":0.002,"wrap":0.011}
STREAMING_STEP_TIMING total=8.03ms {"drain_packets":0.006,"drain_pages":0.004,"enqueue":0.465,"evict":0.332,"player_chunk":0.014,"prune":0.106,"publish":6.986,"queue_pages":0.1,"spawn":0.002,"wrap":0.009}
STREAMING_STEP_TIMING total=16.45ms {"drain_packets":0.007,"drain_pages":0.005,"enqueue":0.477,"evict":0.32,"player_chunk":0.018,"prune":0.102,"publish":15.395,"queue_pages":0.121,"spawn":0.002,"wrap":0.006}
STREAMING_STEP_TIMING total=11.52ms {"drain_packets":0.006,"drain_pages":0.004,"enqueue":0.473,"evict":0.324,"player_chunk":0.014,"prune":0.103,"publish":10.481,"queue_pages":0.105,"spawn":0.002,"wrap":0.009}
STREAMING_STEP_TIMING total=7.63ms {"drain_packets":0.008,"drain_pages":0.005,"enqueue":0.487,"evict":0.354,"player_chunk":0.012,"prune":0.11,"publish":6.475,"queue_pages":0.168,"spawn":0.002,"wrap":0.008}
STREAMING_STEP_TIMING total=17.07ms {"drain_packets":0.005,"drain_pages":0.004,"enqueue":0.484,"evict":0.345,"player_chunk":0.014,"prune":0.098,"publish":16.0,"queue_pages":0.105,"spawn":0.002,"wrap":0.014}
STREAMING_STEP_TIMING total=7.92ms {"drain_packets":0.007,"drain_pages":0.005,"enqueue":0.483,"evict":0.675,"player_chunk":0.018,"prune":0.096,"publish":6.495,"queue_pages":0.122,"spawn":0.002,"wrap":0.009}
STREAMING_STEP_TIMING total=17.39ms {"drain_packets":0.006,"drain_pages":0.005,"enqueue":0.478,"evict":0.362,"player_chunk":0.016,"prune":0.094,"publish":16.311,"queue_pages":0.105,"spawn":0.002,"wrap":0.009}
STREAMING_STEP_TIMING total=7.63ms {"drain_packets":0.008,"drain_pages":0.005,"enqueue":0.481,"evict":0.344,"player_chunk":0.019,"prune":0.09,"publish":6.548,"queue_pages":0.119,"spawn":0.001,"wrap":0.01}
STREAMING_STEP_TIMING total=17.00ms {"drain_packets":0.004,"drain_pages":0.004,"enqueue":0.493,"evict":0.349,"player_chunk":0.011,"prune":0.091,"publish":15.932,"queue_pages":0.109,"spawn":0.002,"wrap":0.007}
STREAMING_STEP_TIMING total=7.58ms {"drain_packets":0.007,"drain_pages":0.004,"enqueue":0.485,"evict":0.371,"player_chunk":0.016,"prune":0.088,"publish":6.474,"queue_pages":0.121,"spawn":0.002,"wrap":0.006}
STREAMING_STEP_TIMING total=17.52ms {"drain_packets":0.006,"drain_pages":0.004,"enqueue":0.477,"evict":0.365,"player_chunk":0.019,"prune":0.085,"publish":16.438,"queue_pages":0.108,"spawn":0.003,"wrap":0.008}
STREAMING_STEP_TIMING total=7.55ms {"drain_packets":0.007,"drain_pages":0.005,"enqueue":0.486,"evict":0.369,"player_chunk":0.019,"prune":0.085,"publish":6.442,"queue_pages":0.121,"spawn":0.002,"wrap":0.01}
STREAMING_STEP_TIMING total=18.09ms {"drain_packets":0.005,"drain_pages":0.003,"enqueue":0.478,"evict":0.37,"player_chunk":0.012,"prune":0.081,"publish":17.017,"queue_pages":0.11,"spawn":0.001,"wrap":0.007}
STREAMING_STEP_TIMING total=7.50ms {"drain_packets":0.009,"drain_pages":0.007,"enqueue":0.499,"evict":0.361,"player_chunk":0.016,"prune":0.082,"publish":6.387,"queue_pages":0.121,"spawn":0.003,"wrap":0.008}
STREAMING_STEP_TIMING total=17.76ms {"drain_packets":0.006,"drain_pages":0.004,"enqueue":0.476,"evict":0.374,"player_chunk":0.014,"prune":0.077,"publish":16.693,"queue_pages":0.108,"spawn":0.002,"wrap":0.008}
STREAMING_STEP_TIMING total=7.35ms {"drain_packets":0.007,"drain_pages":0.004,"enqueue":0.484,"evict":0.371,"player_chunk":0.017,"prune":0.077,"publish":6.256,"queue_pages":0.12,"spawn":0.002,"wrap":0.009}
STREAMING_STEP_TIMING total=17.94ms {"drain_packets":0.011,"drain_pages":0.006,"enqueue":0.521,"evict":0.392,"player_chunk":0.017,"prune":0.08,"publish":16.775,"queue_pages":0.12,"spawn":0.003,"wrap":0.01}
STREAMING_STEP_TIMING total=7.55ms {"drain_packets":0.007,"drain_pages":0.006,"enqueue":0.477,"evict":0.392,"player_chunk":0.017,"prune":0.076,"publish":6.445,"queue_pages":0.118,"spawn":0.002,"wrap":0.006}
STREAMING_STEP_TIMING total=17.93ms {"drain_packets":0.005,"drain_pages":0.004,"enqueue":0.476,"evict":0.394,"player_chunk":0.012,"prune":0.068,"publish":16.858,"queue_pages":0.104,"spawn":0.002,"wrap":0.007}
STREAMING_STEP_TIMING total=7.71ms {"drain_packets":0.007,"drain_pages":0.005,"enqueue":0.48,"evict":0.393,"player_chunk":0.018,"prune":0.068,"publish":6.602,"queue_pages":0.118,"spawn":0.003,"wrap":0.009}
STREAMING_STEP_TIMING total=18.25ms {"drain_packets":0.006,"drain_pages":0.004,"enqueue":0.478,"evict":0.406,"player_chunk":0.015,"prune":0.064,"publish":17.156,"queue_pages":0.105,"spawn":0.003,"wrap":0.008}
STREAMING_STEP_TIMING total=7.17ms {"drain_packets":0.008,"drain_pages":0.005,"enqueue":0.483,"evict":0.392,"player_chunk":0.019,"prune":0.065,"publish":6.06,"queue_pages":0.122,"spawn":0.002,"wrap":0.01}
STREAMING_STEP_TIMING total=16.54ms {"drain_packets":0.005,"drain_pages":0.003,"enqueue":0.47,"evict":0.424,"player_chunk":0.011,"prune":0.065,"publish":15.451,"queue_pages":0.105,"spawn":0.001,"wrap":0.007}
STREAMING_STEP_TIMING total=7.90ms {"drain_packets":0.007,"drain_pages":0.006,"enqueue":0.48,"evict":0.413,"player_chunk":0.018,"prune":0.062,"publish":6.782,"queue_pages":0.119,"spawn":0.002,"wrap":0.006}
STREAMING_STEP_TIMING total=18.46ms {"drain_packets":0.007,"drain_pages":0.004,"enqueue":0.462,"evict":0.407,"player_chunk":0.015,"prune":0.067,"publish":17.388,"queue_pages":0.101,"spawn":0.002,"wrap":0.009}
STREAMING_STEP_TIMING total=6.24ms {"drain_packets":0.008,"drain_pages":0.005,"enqueue":0.493,"evict":0.408,"player_chunk":0.019,"prune":0.059,"publish":5.108,"queue_pages":0.121,"spawn":0.002,"wrap":0.011}
STREAMING_STEP_TIMING total=18.11ms {"drain_packets":0.008,"drain_pages":0.004,"enqueue":0.574,"evict":0.427,"player_chunk":0.018,"prune":0.057,"publish":16.879,"queue_pages":0.126,"spawn":0.003,"wrap":0.01}
STREAMING_STEP_TIMING total=7.53ms {"drain_packets":0.008,"drain_pages":0.006,"enqueue":0.479,"evict":0.397,"player_chunk":0.018,"prune":0.054,"publish":6.431,"queue_pages":0.119,"spawn":0.003,"wrap":0.011}
STREAMING_STEP_TIMING total=19.01ms {"drain_packets":0.004,"drain_pages":0.004,"enqueue":0.47,"evict":0.419,"player_chunk":0.011,"prune":0.05,"publish":17.931,"queue_pages":0.108,"spawn":0.001,"wrap":0.008}
STREAMING_STEP_TIMING total=8.01ms {"drain_packets":0.007,"drain_pages":0.005,"enqueue":0.508,"evict":0.427,"player_chunk":0.019,"prune":0.05,"publish":6.866,"queue_pages":0.118,"spawn":0.002,"wrap":0.01}
STREAMING_STEP_TIMING total=19.25ms {"drain_packets":0.007,"drain_pages":0.004,"enqueue":0.47,"evict":0.421,"player_chunk":0.014,"prune":0.046,"publish":18.17,"queue_pages":0.103,"spawn":0.002,"wrap":0.01}
STREAMING_STEP_TIMING total=7.54ms {"drain_packets":0.008,"drain_pages":0.005,"enqueue":0.486,"evict":0.493,"player_chunk":0.018,"prune":0.047,"publish":6.344,"queue_pages":0.121,"spawn":0.002,"wrap":0.007}
STREAMING_STEP_TIMING total=19.14ms {"drain_packets":0.006,"drain_pages":0.004,"enqueue":0.466,"evict":0.435,"player_chunk":0.018,"prune":0.044,"publish":18.043,"queue_pages":0.106,"spawn":0.002,"wrap":0.014}
STREAMING_STEP_TIMING total=14.63ms {"drain_packets":0.008,"drain_pages":0.005,"enqueue":0.493,"evict":0.43,"player_chunk":0.018,"prune":0.044,"publish":13.495,"queue_pages":0.123,"spawn":0.002,"wrap":0.01}
STREAMING_STEP_TIMING total=7.39ms {"drain_packets":0.007,"drain_pages":0.004,"enqueue":0.461,"evict":0.421,"player_chunk":0.014,"prune":0.039,"publish":6.331,"queue_pages":0.1,"spawn":0.003,"wrap":0.009}
STREAMING_STEP_TIMING total=19.71ms {"drain_packets":0.007,"drain_pages":0.005,"enqueue":0.464,"evict":0.431,"player_chunk":0.018,"prune":0.034,"publish":18.626,"queue_pages":0.111,"spawn":0.001,"wrap":0.012}
STREAMING_STEP_TIMING total=8.37ms {"drain_packets":0.007,"drain_pages":0.004,"enqueue":0.466,"evict":0.48,"player_chunk":0.015,"prune":0.034,"publish":7.249,"queue_pages":0.103,"spawn":0.002,"wrap":0.009}
STREAMING_STEP_TIMING total=19.99ms {"drain_packets":0.008,"drain_pages":0.005,"enqueue":0.475,"evict":0.443,"player_chunk":0.017,"prune":0.03,"publish":18.887,"queue_pages":0.119,"spawn":0.002,"wrap":0.006}
STREAMING_STEP_TIMING total=7.52ms {"drain_packets":0.006,"drain_pages":0.005,"enqueue":0.476,"evict":0.454,"player_chunk":0.015,"prune":0.032,"publish":6.415,"queue_pages":0.104,"spawn":0.002,"wrap":0.009}
STREAMING_STEP_TIMING total=20.31ms {"drain_packets":0.007,"drain_pages":0.005,"enqueue":0.483,"evict":0.448,"player_chunk":0.019,"prune":0.028,"publish":19.185,"queue_pages":0.122,"spawn":0.002,"wrap":0.01}
STREAMING_STEP_TIMING total=8.48ms {"drain_packets":0.006,"drain_pages":0.004,"enqueue":0.458,"evict":0.424,"player_chunk":0.015,"prune":0.027,"publish":7.429,"queue_pages":0.103,"spawn":0.002,"wrap":0.009}
STREAMING_STEP_TIMING total=21.82ms {"drain_packets":0.011,"drain_pages":0.007,"enqueue":0.727,"evict":0.445,"player_chunk":0.016,"prune":0.051,"publish":20.399,"queue_pages":0.15,"spawn":0.001,"wrap":0.009}
STREAMING_STEP_TIMING total=7.53ms {"drain_packets":0.006,"drain_pages":0.004,"enqueue":0.471,"evict":0.466,"player_chunk":0.014,"prune":0.024,"publish":6.427,"queue_pages":0.103,"spawn":0.002,"wrap":0.009}
STREAMING_STEP_TIMING total=20.36ms {"drain_packets":0.005,"drain_pages":0.003,"enqueue":0.478,"evict":0.462,"player_chunk":0.011,"prune":0.019,"publish":19.263,"queue_pages":0.11,"spawn":0.001,"wrap":0.005}
STREAMING_STEP_TIMING total=6.02ms {"drain_packets":0.007,"drain_pages":0.004,"enqueue":0.458,"evict":0.461,"player_chunk":0.015,"prune":0.019,"publish":4.945,"queue_pages":0.102,"spawn":0.002,"wrap":0.009}
STREAMING_STEP_TIMING total=19.22ms {"drain_packets":0.006,"drain_pages":0.004,"enqueue":0.474,"evict":0.474,"player_chunk":0.015,"prune":0.015,"publish":18.109,"queue_pages":0.113,"spawn":0.001,"wrap":0.008}
STREAMING_STEP_TIMING total=7.48ms {"drain_packets":0.006,"drain_pages":0.004,"enqueue":0.459,"evict":0.5,"player_chunk":0.015,"prune":0.016,"publish":6.361,"queue_pages":0.103,"spawn":0.002,"wrap":0.008}
STREAMING_STEP_TIMING total=21.07ms {"drain_packets":0.007,"drain_pages":0.004,"enqueue":0.487,"evict":0.48,"player_chunk":0.018,"prune":0.012,"publish":19.93,"queue_pages":0.122,"spawn":0.002,"wrap":0.01}
STREAMING_STEP_TIMING total=16.32ms {"drain_packets":0.006,"drain_pages":0.005,"enqueue":0.459,"evict":0.492,"player_chunk":0.02,"prune":0.012,"publish":15.215,"queue_pages":0.104,"spawn":0.002,"wrap":0.009}
STREAMING_STEP_TIMING total=7.91ms {"drain_packets":0.007,"drain_pages":0.005,"enqueue":0.468,"evict":0.542,"player_chunk":0.022,"prune":0.008,"publish":6.729,"queue_pages":0.114,"spawn":0.002,"wrap":0.007}
STREAMING_STEP_TIMING total=21.08ms {"drain_packets":0.007,"drain_pages":0.005,"enqueue":0.478,"evict":0.5,"player_chunk":0.016,"prune":0.003,"publish":19.951,"queue_pages":0.101,"spawn":0.004,"wrap":0.009}
ERROR: Parameter "t" is null.
   at: texture_2d_get (./servers/rendering/dummy/storage/texture_storage.h:106)
   GDScript backtrace (most recent call first):
       [0] _capture_viewport (res://tools/runtime_mountain_raster_walk_probe.gd:440)
       [1] _run (res://tools/runtime_mountain_raster_walk_probe.gd:96)
       [2] _wait_until_settled (res://tools/runtime_mountain_raster_walk_probe.gd:293)
STREAMING_STEP_TIMING total=16.72ms {"drain_packets":0.01,"drain_pages":0.005,"enqueue":0.633,"evict":0.334,"player_chunk":8.336,"prune":0.053,"publish":6.658,"queue_pages":0.672,"spawn":0.004,"wrap":0.012}
STREAMING_STEP_TIMING total=28.72ms {"drain_packets":1.944,"drain_pages":0.005,"enqueue":0.446,"evict":0.503,"player_chunk":0.013,"prune":0.034,"publish":24.399,"queue_pages":1.369,"spawn":0.002,"wrap":0.007}
STREAMING_STEP_TIMING total=12.98ms {"drain_packets":0.488,"drain_pages":0.012,"enqueue":0.684,"evict":1.775,"player_chunk":0.028,"prune":0.048,"publish":9.691,"queue_pages":0.234,"spawn":0.005,"wrap":0.014}
STREAMING_STEP_TIMING total=48.39ms {"drain_packets":0.56,"drain_pages":0.008,"enqueue":1.616,"evict":0.717,"player_chunk":0.027,"prune":0.047,"publish":44.996,"queue_pages":0.39,"spawn":0.004,"wrap":0.019}
STREAMING_STEP_TIMING total=12.60ms {"drain_packets":0.305,"drain_pages":0.015,"enqueue":0.689,"evict":0.704,"player_chunk":0.021,"prune":0.044,"publish":10.509,"queue_pages":0.295,"spawn":0.004,"wrap":0.014}
STREAMING_STEP_TIMING total=38.30ms {"drain_packets":0.522,"drain_pages":0.007,"enqueue":0.856,"evict":0.636,"player_chunk":0.02,"prune":0.048,"publish":36.025,"queue_pages":0.167,"spawn":0.003,"wrap":0.015}
STREAMING_STEP_TIMING total=19.62ms {"drain_packets":0.007,"drain_pages":0.006,"enqueue":0.697,"evict":0.727,"player_chunk":0.016,"prune":0.039,"publish":17.944,"queue_pages":0.167,"spawn":0.003,"wrap":0.008}
STREAMING_STEP_TIMING total=43.27ms {"drain_packets":0.279,"drain_pages":0.007,"enqueue":0.695,"evict":0.722,"player_chunk":0.637,"prune":0.035,"publish":40.498,"queue_pages":0.381,"spawn":0.003,"wrap":0.009}
STREAMING_STEP_TIMING total=22.90ms {"drain_packets":0.012,"drain_pages":0.261,"enqueue":2.984,"evict":0.691,"player_chunk":0.019,"prune":0.044,"publish":18.652,"queue_pages":0.226,"spawn":0.002,"wrap":0.008}
STREAMING_STEP_TIMING total=32.80ms {"drain_packets":0.009,"drain_pages":0.006,"enqueue":0.713,"evict":0.722,"player_chunk":0.019,"prune":0.029,"publish":31.122,"queue_pages":0.167,"spawn":0.003,"wrap":0.01}
STREAMING_STEP_TIMING total=11.17ms {"drain_packets":0.009,"drain_pages":0.159,"enqueue":0.712,"evict":0.656,"player_chunk":0.025,"prune":0.027,"publish":9.424,"queue_pages":0.14,"spawn":0.003,"wrap":0.013}
STREAMING_STEP_TIMING total=26.40ms {"drain_packets":0.008,"drain_pages":0.006,"enqueue":0.581,"evict":0.56,"player_chunk":0.017,"prune":0.028,"publish":25.051,"queue_pages":0.138,"spawn":0.002,"wrap":0.01}
STREAMING_STEP_TIMING total=8.62ms {"drain_packets":0.009,"drain_pages":0.15,"enqueue":0.587,"evict":0.584,"player_chunk":0.022,"prune":0.019,"publish":7.096,"queue_pages":0.133,"spawn":0.002,"wrap":0.011}
STREAMING_STEP_TIMING total=23.27ms {"drain_packets":0.008,"drain_pages":0.005,"enqueue":0.593,"evict":0.588,"player_chunk":0.016,"prune":0.013,"publish":21.894,"queue_pages":0.136,"spawn":0.003,"wrap":0.009}
STREAMING_STEP_TIMING total=8.81ms {"drain_packets":0.009,"drain_pages":0.007,"enqueue":0.591,"evict":0.583,"player_chunk":0.02,"prune":0.013,"publish":7.437,"queue_pages":0.134,"spawn":0.003,"wrap":0.007}
[FrameBudget] streaming=11.3ms topology=0.0ms visual=0.0ms spawn=0.0ms total=11.3ms/6.0ms world.streaming_v0=11.3ms(60)
STREAMING_STEP_TIMING total=26.00ms {"drain_packets":0.009,"drain_pages":0.005,"enqueue":0.58,"evict":0.505,"player_chunk":0.016,"prune":0.009,"publish":24.718,"queue_pages":0.14,"spawn":0.002,"wrap":0.01}
STREAMING_STEP_TIMING total=9.60ms {"drain_packets":0.007,"drain_pages":0.005,"enqueue":0.476,"evict":0.502,"player_chunk":0.019,"prune":0.008,"publish":8.448,"queue_pages":0.119,"spawn":0.003,"wrap":0.011}
STREAMING_STEP_TIMING total=21.99ms {"drain_packets":0.009,"drain_pages":0.005,"enqueue":0.487,"evict":0.611,"player_chunk":0.014,"prune":0.002,"publish":20.729,"queue_pages":0.117,"spawn":0.003,"wrap":0.008}
[FrameBudget] streaming=1.7ms topology=0.0ms visual=0.0ms spawn=0.0ms total=1.7ms/6.0ms world.streaming_v0=1.7ms(60)
[FrameBudget] streaming=1.4ms topology=0.0ms visual=0.0ms spawn=0.0ms total=1.4ms/6.0ms world.streaming_v0=1.4ms(60)
STREAMING_STEP_TIMING total=15.08ms {"drain_packets":0.006,"drain_pages":0.006,"enqueue":0.546,"evict":0.322,"player_chunk":7.69,"prune":0.037,"publish":6.336,"queue_pages":0.129,"spawn":0.001,"wrap":0.007}
STREAMING_STEP_TIMING total=23.62ms {"drain_packets":1.852,"drain_pages":0.005,"enqueue":0.452,"evict":0.381,"player_chunk":0.013,"prune":0.037,"publish":20.755,"queue_pages":0.112,"spawn":0.002,"wrap":0.007}
STREAMING_STEP_TIMING total=7.62ms {"drain_packets":0.185,"drain_pages":0.005,"enqueue":0.501,"evict":0.406,"player_chunk":0.015,"prune":0.035,"publish":6.342,"queue_pages":0.118,"spawn":0.003,"wrap":0.009}
STREAMING_STEP_TIMING total=21.96ms {"drain_packets":0.182,"drain_pages":0.004,"enqueue":0.49,"evict":0.413,"player_chunk":0.013,"prune":0.031,"publish":20.7,"queue_pages":0.116,"spawn":0.002,"wrap":0.006}
STREAMING_STEP_TIMING total=7.69ms {"drain_packets":0.191,"drain_pages":0.005,"enqueue":0.51,"evict":0.473,"player_chunk":0.016,"prune":0.033,"publish":6.32,"queue_pages":0.124,"spawn":0.003,"wrap":0.009}
STREAMING_STEP_TIMING total=21.65ms {"drain_packets":0.181,"drain_pages":0.006,"enqueue":0.492,"evict":0.436,"player_chunk":0.014,"prune":0.028,"publish":20.362,"queue_pages":0.114,"spawn":0.002,"wrap":0.013}
STREAMING_STEP_TIMING total=7.59ms {"drain_packets":0.183,"drain_pages":0.005,"enqueue":0.485,"evict":0.524,"player_chunk":0.014,"prune":0.028,"publish":6.222,"queue_pages":0.119,"spawn":0.002,"wrap":0.007}
STREAMING_STEP_TIMING total=22.11ms {"drain_packets":0.189,"drain_pages":0.005,"enqueue":0.509,"evict":0.523,"player_chunk":0.015,"prune":0.025,"publish":20.705,"queue_pages":0.125,"spawn":0.002,"wrap":0.007}
STREAMING_STEP_TIMING total=7.89ms {"drain_packets":0.185,"drain_pages":0.006,"enqueue":0.485,"evict":0.591,"player_chunk":0.014,"prune":0.024,"publish":6.456,"queue_pages":0.119,"spawn":0.003,"wrap":0.008}
STREAMING_STEP_TIMING total=21.12ms {"drain_packets":0.183,"drain_pages":0.005,"enqueue":0.491,"evict":0.47,"player_chunk":0.014,"prune":0.02,"publish":19.798,"queue_pages":0.129,"spawn":0.002,"wrap":0.006}
STREAMING_STEP_TIMING total=7.70ms {"drain_packets":0.076,"drain_pages":0.006,"enqueue":0.474,"evict":0.526,"player_chunk":0.014,"prune":0.025,"publish":6.44,"queue_pages":0.122,"spawn":0.002,"wrap":0.009}
STREAMING_STEP_TIMING total=26.37ms {"drain_packets":0.008,"drain_pages":0.005,"enqueue":0.49,"evict":0.468,"player_chunk":0.02,"prune":0.017,"publish":25.228,"queue_pages":0.117,"spawn":0.003,"wrap":0.012}
STREAMING_STEP_TIMING total=7.59ms {"drain_packets":0.007,"drain_pages":0.005,"enqueue":0.468,"evict":0.508,"player_chunk":0.015,"prune":0.015,"publish":6.446,"queue_pages":0.116,"spawn":0.002,"wrap":0.009}
STREAMING_STEP_TIMING total=22.21ms {"drain_packets":0.008,"drain_pages":0.005,"enqueue":0.511,"evict":0.506,"player_chunk":0.019,"prune":0.014,"publish":21.013,"queue_pages":0.12,"spawn":0.002,"wrap":0.01}
STREAMING_STEP_TIMING total=7.64ms {"drain_packets":0.007,"drain_pages":0.006,"enqueue":0.468,"evict":0.519,"player_chunk":0.014,"prune":0.011,"publish":6.489,"queue_pages":0.117,"spawn":0.002,"wrap":0.008}
STREAMING_STEP_TIMING total=24.56ms {"drain_packets":0.009,"drain_pages":0.007,"enqueue":0.487,"evict":0.601,"player_chunk":0.02,"prune":0.009,"publish":23.295,"queue_pages":0.12,"spawn":0.003,"wrap":0.01}
STREAMING_STEP_TIMING total=10.38ms {"drain_packets":0.009,"drain_pages":0.005,"enqueue":0.58,"evict":0.591,"player_chunk":0.017,"prune":0.009,"publish":9.017,"queue_pages":0.137,"spawn":0.003,"wrap":0.009}
STREAMING_STEP_TIMING total=24.49ms {"drain_packets":0.008,"drain_pages":0.006,"enqueue":0.577,"evict":0.523,"player_chunk":0.021,"prune":0.003,"publish":23.189,"queue_pages":0.15,"spawn":0.002,"wrap":0.011}
[FrameBudget] streaming=4.7ms topology=0.0ms visual=0.0ms spawn=0.0ms total=4.7ms/6.0ms world.streaming_v0=4.7ms(60)
[FrameBudget] streaming=1.4ms topology=0.0ms visual=0.0ms spawn=0.0ms total=1.4ms/6.0ms world.streaming_v0=1.4ms(60)
[FrameBudget] streaming=1.4ms topology=0.0ms visual=0.0ms spawn=0.0ms total=1.4ms/6.0ms world.streaming_v0=1.4ms(60)
STREAMING_STEP_TIMING total=16.36ms {"drain_packets":0.396,"drain_pages":0.006,"enqueue":0.571,"evict":0.428,"player_chunk":7.64,"prune":0.056,"publish":7.127,"queue_pages":0.115,"spawn":0.005,"wrap":0.017}
STREAMING_STEP_TIMING total=27.43ms {"drain_packets":1.69,"drain_pages":0.006,"enqueue":0.564,"evict":0.43,"player_chunk":0.017,"prune":0.045,"publish":24.526,"queue_pages":0.133,"spawn":0.002,"wrap":0.011}
STREAMING_STEP_TIMING total=8.75ms {"drain_packets":0.208,"drain_pages":0.007,"enqueue":0.62,"evict":0.441,"player_chunk":0.017,"prune":0.042,"publish":7.271,"queue_pages":0.128,"spawn":0.004,"wrap":0.01}
STREAMING_STEP_TIMING total=23.24ms {"drain_packets":0.212,"drain_pages":0.006,"enqueue":0.587,"evict":0.421,"player_chunk":0.016,"prune":0.037,"publish":21.815,"queue_pages":0.138,"spawn":0.003,"wrap":0.006}
STREAMING_STEP_TIMING total=8.37ms {"drain_packets":0.19,"drain_pages":0.006,"enqueue":0.503,"evict":0.425,"player_chunk":0.014,"prune":0.034,"publish":7.063,"queue_pages":0.125,"spawn":0.002,"wrap":0.009}
STREAMING_STEP_TIMING total=22.95ms {"drain_packets":0.187,"drain_pages":0.005,"enqueue":0.5,"evict":0.732,"player_chunk":0.013,"prune":0.028,"publish":21.344,"queue_pages":0.125,"spawn":0.002,"wrap":0.007}
STREAMING_STEP_TIMING total=7.85ms {"drain_packets":0.229,"drain_pages":0.006,"enqueue":0.526,"evict":0.498,"player_chunk":0.017,"prune":0.03,"publish":6.407,"queue_pages":0.125,"spawn":0.003,"wrap":0.01}
STREAMING_STEP_TIMING total=22.03ms {"drain_packets":0.187,"drain_pages":0.006,"enqueue":0.494,"evict":0.5,"player_chunk":0.014,"prune":0.024,"publish":20.674,"queue_pages":0.123,"spawn":0.002,"wrap":0.008}
STREAMING_STEP_TIMING total=7.97ms {"drain_packets":0.268,"drain_pages":0.008,"enqueue":0.552,"evict":0.565,"player_chunk":0.019,"prune":0.04,"publish":6.364,"queue_pages":0.133,"spawn":0.002,"wrap":0.015}
STREAMING_STEP_TIMING total=22.23ms {"drain_packets":0.181,"drain_pages":0.005,"enqueue":0.492,"evict":0.459,"player_chunk":0.013,"prune":0.02,"publish":20.931,"queue_pages":0.118,"spawn":0.003,"wrap":0.006}
STREAMING_STEP_TIMING total=9.07ms {"drain_packets":0.138,"drain_pages":0.006,"enqueue":0.477,"evict":0.48,"player_chunk":0.015,"prune":0.02,"publish":7.801,"queue_pages":0.121,"spawn":0.002,"wrap":0.008}
STREAMING_STEP_TIMING total=22.97ms {"drain_packets":0.007,"drain_pages":0.005,"enqueue":0.476,"evict":0.482,"player_chunk":0.017,"prune":0.016,"publish":21.835,"queue_pages":0.118,"spawn":0.002,"wrap":0.009}
STREAMING_STEP_TIMING total=8.80ms {"drain_packets":0.008,"drain_pages":0.005,"enqueue":0.469,"evict":0.481,"player_chunk":0.015,"prune":0.016,"publish":7.672,"queue_pages":0.119,"spawn":0.002,"wrap":0.008}
STREAMING_STEP_TIMING total=21.45ms {"drain_packets":0.008,"drain_pages":0.004,"enqueue":0.483,"evict":0.48,"player_chunk":0.019,"prune":0.012,"publish":20.309,"queue_pages":0.12,"spawn":0.002,"wrap":0.01}
STREAMING_STEP_TIMING total=7.44ms {"drain_packets":0.006,"drain_pages":0.005,"enqueue":0.476,"evict":0.5,"player_chunk":0.015,"prune":0.012,"publish":6.294,"queue_pages":0.125,"spawn":0.001,"wrap":0.008}
STREAMING_STEP_TIMING total=21.65ms {"drain_packets":0.007,"drain_pages":0.005,"enqueue":0.479,"evict":0.509,"player_chunk":0.018,"prune":0.008,"publish":20.5,"queue_pages":0.117,"spawn":0.002,"wrap":0.006}
STREAMING_STEP_TIMING total=7.42ms {"drain_packets":0.007,"drain_pages":0.004,"enqueue":0.463,"evict":0.483,"player_chunk":0.014,"prune":0.008,"publish":6.306,"queue_pages":0.119,"spawn":0.002,"wrap":0.008}
STREAMING_STEP_TIMING total=22.14ms {"drain_packets":0.007,"drain_pages":0.006,"enqueue":0.485,"evict":0.496,"player_chunk":0.019,"prune":0.002,"publish":20.986,"queue_pages":0.124,"spawn":0.002,"wrap":0.011}
[FrameBudget] streaming=4.6ms topology=0.0ms visual=0.0ms spawn=0.0ms total=4.6ms/6.0ms world.streaming_v0=4.6ms(60)
[FrameBudget] streaming=1.4ms topology=0.0ms visual=0.0ms spawn=0.0ms total=1.4ms/6.0ms world.streaming_v0=1.4ms(60)
[FrameBudget] streaming=1.4ms topology=0.0ms visual=0.0ms spawn=0.0ms total=1.4ms/6.0ms world.streaming_v0=1.4ms(60)
ERROR: Parameter "t" is null.
   at: texture_2d_get (./servers/rendering/dummy/storage/texture_storage.h:106)
   GDScript backtrace (most recent call first):
       [0] _capture_viewport (res://tools/runtime_mountain_raster_walk_probe.gd:440)
       [1] _run (res://tools/runtime_mountain_raster_walk_probe.gd:96)
       [2] _wait_until_settled (res://tools/runtime_mountain_raster_walk_probe.gd:293)
[FrameBudget] streaming=1.4ms topology=0.0ms visual=0.0ms spawn=0.0ms total=1.4ms/6.0ms world.streaming_v0=1.4ms(60)
[FrameBudget] streaming=1.4ms topology=0.0ms visual=0.0ms spawn=0.0ms total=1.4ms/6.0ms world.streaming_v0=1.4ms(60)
STREAMING_STEP_TIMING total=25.24ms {"drain_packets":0.007,"drain_pages":0.005,"enqueue":0.588,"evict":0.338,"player_chunk":7.927,"prune":0.038,"publish":15.778,"queue_pages":0.543,"spawn":0.004,"wrap":0.01}
[FrameBudget] streaming=1.6ms topology=0.0ms visual=0.0ms spawn=0.0ms total=1.6ms/6.0ms world.streaming_v0=1.6ms(60)
STREAMING_STEP_TIMING total=11.20ms {"drain_packets":0.01,"drain_pages":0.234,"enqueue":0.76,"evict":0.546,"player_chunk":0.017,"prune":0.058,"publish":9.111,"queue_pages":0.45,"spawn":0.002,"wrap":0.01}
STREAMING_STEP_TIMING total=23.65ms {"drain_packets":0.008,"drain_pages":0.006,"enqueue":0.588,"evict":0.607,"player_chunk":0.02,"prune":0.038,"publish":22.186,"queue_pages":0.18,"spawn":0.002,"wrap":0.012}
STREAMING_STEP_TIMING total=19.87ms {"drain_packets":0.009,"drain_pages":0.162,"enqueue":0.594,"evict":0.547,"player_chunk":0.016,"prune":0.039,"publish":18.354,"queue_pages":0.134,"spawn":0.002,"wrap":0.01}
STREAMING_STEP_TIMING total=7.63ms {"drain_packets":0.009,"drain_pages":0.005,"enqueue":0.594,"evict":0.451,"player_chunk":0.021,"prune":0.033,"publish":6.363,"queue_pages":0.136,"spawn":0.002,"wrap":0.011}
STREAMING_STEP_TIMING total=22.64ms {"drain_packets":0.005,"drain_pages":0.003,"enqueue":0.473,"evict":0.481,"player_chunk":0.01,"prune":0.022,"publish":21.522,"queue_pages":0.116,"spawn":0.001,"wrap":0.006}
STREAMING_STEP_TIMING total=6.26ms {"drain_packets":0.008,"drain_pages":0.005,"enqueue":0.487,"evict":0.472,"player_chunk":0.02,"prune":0.023,"publish":5.099,"queue_pages":0.126,"spawn":0.002,"wrap":0.012}
STREAMING_STEP_TIMING total=21.68ms {"drain_packets":0.005,"drain_pages":0.004,"enqueue":0.481,"evict":0.478,"player_chunk":0.012,"prune":0.019,"publish":20.556,"queue_pages":0.112,"spawn":0.002,"wrap":0.006}
STREAMING_STEP_TIMING total=8.75ms {"drain_packets":0.009,"drain_pages":0.007,"enqueue":0.488,"evict":0.577,"player_chunk":0.018,"prune":0.02,"publish":7.467,"queue_pages":0.154,"spawn":0.002,"wrap":0.006}
STREAMING_STEP_TIMING total=27.10ms {"drain_packets":0.008,"drain_pages":0.006,"enqueue":0.593,"evict":0.575,"player_chunk":0.016,"prune":0.018,"publish":25.733,"queue_pages":0.137,"spawn":0.002,"wrap":0.009}
STREAMING_STEP_TIMING total=8.59ms {"drain_packets":0.009,"drain_pages":0.005,"enqueue":0.581,"evict":0.572,"player_chunk":0.022,"prune":0.018,"publish":7.226,"queue_pages":0.138,"spawn":0.002,"wrap":0.01}
STREAMING_STEP_TIMING total=23.81ms {"drain_packets":0.008,"drain_pages":0.006,"enqueue":0.589,"evict":0.49,"player_chunk":0.015,"prune":0.014,"publish":22.537,"queue_pages":0.14,"spawn":0.002,"wrap":0.009}
STREAMING_STEP_TIMING total=7.51ms {"drain_packets":0.008,"drain_pages":0.005,"enqueue":0.482,"evict":0.49,"player_chunk":0.019,"prune":0.011,"publish":6.357,"queue_pages":0.122,"spawn":0.002,"wrap":0.01}
STREAMING_STEP_TIMING total=23.16ms {"drain_packets":0.006,"drain_pages":0.005,"enqueue":0.483,"evict":0.6,"player_chunk":0.014,"prune":0.009,"publish":21.907,"queue_pages":0.125,"spawn":0.002,"wrap":0.008}
STREAMING_STEP_TIMING total=7.65ms {"drain_packets":0.008,"drain_pages":0.005,"enqueue":0.47,"evict":0.482,"player_chunk":0.019,"prune":0.008,"publish":6.527,"queue_pages":0.121,"spawn":0.002,"wrap":0.007}
STREAMING_STEP_TIMING total=27.80ms {"drain_packets":0.007,"drain_pages":0.005,"enqueue":0.483,"evict":0.585,"player_chunk":0.013,"prune":0.002,"publish":26.569,"queue_pages":0.123,"spawn":0.003,"wrap":0.008}
[FrameBudget] streaming=2.5ms topology=0.0ms visual=0.0ms spawn=0.0ms total=2.5ms/6.0ms world.streaming_v0=2.5ms(60)
STREAMING_STEP_TIMING total=15.93ms {"drain_packets":0.008,"drain_pages":0.006,"enqueue":0.495,"evict":0.325,"player_chunk":7.886,"prune":0.041,"publish":6.395,"queue_pages":0.763,"spawn":0.002,"wrap":0.011}
STREAMING_STEP_TIMING total=30.19ms {"drain_packets":0.238,"drain_pages":0.006,"enqueue":0.504,"evict":1.022,"player_chunk":0.015,"prune":0.042,"publish":27.788,"queue_pages":0.565,"spawn":0.002,"wrap":0.008}
STREAMING_STEP_TIMING total=13.35ms {"drain_packets":0.279,"drain_pages":0.009,"enqueue":0.785,"evict":0.593,"player_chunk":0.019,"prune":0.057,"publish":11.413,"queue_pages":0.178,"spawn":0.003,"wrap":0.014}
STREAMING_STEP_TIMING total=31.62ms {"drain_packets":0.252,"drain_pages":0.013,"enqueue":0.677,"evict":0.522,"player_chunk":0.017,"prune":0.047,"publish":29.913,"queue_pages":0.168,"spawn":0.003,"wrap":0.009}
STREAMING_STEP_TIMING total=9.90ms {"drain_packets":0.247,"drain_pages":0.006,"enqueue":0.68,"evict":0.498,"player_chunk":0.018,"prune":0.044,"publish":8.233,"queue_pages":0.163,"spawn":0.003,"wrap":0.011}
STREAMING_STEP_TIMING total=27.18ms {"drain_packets":0.21,"drain_pages":0.145,"enqueue":0.62,"evict":0.526,"player_chunk":0.016,"prune":0.033,"publish":25.472,"queue_pages":0.144,"spawn":0.002,"wrap":0.009}
STREAMING_STEP_TIMING total=11.65ms {"drain_packets":0.277,"drain_pages":0.007,"enqueue":0.683,"evict":0.878,"player_chunk":0.018,"prune":0.046,"publish":9.582,"queue_pages":0.14,"spawn":0.003,"wrap":0.01}
STREAMING_STEP_TIMING total=35.59ms {"drain_packets":0.258,"drain_pages":0.007,"enqueue":0.652,"evict":1.102,"player_chunk":0.018,"prune":0.035,"publish":33.344,"queue_pages":0.161,"spawn":0.003,"wrap":0.007}
STREAMING_STEP_TIMING total=13.61ms {"drain_packets":0.242,"drain_pages":0.006,"enqueue":1.129,"evict":0.739,"player_chunk":0.016,"prune":0.033,"publish":11.274,"queue_pages":0.154,"spawn":0.002,"wrap":0.01}
STREAMING_STEP_TIMING total=33.63ms {"drain_packets":0.261,"drain_pages":0.007,"enqueue":0.681,"evict":0.677,"player_chunk":0.017,"prune":0.047,"publish":31.689,"queue_pages":0.235,"spawn":0.002,"wrap":0.009}
STREAMING_STEP_TIMING total=11.34ms {"drain_packets":0.225,"drain_pages":0.007,"enqueue":0.727,"evict":0.734,"player_chunk":0.019,"prune":0.027,"publish":9.436,"queue_pages":0.151,"spawn":0.003,"wrap":0.012}
STREAMING_STEP_TIMING total=35.72ms {"drain_packets":0.01,"drain_pages":0.006,"enqueue":0.771,"evict":0.735,"player_chunk":0.023,"prune":0.025,"publish":33.963,"queue_pages":0.168,"spawn":0.002,"wrap":0.009}
STREAMING_STEP_TIMING total=9.64ms {"drain_packets":0.009,"drain_pages":0.006,"enqueue":0.717,"evict":0.581,"player_chunk":0.019,"prune":0.023,"publish":8.094,"queue_pages":0.178,"spawn":0.002,"wrap":0.01}
STREAMING_STEP_TIMING total=27.31ms {"drain_packets":0.01,"drain_pages":0.008,"enqueue":0.611,"evict":0.566,"player_chunk":0.023,"prune":0.028,"publish":25.859,"queue_pages":0.191,"spawn":0.002,"wrap":0.012}
STREAMING_STEP_TIMING total=9.14ms {"drain_packets":0.008,"drain_pages":0.151,"enqueue":0.585,"evict":0.591,"player_chunk":0.016,"prune":0.013,"publish":7.631,"queue_pages":0.134,"spawn":0.002,"wrap":0.009}
STREAMING_STEP_TIMING total=25.57ms {"drain_packets":0.009,"drain_pages":0.006,"enqueue":0.58,"evict":0.593,"player_chunk":0.02,"prune":0.009,"publish":24.179,"queue_pages":0.162,"spawn":0.003,"wrap":0.007}
STREAMING_STEP_TIMING total=7.53ms {"drain_packets":0.008,"drain_pages":0.005,"enqueue":0.585,"evict":0.616,"player_chunk":0.015,"prune":0.01,"publish":6.14,"queue_pages":0.137,"spawn":0.003,"wrap":0.009}
STREAMING_STEP_TIMING total=25.54ms {"drain_packets":0.009,"drain_pages":0.006,"enqueue":0.591,"evict":0.607,"player_chunk":0.022,"prune":0.002,"publish":24.152,"queue_pages":0.137,"spawn":0.002,"wrap":0.011}
ERROR: Parameter "t" is null.
   at: texture_2d_get (./servers/rendering/dummy/storage/texture_storage.h:106)
   GDScript backtrace (most recent call first):
       [0] _capture_viewport (res://tools/runtime_mountain_raster_walk_probe.gd:440)
       [1] _run (res://tools/runtime_mountain_raster_walk_probe.gd:96)
       [2] _wait_until_settled (res://tools/runtime_mountain_raster_walk_probe.gd:293)
[FrameBudget] streaming=5.7ms topology=0.0ms visual=0.0ms spawn=0.0ms total=5.7ms/6.0ms world.streaming_v0=5.7ms(60)
[FrameBudget] streaming=1.4ms topology=0.0ms visual=0.0ms spawn=0.0ms total=1.4ms/6.0ms world.streaming_v0=1.4ms(60)
STREAMING_STEP_TIMING total=27.39ms {"drain_packets":0.007,"drain_pages":0.006,"enqueue":0.591,"evict":0.349,"player_chunk":8.014,"prune":0.052,"publish":17.557,"queue_pages":0.802,"spawn":0.003,"wrap":0.009}
STREAMING_STEP_TIMING total=30.89ms {"drain_packets":2.16,"drain_pages":0.006,"enqueue":0.563,"evict":0.393,"player_chunk":0.015,"prune":0.043,"publish":24.482,"queue_pages":3.215,"spawn":0.002,"wrap":0.008}
STREAMING_STEP_TIMING total=7.06ms {"drain_packets":0.021,"drain_pages":0.009,"enqueue":5.924,"evict":0.706,"player_chunk":0.022,"prune":0.057,"publish":0.078,"queue_pages":0.216,"spawn":0.005,"wrap":0.014}
[FrameBudget] streaming=2.0ms topology=0.0ms visual=0.0ms spawn=0.0ms total=2.0ms/6.0ms world.streaming_v0=2.0ms(60)
STREAMING_STEP_TIMING total=40.69ms {"drain_packets":0.011,"drain_pages":0.007,"enqueue":39.724,"evict":0.631,"player_chunk":0.013,"prune":0.051,"publish":0.065,"queue_pages":0.182,"spawn":0.002,"wrap":0.006}
STREAMING_STEP_TIMING total=18.12ms {"drain_packets":0.012,"drain_pages":0.007,"enqueue":0.806,"evict":16.925,"player_chunk":0.033,"prune":0.052,"publish":0.067,"queue_pages":0.186,"spawn":0.005,"wrap":0.023}
STREAMING_STEP_TIMING total=7.52ms {"drain_packets":0.005,"drain_pages":0.237,"enqueue":0.569,"evict":0.554,"player_chunk":0.013,"prune":0.036,"publish":5.924,"queue_pages":0.169,"spawn":0.001,"wrap":0.008}
STREAMING_STEP_TIMING total=25.77ms {"drain_packets":0.007,"drain_pages":0.005,"enqueue":0.583,"evict":0.516,"player_chunk":0.015,"prune":0.034,"publish":24.469,"queue_pages":0.129,"spawn":0.002,"wrap":0.009}
STREAMING_STEP_TIMING total=7.45ms {"drain_packets":0.009,"drain_pages":0.005,"enqueue":0.483,"evict":0.454,"player_chunk":0.022,"prune":0.029,"publish":6.309,"queue_pages":0.123,"spawn":0.003,"wrap":0.013}
STREAMING_STEP_TIMING total=23.00ms {"drain_packets":0.005,"drain_pages":0.004,"enqueue":0.469,"evict":0.459,"player_chunk":0.014,"prune":0.023,"publish":21.91,"queue_pages":0.109,"spawn":0.002,"wrap":0.007}
STREAMING_STEP_TIMING total=7.44ms {"drain_packets":0.007,"drain_pages":0.005,"enqueue":0.47,"evict":0.475,"player_chunk":0.02,"prune":0.023,"publish":6.304,"queue_pages":0.12,"spawn":0.002,"wrap":0.01}
STREAMING_STEP_TIMING total=24.14ms {"drain_packets":0.008,"drain_pages":0.004,"enqueue":0.471,"evict":0.469,"player_chunk":0.015,"prune":0.019,"publish":23.022,"queue_pages":0.122,"spawn":0.002,"wrap":0.008}
STREAMING_STEP_TIMING total=6.90ms {"drain_packets":0.008,"drain_pages":0.005,"enqueue":0.467,"evict":0.461,"player_chunk":0.018,"prune":0.019,"publish":5.777,"queue_pages":0.129,"spawn":0.002,"wrap":0.011}
STREAMING_STEP_TIMING total=23.80ms {"drain_packets":0.007,"drain_pages":0.005,"enqueue":0.477,"evict":0.461,"player_chunk":0.014,"prune":0.016,"publish":22.692,"queue_pages":0.119,"spawn":0.002,"wrap":0.008}
STREAMING_STEP_TIMING total=7.45ms {"drain_packets":0.007,"drain_pages":0.005,"enqueue":0.478,"evict":0.482,"player_chunk":0.018,"prune":0.016,"publish":6.306,"queue_pages":0.124,"spawn":0.002,"wrap":0.007}
STREAMING_STEP_TIMING total=23.21ms {"drain_packets":0.008,"drain_pages":0.005,"enqueue":0.479,"evict":0.473,"player_chunk":0.014,"prune":0.011,"publish":22.086,"queue_pages":0.124,"spawn":0.002,"wrap":0.008}
STREAMING_STEP_TIMING total=6.81ms {"drain_packets":0.008,"drain_pages":0.005,"enqueue":0.473,"evict":0.494,"player_chunk":0.02,"prune":0.011,"publish":5.663,"queue_pages":0.121,"spawn":0.001,"wrap":0.01}
STREAMING_STEP_TIMING total=24.28ms {"drain_packets":0.007,"drain_pages":0.005,"enqueue":0.47,"evict":0.488,"player_chunk":0.014,"prune":0.008,"publish":23.15,"queue_pages":0.124,"spawn":0.002,"wrap":0.008}
STREAMING_STEP_TIMING total=22.27ms {"drain_packets":0.007,"drain_pages":0.005,"enqueue":0.468,"evict":0.584,"player_chunk":0.019,"prune":0.008,"publish":21.05,"queue_pages":0.119,"spawn":0.002,"wrap":0.01}
[FrameBudget] streaming=3.3ms topology=0.0ms visual=0.0ms spawn=0.0ms total=3.3ms/6.0ms world.streaming_v0=3.3ms(60)
STREAMING_STEP_TIMING total=19.18ms {"drain_packets":0.007,"drain_pages":0.005,"enqueue":0.516,"evict":0.381,"player_chunk":7.767,"prune":0.049,"publish":9.867,"queue_pages":0.572,"spawn":0.003,"wrap":0.01}
STREAMING_STEP_TIMING total=27.11ms {"drain_packets":0.699,"drain_pages":0.005,"enqueue":0.819,"evict":0.536,"player_chunk":0.018,"prune":0.058,"publish":24.829,"queue_pages":0.131,"spawn":0.002,"wrap":0.01}
STREAMING_STEP_TIMING total=10.65ms {"drain_packets":0.194,"drain_pages":0.006,"enqueue":0.713,"evict":0.486,"player_chunk":0.02,"prune":0.038,"publish":9.036,"queue_pages":0.134,"spawn":0.004,"wrap":0.012}
STREAMING_STEP_TIMING total=36.75ms {"drain_packets":0.381,"drain_pages":0.007,"enqueue":0.677,"evict":0.616,"player_chunk":0.018,"prune":0.041,"publish":34.833,"queue_pages":0.159,"spawn":0.002,"wrap":0.009}
STREAMING_STEP_TIMING total=11.77ms {"drain_packets":0.264,"drain_pages":0.007,"enqueue":0.738,"evict":0.559,"player_chunk":0.018,"prune":0.048,"publish":9.96,"queue_pages":0.162,"spawn":0.003,"wrap":0.012}
STREAMING_STEP_TIMING total=32.48ms {"drain_packets":0.237,"drain_pages":0.007,"enqueue":0.686,"evict":0.536,"player_chunk":0.016,"prune":0.042,"publish":30.765,"queue_pages":0.173,"spawn":0.002,"wrap":0.008}
STREAMING_STEP_TIMING total=9.50ms {"drain_packets":0.268,"drain_pages":0.213,"enqueue":0.601,"evict":0.587,"player_chunk":0.016,"prune":0.034,"publish":7.582,"queue_pages":0.186,"spawn":0.002,"wrap":0.008}
STREAMING_STEP_TIMING total=25.86ms {"drain_packets":0.207,"drain_pages":0.006,"enqueue":0.596,"evict":0.578,"player_chunk":0.016,"prune":0.028,"publish":24.285,"queue_pages":0.132,"spawn":0.002,"wrap":0.007}
STREAMING_STEP_TIMING total=7.37ms {"drain_packets":0.186,"drain_pages":0.005,"enqueue":0.495,"evict":0.512,"player_chunk":0.014,"prune":0.028,"publish":5.988,"queue_pages":0.125,"spawn":0.002,"wrap":0.009}
STREAMING_STEP_TIMING total=24.67ms {"drain_packets":0.172,"drain_pages":0.005,"enqueue":0.478,"evict":0.595,"player_chunk":0.012,"prune":0.019,"publish":23.264,"queue_pages":0.113,"spawn":0.001,"wrap":0.007}
STREAMING_STEP_TIMING total=9.51ms {"drain_packets":0.117,"drain_pages":0.008,"enqueue":0.869,"evict":0.604,"player_chunk":0.021,"prune":0.035,"publish":7.662,"queue_pages":0.173,"spawn":0.004,"wrap":0.015}
STREAMING_STEP_TIMING total=26.82ms {"drain_packets":0.006,"drain_pages":0.013,"enqueue":0.574,"evict":0.589,"player_chunk":0.017,"prune":0.018,"publish":25.458,"queue_pages":0.132,"spawn":0.002,"wrap":0.009}
STREAMING_STEP_TIMING total=20.45ms {"drain_packets":0.007,"drain_pages":0.006,"enqueue":0.477,"evict":0.49,"player_chunk":0.015,"prune":0.016,"publish":19.301,"queue_pages":0.12,"spawn":0.002,"wrap":0.014}
STREAMING_STEP_TIMING total=8.21ms {"drain_packets":0.008,"drain_pages":0.005,"enqueue":0.483,"evict":0.486,"player_chunk":0.018,"prune":0.011,"publish":7.063,"queue_pages":0.122,"spawn":0.002,"wrap":0.007}
STREAMING_STEP_TIMING total=26.75ms {"drain_packets":0.006,"drain_pages":0.005,"enqueue":0.482,"evict":0.49,"player_chunk":0.015,"prune":0.008,"publish":25.61,"queue_pages":0.126,"spawn":0.002,"wrap":0.008}
STREAMING_STEP_TIMING total=22.60ms {"drain_packets":0.01,"drain_pages":0.007,"enqueue":0.716,"evict":0.497,"player_chunk":0.021,"prune":0.014,"publish":21.149,"queue_pages":0.171,"spawn":0.002,"wrap":0.011}
[FrameBudget] streaming=4.7ms topology=0.0ms visual=0.0ms spawn=0.0ms total=4.7ms/6.0ms world.streaming_v0=4.7ms(60)
ERROR: Parameter "t" is null.
   at: texture_2d_get (./servers/rendering/dummy/storage/texture_storage.h:106)
   GDScript backtrace (most recent call first):
       [0] _capture_viewport (res://tools/runtime_mountain_raster_walk_probe.gd:440)
       [1] _run (res://tools/runtime_mountain_raster_walk_probe.gd:96)
       [2] _wait_until_settled (res://tools/runtime_mountain_raster_walk_probe.gd:293)
STREAMING_STEP_TIMING total=15.83ms {"drain_packets":0.009,"drain_pages":0.005,"enqueue":0.504,"evict":0.342,"player_chunk":7.907,"prune":0.039,"publish":6.451,"queue_pages":0.558,"spawn":0.002,"wrap":0.009}
STREAMING_STEP_TIMING total=27.30ms {"drain_packets":0.005,"drain_pages":0.004,"enqueue":0.488,"evict":0.368,"player_chunk":0.013,"prune":0.038,"publish":26.257,"queue_pages":0.12,"spawn":0.002,"wrap":0.007}
STREAMING_STEP_TIMING total=11.32ms {"drain_packets":0.19,"drain_pages":0.006,"enqueue":0.491,"evict":0.641,"player_chunk":0.014,"prune":0.036,"publish":9.799,"queue_pages":0.128,"spawn":0.002,"wrap":0.007}
STREAMING_STEP_TIMING total=38.12ms {"drain_packets":0.276,"drain_pages":0.009,"enqueue":0.745,"evict":0.577,"player_chunk":0.029,"prune":0.051,"publish":36.239,"queue_pages":0.176,"spawn":0.003,"wrap":0.013}
STREAMING_STEP_TIMING total=7.73ms {"drain_packets":0.187,"drain_pages":0.006,"enqueue":0.516,"evict":0.467,"player_chunk":0.017,"prune":0.033,"publish":6.355,"queue_pages":0.122,"spawn":0.006,"wrap":0.015}
STREAMING_STEP_TIMING total=40.53ms {"drain_packets":0.285,"drain_pages":0.01,"enqueue":1.0,"evict":0.591,"player_chunk":0.025,"prune":0.043,"publish":38.367,"queue_pages":0.189,"spawn":0.004,"wrap":0.012}
STREAMING_STEP_TIMING total=9.25ms {"drain_packets":0.222,"drain_pages":0.148,"enqueue":0.596,"evict":0.659,"player_chunk":0.015,"prune":0.034,"publish":7.424,"queue_pages":0.138,"spawn":0.002,"wrap":0.009}
STREAMING_STEP_TIMING total=32.25ms {"drain_packets":0.216,"drain_pages":0.006,"enqueue":0.643,"evict":0.758,"player_chunk":0.02,"prune":0.03,"publish":30.355,"queue_pages":0.209,"spawn":0.003,"wrap":0.011}
STREAMING_STEP_TIMING total=8.75ms {"drain_packets":0.086,"drain_pages":0.006,"enqueue":0.605,"evict":0.657,"player_chunk":0.016,"prune":0.028,"publish":7.209,"queue_pages":0.132,"spawn":0.003,"wrap":0.01}
STREAMING_STEP_TIMING total=26.58ms {"drain_packets":0.358,"drain_pages":0.005,"enqueue":0.595,"evict":0.482,"player_chunk":0.015,"prune":0.031,"publish":24.949,"queue_pages":0.131,"spawn":0.002,"wrap":0.007}
STREAMING_STEP_TIMING total=7.78ms {"drain_packets":0.236,"drain_pages":0.006,"enqueue":0.479,"evict":0.496,"player_chunk":0.015,"prune":0.021,"publish":6.385,"queue_pages":0.124,"spawn":0.003,"wrap":0.008}
STREAMING_STEP_TIMING total=25.49ms {"drain_packets":0.008,"drain_pages":0.005,"enqueue":0.573,"evict":0.518,"player_chunk":0.017,"prune":0.019,"publish":24.223,"queue_pages":0.117,"spawn":0.002,"wrap":0.01}
STREAMING_STEP_TIMING total=7.47ms {"drain_packets":0.007,"drain_pages":0.005,"enqueue":0.466,"evict":0.475,"player_chunk":0.014,"prune":0.016,"publish":6.355,"queue_pages":0.12,"spawn":0.002,"wrap":0.009}
STREAMING_STEP_TIMING total=25.18ms {"drain_packets":0.008,"drain_pages":0.004,"enqueue":0.478,"evict":0.486,"player_chunk":0.016,"prune":0.011,"publish":24.049,"queue_pages":0.119,"spawn":0.002,"wrap":0.006}
STREAMING_STEP_TIMING total=7.44ms {"drain_packets":0.006,"drain_pages":0.005,"enqueue":0.48,"evict":0.49,"player_chunk":0.014,"prune":0.012,"publish":6.296,"queue_pages":0.121,"spawn":0.003,"wrap":0.008}
STREAMING_STEP_TIMING total=25.28ms {"drain_packets":0.007,"drain_pages":0.005,"enqueue":0.476,"evict":0.491,"player_chunk":0.016,"prune":0.008,"publish":24.143,"queue_pages":0.121,"spawn":0.002,"wrap":0.009}
STREAMING_STEP_TIMING total=6.74ms {"drain_packets":0.007,"drain_pages":0.006,"enqueue":0.467,"evict":0.519,"player_chunk":0.015,"prune":0.008,"publish":5.588,"queue_pages":0.12,"spawn":0.003,"wrap":0.007}
STREAMING_STEP_TIMING total=24.74ms {"drain_packets":0.005,"drain_pages":0.003,"enqueue":0.468,"evict":0.501,"player_chunk":0.012,"prune":0.002,"publish":23.634,"queue_pages":0.109,"spawn":0.002,"wrap":0.006}
[FrameBudget] streaming=5.7ms topology=0.0ms visual=0.0ms spawn=0.0ms total=5.7ms/6.0ms world.streaming_v0=5.7ms(60)
[FrameBudget] streaming=1.4ms topology=0.0ms visual=0.0ms spawn=0.0ms total=1.4ms/6.0ms world.streaming_v0=1.4ms(60)
STREAMING_STEP_TIMING total=15.52ms {"drain_packets":0.007,"drain_pages":0.005,"enqueue":0.475,"evict":0.56,"player_chunk":7.839,"prune":0.037,"publish":6.468,"queue_pages":0.118,"spawn":0.002,"wrap":0.006}
STREAMING_STEP_TIMING total=26.24ms {"drain_packets":0.004,"drain_pages":0.005,"enqueue":0.51,"evict":0.6,"player_chunk":0.013,"prune":0.036,"publish":24.937,"queue_pages":0.122,"spawn":0.001,"wrap":0.008}
STREAMING_STEP_TIMING total=7.63ms {"drain_packets":0.073,"drain_pages":0.006,"enqueue":0.481,"evict":0.61,"player_chunk":0.014,"prune":0.035,"publish":6.274,"queue_pages":0.124,"spawn":0.002,"wrap":0.008}
STREAMING_STEP_TIMING total=24.93ms {"drain_packets":0.089,"drain_pages":0.009,"enqueue":0.511,"evict":0.554,"player_chunk":0.015,"prune":0.033,"publish":23.585,"queue_pages":0.124,"spawn":0.002,"wrap":0.008}
STREAMING_STEP_TIMING total=7.85ms {"drain_packets":0.082,"drain_pages":0.005,"enqueue":0.493,"evict":0.578,"player_chunk":0.015,"prune":0.033,"publish":6.491,"queue_pages":0.135,"spawn":0.004,"wrap":0.01}
STREAMING_STEP_TIMING total=25.14ms {"drain_packets":0.243,"drain_pages":0.005,"enqueue":0.496,"evict":0.701,"player_chunk":0.015,"prune":0.028,"publish":23.522,"queue_pages":0.119,"spawn":0.002,"wrap":0.006}
STREAMING_STEP_TIMING total=9.28ms {"drain_packets":0.268,"drain_pages":0.006,"enqueue":0.602,"evict":0.684,"player_chunk":0.015,"prune":0.032,"publish":7.523,"queue_pages":0.136,"spawn":0.003,"wrap":0.008}
STREAMING_STEP_TIMING total=25.47ms {"drain_packets":0.249,"drain_pages":0.006,"enqueue":0.597,"evict":0.599,"player_chunk":0.016,"prune":0.027,"publish":23.832,"queue_pages":0.136,"spawn":0.002,"wrap":0.008}
STREAMING_STEP_TIMING total=7.86ms {"drain_packets":0.192,"drain_pages":0.006,"enqueue":0.567,"evict":0.565,"player_chunk":0.015,"prune":0.025,"publish":6.356,"queue_pages":0.123,"spawn":0.004,"wrap":0.01}
STREAMING_STEP_TIMING total=23.20ms {"drain_packets":0.091,"drain_pages":0.005,"enqueue":0.483,"evict":0.463,"player_chunk":0.013,"prune":0.019,"publish":22.007,"queue_pages":0.112,"spawn":0.002,"wrap":0.007}
STREAMING_STEP_TIMING total=8.06ms {"drain_packets":0.254,"drain_pages":0.007,"enqueue":0.557,"evict":0.479,"player_chunk":0.015,"prune":0.022,"publish":6.587,"queue_pages":0.127,"spawn":0.002,"wrap":0.007}
STREAMING_STEP_TIMING total=23.28ms {"drain_packets":0.006,"drain_pages":0.005,"enqueue":0.472,"evict":0.478,"player_chunk":0.017,"prune":0.015,"publish":22.158,"queue_pages":0.12,"spawn":0.003,"wrap":0.006}
STREAMING_STEP_TIMING total=9.00ms {"drain_packets":0.007,"drain_pages":0.005,"enqueue":0.464,"evict":0.483,"player_chunk":0.014,"prune":0.015,"publish":7.88,"queue_pages":0.119,"spawn":0.003,"wrap":0.007}
STREAMING_STEP_TIMING total=24.93ms {"drain_packets":0.009,"drain_pages":0.005,"enqueue":0.484,"evict":0.477,"player_chunk":0.019,"prune":0.011,"publish":23.783,"queue_pages":0.123,"spawn":0.002,"wrap":0.011}
STREAMING_STEP_TIMING total=7.32ms {"drain_packets":0.008,"drain_pages":0.005,"enqueue":0.479,"evict":0.47,"player_chunk":0.016,"prune":0.013,"publish":6.169,"queue_pages":0.142,"spawn":0.003,"wrap":0.009}
STREAMING_STEP_TIMING total=25.21ms {"drain_packets":0.005,"drain_pages":0.003,"enqueue":0.462,"evict":0.59,"player_chunk":0.014,"prune":0.007,"publish":24.014,"queue_pages":0.107,"spawn":0.002,"wrap":0.007}
STREAMING_STEP_TIMING total=8.70ms {"drain_packets":0.016,"drain_pages":0.009,"enqueue":0.667,"evict":0.583,"player_chunk":0.016,"prune":0.015,"publish":7.242,"queue_pages":0.139,"spawn":0.003,"wrap":0.01}
STREAMING_STEP_TIMING total=29.03ms {"drain_packets":0.006,"drain_pages":0.005,"enqueue":0.572,"evict":0.8,"player_chunk":0.016,"prune":0.002,"publish":27.494,"queue_pages":0.126,"spawn":0.001,"wrap":0.007}
[FrameBudget] streaming=5.0ms topology=0.0ms visual=0.0ms spawn=0.0ms total=5.0ms/6.0ms world.streaming_v0=5.0ms(60)
STREAMING_STEP_TIMING total=15.13ms {"drain_packets":0.008,"drain_pages":0.005,"enqueue":0.481,"evict":0.336,"player_chunk":7.713,"prune":0.038,"publish":6.405,"queue_pages":0.118,"spawn":0.006,"wrap":0.018}
STREAMING_STEP_TIMING total=23.87ms {"drain_packets":0.005,"drain_pages":0.005,"enqueue":0.507,"evict":0.381,"player_chunk":0.015,"prune":0.036,"publish":22.792,"queue_pages":0.121,"spawn":0.002,"wrap":0.008}
STREAMING_STEP_TIMING total=7.71ms {"drain_packets":0.213,"drain_pages":0.008,"enqueue":0.494,"evict":0.413,"player_chunk":0.015,"prune":0.036,"publish":6.382,"queue_pages":0.133,"spawn":0.002,"wrap":0.008}
STREAMING_STEP_TIMING total=23.44ms {"drain_packets":0.189,"drain_pages":0.005,"enqueue":0.49,"evict":0.428,"player_chunk":0.015,"prune":0.031,"publish":22.153,"queue_pages":0.119,"spawn":0.002,"wrap":0.007}
STREAMING_STEP_TIMING total=7.67ms {"drain_packets":0.193,"drain_pages":0.005,"enqueue":0.502,"evict":0.405,"player_chunk":0.014,"prune":0.032,"publish":6.387,"queue_pages":0.123,"spawn":0.002,"wrap":0.01}
STREAMING_STEP_TIMING total=23.45ms {"drain_packets":0.181,"drain_pages":0.004,"enqueue":0.487,"evict":0.467,"player_chunk":0.012,"prune":0.027,"publish":22.144,"queue_pages":0.118,"spawn":0.002,"wrap":0.007}
STREAMING_STEP_TIMING total=7.70ms {"drain_packets":0.186,"drain_pages":0.006,"enqueue":0.497,"evict":0.509,"player_chunk":0.015,"prune":0.027,"publish":6.33,"queue_pages":0.12,"spawn":0.004,"wrap":0.008}
STREAMING_STEP_TIMING total=23.39ms {"drain_packets":0.186,"drain_pages":0.006,"enqueue":0.516,"evict":0.577,"player_chunk":0.014,"prune":0.024,"publish":21.932,"queue_pages":0.125,"spawn":0.002,"wrap":0.008}
STREAMING_STEP_TIMING total=9.67ms {"drain_packets":0.216,"drain_pages":0.006,"enqueue":0.729,"evict":0.587,"player_chunk":0.016,"prune":0.036,"publish":7.94,"queue_pages":0.121,"spawn":0.003,"wrap":0.01}
STREAMING_STEP_TIMING total=27.80ms {"drain_packets":0.141,"drain_pages":0.005,"enqueue":0.499,"evict":0.561,"player_chunk":0.015,"prune":0.022,"publish":26.421,"queue_pages":0.121,"spawn":0.001,"wrap":0.007}
STREAMING_STEP_TIMING total=8.71ms {"drain_packets":0.083,"drain_pages":0.006,"enqueue":0.585,"evict":0.548,"player_chunk":0.015,"prune":0.024,"publish":7.306,"queue_pages":0.131,"spawn":0.003,"wrap":0.009}
STREAMING_STEP_TIMING total=25.31ms {"drain_packets":0.008,"drain_pages":0.007,"enqueue":0.586,"evict":0.482,"player_chunk":0.014,"prune":0.019,"publish":24.038,"queue_pages":0.139,"spawn":0.001,"wrap":0.01}
STREAMING_STEP_TIMING total=7.43ms {"drain_packets":0.007,"drain_pages":0.005,"enqueue":0.475,"evict":0.464,"player_chunk":0.016,"prune":0.016,"publish":6.32,"queue_pages":0.119,"spawn":0.002,"wrap":0.008}
STREAMING_STEP_TIMING total=23.33ms {"drain_packets":0.007,"drain_pages":0.005,"enqueue":0.502,"evict":0.48,"player_chunk":0.02,"prune":0.013,"publish":22.167,"queue_pages":0.116,"spawn":0.002,"wrap":0.012}
STREAMING_STEP_TIMING total=7.38ms {"drain_packets":0.006,"drain_pages":0.005,"enqueue":0.474,"evict":0.462,"player_chunk":0.014,"prune":0.012,"publish":6.276,"queue_pages":0.119,"spawn":0.003,"wrap":0.007}
STREAMING_STEP_TIMING total=24.10ms {"drain_packets":0.004,"drain_pages":0.004,"enqueue":0.467,"evict":0.491,"player_chunk":0.011,"prune":0.008,"publish":22.999,"queue_pages":0.106,"spawn":0.001,"wrap":0.006}
STREAMING_STEP_TIMING total=7.44ms {"drain_packets":0.016,"drain_pages":0.005,"enqueue":0.477,"evict":0.484,"player_chunk":0.014,"prune":0.012,"publish":6.295,"queue_pages":0.121,"spawn":0.002,"wrap":0.008}
STREAMING_STEP_TIMING total=22.88ms {"drain_packets":0.006,"drain_pages":0.005,"enqueue":0.48,"evict":0.506,"player_chunk":0.014,"prune":0.001,"publish":21.741,"queue_pages":0.114,"spawn":0.002,"wrap":0.007}
[FrameBudget] streaming=4.8ms topology=0.0ms visual=0.0ms spawn=0.0ms total=4.8ms/6.0ms world.streaming_v0=4.8ms(60)
[FrameBudget] streaming=1.4ms topology=0.0ms visual=0.0ms spawn=0.0ms total=1.4ms/6.0ms world.streaming_v0=1.4ms(60)
[FrameBudget] streaming=1.4ms topology=0.0ms visual=0.0ms spawn=0.0ms total=1.4ms/6.0ms world.streaming_v0=1.4ms(60)
[FrameBudget] streaming=1.4ms topology=0.0ms visual=0.0ms spawn=0.0ms total=1.4ms/6.0ms world.streaming_v0=1.4ms(60)
ERROR: Parameter "t" is null.
   at: texture_2d_get (./servers/rendering/dummy/storage/texture_storage.h:106)
   GDScript backtrace (most recent call first):
       [0] _capture_viewport (res://tools/runtime_mountain_raster_walk_probe.gd:440)
       [1] _run (res://tools/runtime_mountain_raster_walk_probe.gd:96)
       [2] _wait_until_settled (res://tools/runtime_mountain_raster_walk_probe.gd:293)
[FrameBudget] streaming=1.4ms topology=0.0ms visual=0.0ms spawn=0.0ms total=1.4ms/6.0ms world.streaming_v0=1.4ms(60)
[FrameBudget] streaming=1.4ms topology=0.0ms visual=0.0ms spawn=0.0ms total=1.4ms/6.0ms world.streaming_v0=1.4ms(60)
[FrameBudget] streaming=1.4ms topology=0.0ms visual=0.0ms spawn=0.0ms total=1.4ms/6.0ms world.streaming_v0=1.4ms(60)
[FrameBudget] streaming=1.4ms topology=0.0ms visual=0.0ms spawn=0.0ms total=1.4ms/6.0ms world.streaming_v0=1.4ms(60)
STREAMING_STEP_TIMING total=24.27ms {"drain_packets":0.01,"drain_pages":0.006,"enqueue":0.601,"evict":0.654,"player_chunk":9.64,"prune":0.082,"publish":8.833,"queue_pages":4.423,"spawn":0.003,"wrap":0.012}
STREAMING_STEP_TIMING total=63.75ms {"drain_packets":0.011,"drain_pages":0.006,"enqueue":0.909,"evict":0.387,"player_chunk":0.027,"prune":0.126,"publish":62.046,"queue_pages":0.222,"spawn":0.004,"wrap":0.013}
STREAMING_STEP_TIMING total=29.43ms {"drain_packets":0.47,"drain_pages":0.008,"enqueue":1.05,"evict":0.413,"player_chunk":0.019,"prune":0.126,"publish":26.815,"queue_pages":0.508,"spawn":0.003,"wrap":0.013}
STREAMING_STEP_TIMING total=14.04ms {"drain_packets":0.009,"drain_pages":0.006,"enqueue":0.749,"evict":0.442,"player_chunk":0.019,"prune":0.093,"publish":12.508,"queue_pages":0.202,"spawn":0.003,"wrap":0.008}
STREAMING_STEP_TIMING total=33.59ms {"drain_packets":0.274,"drain_pages":0.007,"enqueue":0.684,"evict":0.427,"player_chunk":0.019,"prune":0.08,"publish":31.901,"queue_pages":0.182,"spawn":0.003,"wrap":0.011}
STREAMING_STEP_TIMING total=12.10ms {"drain_packets":0.25,"drain_pages":0.173,"enqueue":0.7,"evict":0.465,"player_chunk":0.022,"prune":0.081,"publish":10.108,"queue_pages":0.28,"spawn":0.003,"wrap":0.012}
STREAMING_STEP_TIMING total=37.23ms {"drain_packets":0.536,"drain_pages":0.008,"enqueue":0.768,"evict":0.515,"player_chunk":0.02,"prune":0.089,"publish":35.068,"queue_pages":0.207,"spawn":0.003,"wrap":0.012}
STREAMING_STEP_TIMING total=28.77ms {"drain_packets":0.01,"drain_pages":0.008,"enqueue":0.704,"evict":0.479,"player_chunk":0.023,"prune":0.076,"publish":27.009,"queue_pages":0.449,"spawn":0.003,"wrap":0.011}
STREAMING_STEP_TIMING total=12.65ms {"drain_packets":0.017,"drain_pages":0.009,"enqueue":1.938,"evict":10.117,"player_chunk":0.036,"prune":0.099,"publish":0.116,"queue_pages":0.281,"spawn":0.006,"wrap":0.025}
[FrameBudget] streaming=3.6ms topology=0.0ms visual=0.0ms spawn=0.0ms total=3.6ms/6.0ms world.streaming_v0=3.6ms(60)
STREAMING_STEP_TIMING total=8.65ms {"drain_packets":0.009,"drain_pages":0.176,"enqueue":0.726,"evict":0.505,"player_chunk":0.02,"prune":0.078,"publish":6.94,"queue_pages":0.177,"spawn":0.003,"wrap":0.013}
STREAMING_STEP_TIMING total=25.60ms {"drain_packets":0.008,"drain_pages":0.006,"enqueue":0.596,"evict":0.51,"player_chunk":0.02,"prune":0.057,"publish":24.247,"queue_pages":0.148,"spawn":0.002,"wrap":0.007}
STREAMING_STEP_TIMING total=9.36ms {"drain_packets":0.008,"drain_pages":0.156,"enqueue":0.604,"evict":0.517,"player_chunk":0.016,"prune":0.063,"publish":7.863,"queue_pages":0.117,"spawn":0.003,"wrap":0.01}
STREAMING_STEP_TIMING total=25.75ms {"drain_packets":0.009,"drain_pages":0.005,"enqueue":0.588,"evict":0.686,"player_chunk":0.02,"prune":0.051,"publish":24.238,"queue_pages":0.139,"spawn":0.002,"wrap":0.012}
STREAMING_STEP_TIMING total=11.03ms {"drain_packets":0.01,"drain_pages":0.008,"enqueue":0.738,"evict":0.535,"player_chunk":0.023,"prune":0.071,"publish":9.449,"queue_pages":0.168,"spawn":0.005,"wrap":0.017}
STREAMING_STEP_TIMING total=31.82ms {"drain_packets":0.012,"drain_pages":0.008,"enqueue":0.745,"evict":0.446,"player_chunk":0.022,"prune":0.064,"publish":30.325,"queue_pages":0.178,"spawn":0.002,"wrap":0.011}
STREAMING_STEP_TIMING total=6.41ms {"drain_packets":0.007,"drain_pages":0.004,"enqueue":0.463,"evict":0.457,"player_chunk":0.015,"prune":0.039,"publish":5.31,"queue_pages":0.103,"spawn":0.003,"wrap":0.008}
STREAMING_STEP_TIMING total=21.84ms {"drain_packets":0.007,"drain_pages":0.006,"enqueue":0.491,"evict":0.449,"player_chunk":0.018,"prune":0.036,"publish":20.692,"queue_pages":0.129,"spawn":0.002,"wrap":0.007}
STREAMING_STEP_TIMING total=7.64ms {"drain_packets":0.006,"drain_pages":0.004,"enqueue":0.523,"evict":0.494,"player_chunk":0.019,"prune":0.036,"publish":6.44,"queue_pages":0.101,"spawn":0.003,"wrap":0.011}
STREAMING_STEP_TIMING total=23.58ms {"drain_packets":0.008,"drain_pages":0.005,"enqueue":0.478,"evict":0.45,"player_chunk":0.027,"prune":0.031,"publish":22.439,"queue_pages":0.12,"spawn":0.003,"wrap":0.015}
STREAMING_STEP_TIMING total=7.54ms {"drain_packets":0.006,"drain_pages":0.005,"enqueue":0.464,"evict":0.482,"player_chunk":0.018,"prune":0.033,"publish":6.407,"queue_pages":0.109,"spawn":0.003,"wrap":0.012}
STREAMING_STEP_TIMING total=25.68ms {"drain_packets":0.007,"drain_pages":0.005,"enqueue":0.502,"evict":0.481,"player_chunk":0.021,"prune":0.029,"publish":24.485,"queue_pages":0.128,"spawn":0.002,"wrap":0.013}
STREAMING_STEP_TIMING total=6.61ms {"drain_packets":0.007,"drain_pages":0.004,"enqueue":0.463,"evict":0.508,"player_chunk":0.016,"prune":0.028,"publish":5.459,"queue_pages":0.106,"spawn":0.003,"wrap":0.009}
STREAMING_STEP_TIMING total=23.93ms {"drain_packets":0.009,"drain_pages":0.005,"enqueue":0.528,"evict":0.481,"player_chunk":0.026,"prune":0.026,"publish":22.707,"queue_pages":0.136,"spawn":0.003,"wrap":0.008}
STREAMING_STEP_TIMING total=7.07ms {"drain_packets":0.006,"drain_pages":0.005,"enqueue":0.474,"evict":0.602,"player_chunk":0.016,"prune":0.025,"publish":5.818,"queue_pages":0.106,"spawn":0.002,"wrap":0.009}
STREAMING_STEP_TIMING total=24.56ms {"drain_packets":0.011,"drain_pages":0.005,"enqueue":0.653,"evict":0.488,"player_chunk":0.033,"prune":0.026,"publish":23.176,"queue_pages":0.137,"spawn":0.005,"wrap":0.021}
STREAMING_STEP_TIMING total=7.43ms {"drain_packets":0.007,"drain_pages":0.004,"enqueue":0.595,"evict":0.524,"player_chunk":0.015,"prune":0.021,"publish":6.15,"queue_pages":0.104,"spawn":0.002,"wrap":0.009}
STREAMING_STEP_TIMING total=26.74ms {"drain_packets":0.011,"drain_pages":0.006,"enqueue":0.712,"evict":0.492,"player_chunk":0.028,"prune":0.025,"publish":25.273,"queue_pages":0.165,"spawn":0.004,"wrap":0.018}
STREAMING_STEP_TIMING total=7.61ms {"drain_packets":0.006,"drain_pages":0.004,"enqueue":0.474,"evict":0.496,"player_chunk":0.014,"prune":0.016,"publish":6.48,"queue_pages":0.105,"spawn":0.002,"wrap":0.009}
STREAMING_STEP_TIMING total=25.02ms {"drain_packets":0.007,"drain_pages":0.005,"enqueue":0.482,"evict":0.5,"player_chunk":0.018,"prune":0.011,"publish":23.862,"queue_pages":0.123,"spawn":0.002,"wrap":0.006}
STREAMING_STEP_TIMING total=6.96ms {"drain_packets":0.005,"drain_pages":0.004,"enqueue":0.466,"evict":0.494,"player_chunk":0.014,"prune":0.012,"publish":5.845,"queue_pages":0.105,"spawn":0.002,"wrap":0.009}
STREAMING_STEP_TIMING total=24.69ms {"drain_packets":0.007,"drain_pages":0.004,"enqueue":0.479,"evict":0.495,"player_chunk":0.019,"prune":0.008,"publish":23.545,"queue_pages":0.123,"spawn":0.002,"wrap":0.01}
STREAMING_STEP_TIMING total=20.71ms {"drain_packets":0.006,"drain_pages":0.004,"enqueue":0.457,"evict":0.521,"player_chunk":0.014,"prune":0.007,"publish":19.583,"queue_pages":0.102,"spawn":0.002,"wrap":0.008}
ERROR: Parameter "t" is null.
   at: texture_2d_get (./servers/rendering/dummy/storage/texture_storage.h:106)
   GDScript backtrace (most recent call first):
       [0] _capture_viewport (res://tools/runtime_mountain_raster_walk_probe.gd:440)
       [1] _run (res://tools/runtime_mountain_raster_walk_probe.gd:96)
       [2] _wait_until_settled (res://tools/runtime_mountain_raster_walk_probe.gd:293)
[FrameBudget] streaming=6.0ms topology=0.0ms visual=0.0ms spawn=0.0ms total=6.0ms/6.0ms world.streaming_v0=6.0ms(60)
[FrameBudget] streaming=1.6ms topology=0.0ms visual=0.0ms spawn=0.0ms total=1.6ms/6.0ms world.streaming_v0=1.6ms(60)
[FrameBudget] streaming=1.4ms topology=0.0ms visual=0.0ms spawn=0.0ms total=1.4ms/6.0ms world.streaming_v0=1.4ms(60)
[FrameBudget] streaming=1.4ms topology=0.0ms visual=0.0ms spawn=0.0ms total=1.4ms/6.0ms world.streaming_v0=1.4ms(60)
STREAMING_STEP_TIMING total=18.85ms {"drain_packets":0.007,"drain_pages":0.007,"enqueue":0.574,"evict":0.423,"player_chunk":7.763,"prune":0.067,"publish":8.532,"queue_pages":1.459,"spawn":0.003,"wrap":0.011}
STREAMING_STEP_TIMING total=37.19ms {"drain_packets":2.709,"drain_pages":0.007,"enqueue":0.615,"evict":0.495,"player_chunk":0.018,"prune":0.091,"publish":31.425,"queue_pages":1.812,"spawn":0.003,"wrap":0.009}
STREAMING_STEP_TIMING total=32.78ms {"drain_packets":0.01,"drain_pages":0.006,"enqueue":0.732,"evict":31.585,"player_chunk":0.025,"prune":0.101,"publish":0.118,"queue_pages":0.183,"spawn":0.003,"wrap":0.012}
STREAMING_STEP_TIMING total=12.30ms {"drain_packets":0.009,"drain_pages":0.197,"enqueue":1.378,"evict":0.609,"player_chunk":0.019,"prune":0.1,"publish":9.817,"queue_pages":0.155,"spawn":0.004,"wrap":0.013}
STREAMING_STEP_TIMING total=39.64ms {"drain_packets":0.012,"drain_pages":0.008,"enqueue":1.186,"evict":0.602,"player_chunk":0.025,"prune":0.105,"publish":37.476,"queue_pages":0.208,"spawn":0.003,"wrap":0.014}
STREAMING_STEP_TIMING total=11.12ms {"drain_packets":0.008,"drain_pages":0.164,"enqueue":0.709,"evict":0.618,"player_chunk":0.019,"prune":0.092,"publish":9.347,"queue_pages":0.147,"spawn":0.002,"wrap":0.01}
STREAMING_STEP_TIMING total=28.67ms {"drain_packets":0.009,"drain_pages":0.006,"enqueue":0.731,"evict":0.507,"player_chunk":0.022,"prune":0.086,"publish":27.122,"queue_pages":0.172,"spawn":0.002,"wrap":0.008}
STREAMING_STEP_TIMING total=8.54ms {"drain_packets":0.015,"drain_pages":0.144,"enqueue":0.601,"evict":0.482,"player_chunk":0.017,"prune":0.074,"publish":7.062,"queue_pages":0.132,"spawn":0.003,"wrap":0.01}
STREAMING_STEP_TIMING total=32.17ms {"drain_packets":0.006,"drain_pages":0.005,"enqueue":0.577,"evict":0.634,"player_chunk":0.018,"prune":0.063,"publish":30.726,"queue_pages":0.127,"spawn":0.002,"wrap":0.01}
STREAMING_STEP_TIMING total=22.62ms {"drain_packets":0.008,"drain_pages":0.007,"enqueue":0.734,"evict":0.458,"player_chunk":0.019,"prune":0.084,"publish":21.145,"queue_pages":0.147,"spawn":0.003,"wrap":0.013}
STREAMING_STEP_TIMING total=7.14ms {"drain_packets":0.009,"drain_pages":0.006,"enqueue":0.503,"evict":0.416,"player_chunk":0.018,"prune":0.067,"publish":5.992,"queue_pages":0.121,"spawn":0.002,"wrap":0.007}
STREAMING_STEP_TIMING total=24.52ms {"drain_packets":0.005,"drain_pages":0.005,"enqueue":0.488,"evict":0.45,"player_chunk":0.014,"prune":0.047,"publish":23.392,"queue_pages":0.105,"spawn":0.001,"wrap":0.009}
STREAMING_STEP_TIMING total=7.76ms {"drain_packets":0.009,"drain_pages":0.005,"enqueue":0.535,"evict":0.422,"player_chunk":0.021,"prune":0.068,"publish":6.569,"queue_pages":0.119,"spawn":0.002,"wrap":0.012}
STREAMING_STEP_TIMING total=26.25ms {"drain_packets":0.005,"drain_pages":0.004,"enqueue":0.463,"evict":0.528,"player_chunk":0.014,"prune":0.042,"publish":25.076,"queue_pages":0.108,"spawn":0.002,"wrap":0.009}
STREAMING_STEP_TIMING total=20.60ms {"drain_packets":0.007,"drain_pages":0.006,"enqueue":0.475,"evict":0.45,"player_chunk":0.02,"prune":0.043,"publish":19.465,"queue_pages":0.122,"spawn":0.003,"wrap":0.011}
STREAMING_STEP_TIMING total=21.07ms {"drain_packets":0.006,"drain_pages":0.004,"enqueue":0.471,"evict":0.469,"player_chunk":0.014,"prune":0.039,"publish":19.944,"queue_pages":0.11,"spawn":0.002,"wrap":0.009}
STREAMING_STEP_TIMING total=6.05ms {"drain_packets":0.008,"drain_pages":0.004,"enqueue":0.493,"evict":0.458,"player_chunk":0.017,"prune":0.035,"publish":4.902,"queue_pages":0.125,"spawn":0.002,"wrap":0.006}
[FrameBudget] streaming=5.2ms topology=0.0ms visual=0.0ms spawn=0.0ms total=5.2ms/6.0ms world.streaming_v0=5.2ms(60)
STREAMING_STEP_TIMING total=24.51ms {"drain_packets":0.007,"drain_pages":0.004,"enqueue":0.481,"evict":0.475,"player_chunk":0.014,"prune":0.031,"publish":23.38,"queue_pages":0.105,"spawn":0.002,"wrap":0.009}
STREAMING_STEP_TIMING total=7.69ms {"drain_packets":0.007,"drain_pages":0.005,"enqueue":0.477,"evict":0.469,"player_chunk":0.017,"prune":0.03,"publish":6.55,"queue_pages":0.122,"spawn":0.002,"wrap":0.01}
STREAMING_STEP_TIMING total=26.61ms {"drain_packets":0.006,"drain_pages":0.004,"enqueue":0.46,"evict":0.466,"player_chunk":0.016,"prune":0.028,"publish":25.515,"queue_pages":0.1,"spawn":0.003,"wrap":0.009}
STREAMING_STEP_TIMING total=21.71ms {"drain_packets":0.007,"drain_pages":0.005,"enqueue":0.472,"evict":0.468,"player_chunk":0.019,"prune":0.028,"publish":20.573,"queue_pages":0.125,"spawn":0.002,"wrap":0.009}
STREAMING_STEP_TIMING total=21.97ms {"drain_packets":0.006,"drain_pages":0.004,"enqueue":0.481,"evict":0.463,"player_chunk":0.015,"prune":0.024,"publish":20.858,"queue_pages":0.106,"spawn":0.002,"wrap":0.008}
STREAMING_STEP_TIMING total=22.60ms {"drain_packets":0.008,"drain_pages":0.005,"enqueue":0.468,"evict":0.484,"player_chunk":0.018,"prune":0.019,"publish":21.47,"queue_pages":0.114,"spawn":0.003,"wrap":0.008}
STREAMING_STEP_TIMING total=7.56ms {"drain_packets":0.006,"drain_pages":0.004,"enqueue":0.465,"evict":0.493,"player_chunk":0.014,"prune":0.016,"publish":6.433,"queue_pages":0.119,"spawn":0.002,"wrap":0.009}
STREAMING_STEP_TIMING total=28.62ms {"drain_packets":0.007,"drain_pages":0.005,"enqueue":0.492,"evict":0.484,"player_chunk":0.017,"prune":0.012,"publish":27.457,"queue_pages":0.13,"spawn":0.002,"wrap":0.01}
STREAMING_STEP_TIMING total=23.83ms {"drain_packets":0.006,"drain_pages":0.004,"enqueue":0.459,"evict":0.487,"player_chunk":0.015,"prune":0.011,"publish":22.727,"queue_pages":0.104,"spawn":0.008,"wrap":0.008}
STREAMING_STEP_TIMING total=23.61ms {"drain_packets":0.008,"drain_pages":0.005,"enqueue":0.468,"evict":0.489,"player_chunk":0.017,"prune":0.007,"publish":22.49,"queue_pages":0.117,"spawn":0.001,"wrap":0.007}
ERROR: Parameter "t" is null.
   at: texture_2d_get (./servers/rendering/dummy/storage/texture_storage.h:106)
   GDScript backtrace (most recent call first):
       [0] _capture_viewport (res://tools/runtime_mountain_raster_walk_probe.gd:440)
       [1] _run (res://tools/runtime_mountain_raster_walk_probe.gd:96)
       [2] _wait_until_settled (res://tools/runtime_mountain_raster_walk_probe.gd:293)
RUNTIME_MOUNTAIN_RASTER_WALK_PROBE_JSON={"density":0.6,"failed":false,"lake_density":0.0,"mining":{"empty_corner_walks":true,"mining_succeeds":true,"mining_tile":"(2544, 858)","ready":true,"solid_blocks_walk":true},"route_size":7,"seed":131071,"spawn_settled":{"debug":{"applied_source_chunk_count":13,"desired_mountain_chunk_count":13,"dirty":false,"dirty_requires_rebuild":false,"display_image_height":352,"display_image_width":667,"display_packet_count":9,"display_ready":true,"display_request_in_flight":false,"display_runtime_clip_half_height_px":560,"display_runtime_clip_half_width_px":560,"display_timing_total_ms":490,"display_worker_elapsed_ms":495,"face_pixels":24,"hit_mask_ready":true,"hit_mask_solid_pixels":1383321,"image_height":352,"image_width":667,"layer_count":13,"missing_mountain_chunk_count":0,"packet_count":9,"queued_source_chunks":["(156, 50)","(155, 50)","(156, 49)","(156, 51)","(157, 50)","(155, 49)","(155, 51)","(157, 49)","(157, 51)"],"request_in_flight":false,"request_to_complete_ms":1209,"rim_pixels":4976,"runtime_clip_enabled":true,"runtime_clip_half_height_px":560,"runtime_clip_half_width_px":560,"source_packet_count":9,"success":true,"timing_alpha_ms":151,"timing_blur_ms":81,"timing_normal_ms":0,"timing_paint_ms":77,"timing_total_ms":490,"top_pixels":1383403,"worker_elapsed_ms":495},"elapsed_ms":3013,"frames":165,"ready":true},"steps":[{"debug":{"applied_source_chunk_count":13,"desired_mountain_chunk_count":13,"dirty":false,"dirty_requires_rebuild":false,"display_image_height":352,"display_image_width":667,"display_packet_count":9,"display_ready":true,"display_request_in_flight":false,"display_runtime_clip_half_height_px":560,"display_runtime_clip_half_width_px":560,"display_timing_total_ms":490,"display_worker_elapsed_ms":495,"face_pixels":24,"hit_mask_ready":true,"hit_mask_solid_pixels":1383321,"image_height":352,"image_width":667,"layer_count":13,"missing_mountain_chunk_count":0,"packet_count":9,"queued_source_chunks":["(156, 50)","(155, 50)","(156, 49)","(156, 51)","(157, 50)","(155, 49)","(155, 51)","(157, 49)","(157, 51)"],"request_in_flight":false,"request_to_complete_ms":1209,"rim_pixels":4976,"runtime_clip_enabled":true,"runtime_clip_half_height_px":560,"runtime_clip_half_width_px":560,"source_packet_count":9,"success":true,"timing_alpha_ms":151,"timing_blur_ms":81,"timing_normal_ms":0,"timing_paint_ms":77,"timing_total_ms":490,"top_pixels":1383403,"worker_elapsed_ms":495},"index":0,"screenshot":"C:/Users/peaceful/Station Peaceful/Station Peaceful/artifacts/runtime_mountain_raster_walk_probe/walk_00.png","screenshot_status":{"error":"viewport_image_null","path":"C:/Users/peaceful/Station Peaceful/Station Peaceful/artifacts/runtime_mountain_raster_walk_probe/walk_00.png","saved":false},"settled":{"debug":{"applied_source_chunk_count":13,"desired_mountain_chunk_count":13,"dirty":false,"dirty_requires_rebuild":false,"display_image_height":352,"display_image_width":667,"display_packet_count":9,"display_ready":true,"display_request_in_flight":false,"display_runtime_clip_half_height_px":560,"display_runtime_clip_half_width_px":560,"display_timing_total_ms":490,"display_worker_elapsed_ms":495,"face_pixels":24,"hit_mask_ready":true,"hit_mask_solid_pixels":1383321,"image_height":352,"image_width":667,"layer_count":13,"missing_mountain_chunk_count":0,"packet_count":9,"queued_source_chunks":["(156, 50)","(155, 50)","(156, 49)","(156, 51)","(157, 50)","(155, 49)","(155, 51)","(157, 49)","(157, 51)"],"request_in_flight":false,"request_to_complete_ms":1209,"rim_pixels":4976,"runtime_clip_enabled":true,"runtime_clip_half_height_px":560,"runtime_clip_half_width_px":560,"source_packet_count":9,"success":true,"timing_alpha_ms":151,"timing_blur_ms":81,"timing_normal_ms":0,"timing_paint_ms":77,"timing_total_ms":490,"top_pixels":1383403,"worker_elapsed_ms":495},"elapsed_ms":4,"frames":1,"ready":true},"target_chunk":"(154, 54)","target_tile":"(2464, 864)"},{"debug":{"applied_source_chunk_count":13,"desired_mountain_chunk_count":13,"dirty":false,"dirty_requires_rebuild":false,"display_image_height":785,"display_image_width":960,"display_packet_count":9,"display_ready":true,"display_request_in_flight":false,"display_runtime_clip_half_height_px":560,"display_runtime_clip_half_width_px":560,"display_timing_total_ms":291,"display_worker_elapsed_ms":294,"face_pixels":0,"hit_mask_ready":true,"hit_mask_solid_pixels":852090,"image_height":785,"image_width":960,"layer_count":13,"missing_mountain_chunk_count":0,"packet_count":9,"queued_source_chunks":["(158, 49)","(157, 49)","(158, 48)","(158, 50)","(159, 49)","(157, 48)","(157, 50)","(159, 48)","(159, 50)"],"request_in_flight":false,"request_to_complete_ms":294,"rim_pixels":8000,"runtime_clip_enabled":true,"runtime_clip_half_height_px":560,"runtime_clip_half_width_px":560,"source_packet_count":9,"success":true,"timing_alpha_ms":99,"timing_blur_ms":28,"timing_normal_ms":0,"timing_paint_ms":47,"timing_total_ms":291,"top_pixels":852228,"worker_elapsed_ms":294},"index":1,"screenshot":"C:/Users/peaceful/Station Peaceful/Station Peaceful/artifacts/runtime_mountain_raster_walk_probe/walk_01.png","screenshot_status":{"error":"viewport_image_null","path":"C:/Users/peaceful/Station Peaceful/Station Peaceful/artifacts/runtime_mountain_raster_walk_probe/walk_01.png","saved":false},"settled":{"debug":{"applied_source_chunk_count":13,"desired_mountain_chunk_count":13,"dirty":false,"dirty_requires_rebuild":false,"display_image_height":785,"display_image_width":960,"display_packet_count":9,"display_ready":true,"display_request_in_flight":false,"display_runtime_clip_half_height_px":560,"display_runtime_clip_half_width_px":560,"display_timing_total_ms":291,"display_worker_elapsed_ms":294,"face_pixels":0,"hit_mask_ready":true,"hit_mask_solid_pixels":852090,"image_height":785,"image_width":960,"layer_count":13,"missing_mountain_chunk_count":0,"packet_count":9,"queued_source_chunks":["(158, 49)","(157, 49)","(158, 48)","(158, 50)","(159, 49)","(157, 48)","(157, 50)","(159, 48)","(159, 50)"],"request_in_flight":false,"request_to_complete_ms":294,"rim_pixels":8000,"runtime_clip_enabled":true,"runtime_clip_half_height_px":560,"runtime_clip_half_width_px":560,"source_packet_count":9,"success":true,"timing_alpha_ms":99,"timing_blur_ms":28,"timing_normal_ms":0,"timing_paint_ms":47,"timing_total_ms":291,"top_pixels":852228,"worker_elapsed_ms":294},"elapsed_ms":7,"frames":1,"ready":true},"target_chunk":"(154, 51)","target_tile":"(2472, 816)"},{"debug":{"applied_source_chunk_count":18,"desired_mountain_chunk_count":18,"dirty":false,"dirty_requires_rebuild":false,"display_image_height":638,"display_image_width":747,"display_packet_count":9,"display_ready":true,"display_request_in_flight":false,"display_runtime_clip_half_height_px":560,"display_runtime_clip_half_width_px":560,"display_timing_total_ms":274,"display_worker_elapsed_ms":279,"face_pixels":1,"hit_mask_ready":true,"hit_mask_solid_pixels":1345170,"image_height":638,"image_width":747,"layer_count":18,"missing_mountain_chunk_count":0,"packet_count":9,"queued_source_chunks":["(159, 56)","(158, 56)","(159, 55)","(159, 57)","(160, 56)","(158, 55)","(158, 57)","(160, 55)","(160, 57)"],"request_in_flight":false,"request_to_complete_ms":279,"rim_pixels":5964,"runtime_clip_enabled":true,"runtime_clip_half_height_px":560,"runtime_clip_half_width_px":560,"source_packet_count":9,"success":true,"timing_alpha_ms":72,"timing_blur_ms":19,"timing_normal_ms":0,"timing_paint_ms":50,"timing_total_ms":274,"top_pixels":1345292,"worker_elapsed_ms":279},"index":2,"screenshot":"C:/Users/peaceful/Station Peaceful/Station Peaceful/artifacts/runtime_mountain_raster_walk_probe/walk_02.png","screenshot_status":{"error":"viewport_image_null","path":"C:/Users/peaceful/Station Peaceful/Station Peaceful/artifacts/runtime_mountain_raster_walk_probe/walk_02.png","saved":false},"settled":{"debug":{"applied_source_chunk_count":18,"desired_mountain_chunk_count":18,"dirty":false,"dirty_requires_rebuild":false,"display_image_height":638,"display_image_width":747,"display_packet_count":9,"display_ready":true,"display_request_in_flight":false,"display_runtime_clip_half_height_px":560,"display_runtime_clip_half_width_px":560,"display_timing_total_ms":274,"display_worker_elapsed_ms":279,"face_pixels":1,"hit_mask_ready":true,"hit_mask_solid_pixels":1345170,"image_height":638,"image_width":747,"layer_count":18,"missing_mountain_chunk_count":0,"packet_count":9,"queued_source_chunks":["(159, 56)","(158, 56)","(159, 55)","(159, 57)","(160, 56)","(158, 55)","(158, 57)","(160, 55)","(160, 57)"],"request_in_flight":false,"request_to_complete_ms":279,"rim_pixels":5964,"runtime_clip_enabled":true,"runtime_clip_half_height_px":560,"runtime_clip_half_width_px":560,"source_packet_count":9,"success":true,"timing_alpha_ms":72,"timing_blur_ms":19,"timing_normal_ms":0,"timing_paint_ms":50,"timing_total_ms":274,"top_pixels":1345292,"worker_elapsed_ms":279},"elapsed_ms":4,"frames":1,"ready":true},"target_chunk":"(155, 52)","target_tile":"(2489, 832)"},{"debug":{"applied_source_chunk_count":23,"desired_mountain_chunk_count":23,"dirty":false,"dirty_requires_rebuild":false,"display_image_height":1312,"display_image_width":318,"display_packet_count":9,"display_ready":true,"display_request_in_flight":false,"display_runtime_clip_half_height_px":560,"display_runtime_clip_half_width_px":560,"display_timing_total_ms":109,"display_worker_elapsed_ms":112,"face_pixels":821,"hit_mask_ready":true,"hit_mask_solid_pixels":543769,"image_height":1312,"image_width":318,"layer_count":23,"missing_mountain_chunk_count":0,"packet_count":9,"queued_source_chunks":["(158, 57)","(157, 57)","(158, 56)","(158, 58)","(159, 57)","(157, 56)","(157, 58)","(159, 56)","(159, 58)"],"request_in_flight":false,"request_to_complete_ms":112,"rim_pixels":6469,"runtime_clip_enabled":true,"runtime_clip_half_height_px":560,"runtime_clip_half_width_px":560,"source_packet_count":9,"success":true,"timing_alpha_ms":31,"timing_blur_ms":8,"timing_normal_ms":0,"timing_paint_ms":21,"timing_total_ms":109,"top_pixels":543165,"worker_elapsed_ms":112},"index":3,"screenshot":"C:/Users/peaceful/Station Peaceful/Station Peaceful/artifacts/runtime_mountain_raster_walk_probe/walk_03.png","screenshot_status":{"error":"viewport_image_null","path":"C:/Users/peaceful/Station Peaceful/Station Peaceful/artifacts/runtime_mountain_raster_walk_probe/walk_03.png","saved":false},"settled":{"debug":{"applied_source_chunk_count":23,"desired_mountain_chunk_count":23,"dirty":false,"dirty_requires_rebuild":false,"display_image_height":1312,"display_image_width":318,"display_packet_count":9,"display_ready":true,"display_request_in_flight":false,"display_runtime_clip_half_height_px":560,"display_runtime_clip_half_width_px":560,"display_timing_total_ms":109,"display_worker_elapsed_ms":112,"face_pixels":821,"hit_mask_ready":true,"hit_mask_solid_pixels":543769,"image_height":1312,"image_width":318,"layer_count":23,"missing_mountain_chunk_count":0,"packet_count":9,"queued_source_chunks":["(158, 57)","(157, 57)","(158, 56)","(158, 58)","(159, 57)","(157, 56)","(157, 58)","(159, 56)","(159, 58)"],"request_in_flight":false,"request_to_complete_ms":112,"rim_pixels":6469,"runtime_clip_enabled":true,"runtime_clip_half_height_px":560,"runtime_clip_half_width_px":560,"source_packet_count":9,"success":true,"timing_alpha_ms":31,"timing_blur_ms":8,"timing_normal_ms":0,"timing_paint_ms":21,"timing_total_ms":109,"top_pixels":543165,"worker_elapsed_ms":112},"elapsed_ms":3,"frames":1,"ready":true},"target_chunk":"(156, 53)","target_tile":"(2504, 848)"},{"debug":{"applied_source_chunk_count":16,"desired_mountain_chunk_count":16,"dirty":false,"dirty_requires_rebuild":false,"display_image_height":1312,"display_image_width":576,"display_packet_count":9,"display_ready":true,"display_request_in_flight":false,"display_runtime_clip_half_height_px":560,"display_runtime_clip_half_width_px":560,"display_timing_total_ms":131,"display_worker_elapsed_ms":133,"face_pixels":0,"hit_mask_ready":true,"hit_mask_solid_pixels":755712,"image_height":1312,"image_width":576,"layer_count":16,"missing_mountain_chunk_count":0,"packet_count":9,"queued_source_chunks":["(160, 48)","(159, 48)","(160, 47)","(160, 49)","(161, 48)","(159, 47)","(159, 49)","(161, 47)","(161, 49)"],"request_in_flight":false,"request_to_complete_ms":133,"rim_pixels":0,"runtime_clip_enabled":true,"runtime_clip_half_height_px":560,"runtime_clip_half_width_px":560,"source_packet_count":9,"success":true,"timing_alpha_ms":39,"timing_blur_ms":8,"timing_normal_ms":0,"timing_paint_ms":26,"timing_total_ms":131,"top_pixels":755712,"worker_elapsed_ms":133},"index":4,"screenshot":"C:/Users/peaceful/Station Peaceful/Station Peaceful/artifacts/runtime_mountain_raster_walk_probe/walk_04.png","screenshot_status":{"error":"viewport_image_null","path":"C:/Users/peaceful/Station Peaceful/Station Peaceful/artifacts/runtime_mountain_raster_walk_probe/walk_04.png","saved":false},"settled":{"debug":{"applied_source_chunk_count":16,"desired_mountain_chunk_count":16,"dirty":false,"dirty_requires_rebuild":false,"display_image_height":1312,"display_image_width":576,"display_packet_count":9,"display_ready":true,"display_request_in_flight":false,"display_runtime_clip_half_height_px":560,"display_runtime_clip_half_width_px":560,"display_timing_total_ms":131,"display_worker_elapsed_ms":133,"face_pixels":0,"hit_mask_ready":true,"hit_mask_solid_pixels":755712,"image_height":1312,"image_width":576,"layer_count":16,"missing_mountain_chunk_count":0,"packet_count":9,"queued_source_chunks":["(160, 48)","(159, 48)","(160, 47)","(160, 49)","(161, 48)","(159, 47)","(159, 49)","(161, 47)","(161, 49)"],"request_in_flight":false,"request_to_complete_ms":133,"rim_pixels":0,"runtime_clip_enabled":true,"runtime_clip_half_height_px":560,"runtime_clip_half_width_px":560,"source_packet_count":9,"success":true,"timing_alpha_ms":39,"timing_blur_ms":8,"timing_normal_ms":0,"timing_paint_ms":26,"timing_total_ms":131,"top_pixels":755712,"worker_elapsed_ms":133},"elapsed_ms":8,"frames":1,"ready":true},"target_chunk":"(155, 51)","target_tile":"(2480, 816)"},{"debug":{"applied_source_chunk_count":23,"desired_mountain_chunk_count":23,"dirty":false,"dirty_requires_rebuild":false,"display_image_height":638,"display_image_width":747,"display_packet_count":9,"display_ready":true,"display_request_in_flight":false,"display_runtime_clip_half_height_px":560,"display_runtime_clip_half_width_px":560,"display_timing_total_ms":736,"display_worker_elapsed_ms":740,"face_pixels":1,"hit_mask_ready":true,"hit_mask_solid_pixels":1345170,"image_height":638,"image_width":747,"layer_count":23,"missing_mountain_chunk_count":0,"packet_count":9,"queued_source_chunks":["(159, 56)","(158, 56)","(159, 55)","(159, 57)","(160, 56)","(158, 55)","(158, 57)","(160, 55)","(160, 57)"],"request_in_flight":false,"request_to_complete_ms":740,"rim_pixels":5964,"runtime_clip_enabled":true,"runtime_clip_half_height_px":560,"runtime_clip_half_width_px":560,"source_packet_count":9,"success":true,"timing_alpha_ms":250,"timing_blur_ms":220,"timing_normal_ms":0,"timing_paint_ms":82,"timing_total_ms":736,"top_pixels":1345292,"worker_elapsed_ms":740},"index":5,"screenshot":"C:/Users/peaceful/Station Peaceful/Station Peaceful/artifacts/runtime_mountain_raster_walk_probe/walk_05.png","screenshot_status":{"error":"viewport_image_null","path":"C:/Users/peaceful/Station Peaceful/Station Peaceful/artifacts/runtime_mountain_raster_walk_probe/walk_05.png","saved":false},"settled":{"debug":{"applied_source_chunk_count":23,"desired_mountain_chunk_count":23,"dirty":false,"dirty_requires_rebuild":false,"display_image_height":638,"display_image_width":747,"display_packet_count":9,"display_ready":true,"display_request_in_flight":false,"display_runtime_clip_half_height_px":560,"display_runtime_clip_half_width_px":560,"display_timing_total_ms":736,"display_worker_elapsed_ms":740,"face_pixels":1,"hit_mask_ready":true,"hit_mask_solid_pixels":1345170,"image_height":638,"image_width":747,"layer_count":23,"missing_mountain_chunk_count":0,"packet_count":9,"queued_source_chunks":["(159, 56)","(158, 56)","(159, 55)","(159, 57)","(160, 56)","(158, 55)","(158, 57)","(160, 55)","(160, 57)"],"request_in_flight":false,"request_to_complete_ms":740,"rim_pixels":5964,"runtime_clip_enabled":true,"runtime_clip_half_height_px":560,"runtime_clip_half_width_px":560,"source_packet_count":9,"success":true,"timing_alpha_ms":250,"timing_blur_ms":220,"timing_normal_ms":0,"timing_paint_ms":82,"timing_total_ms":736,"top_pixels":1345292,"worker_elapsed_ms":740},"elapsed_ms":832,"frames":48,"ready":true},"target_chunk":"(156, 52)","target_tile":"(2496, 832)"},{"debug":{"applied_source_chunk_count":26,"desired_mountain_chunk_count":26,"dirty":false,"dirty_requires_rebuild":false,"display_image_height":351,"display_image_width":621,"display_packet_count":9,"display_ready":true,"display_request_in_flight":false,"display_runtime_clip_half_height_px":560,"display_runtime_clip_half_width_px":560,"display_timing_total_ms":418,"display_worker_elapsed_ms":422,"face_pixels":169,"hit_mask_ready":true,"hit_mask_solid_pixels":1420710,"image_height":351,"image_width":621,"layer_count":26,"missing_mountain_chunk_count":0,"packet_count":9,"queued_source_chunks":["(161, 55)","(160, 55)","(161, 54)","(161, 56)","(162, 55)","(160, 54)","(160, 56)","(162, 54)","(162, 56)"],"request_in_flight":false,"request_to_complete_ms":422,"rim_pixels":4869,"runtime_clip_enabled":true,"runtime_clip_half_height_px":560,"runtime_clip_half_width_px":560,"source_packet_count":9,"success":true,"timing_alpha_ms":104,"timing_blur_ms":108,"timing_normal_ms":0,"timing_paint_ms":50,"timing_total_ms":418,"top_pixels":1420652,"worker_elapsed_ms":422},"index":6,"screenshot":"C:/Users/peaceful/Station Peaceful/Station Peaceful/artifacts/runtime_mountain_raster_walk_probe/walk_06.png","screenshot_status":{"error":"viewport_image_null","path":"C:/Users/peaceful/Station Peaceful/Station Peaceful/artifacts/runtime_mountain_raster_walk_probe/walk_06.png","saved":false},"settled":{"debug":{"applied_source_chunk_count":26,"desired_mountain_chunk_count":26,"dirty":false,"dirty_requires_rebuild":false,"display_image_height":351,"display_image_width":621,"display_packet_count":9,"display_ready":true,"display_request_in_flight":false,"display_runtime_clip_half_height_px":560,"display_runtime_clip_half_width_px":560,"display_timing_total_ms":418,"display_worker_elapsed_ms":422,"face_pixels":169,"hit_mask_ready":true,"hit_mask_solid_pixels":1420710,"image_height":351,"image_width":621,"layer_count":26,"missing_mountain_chunk_count":0,"packet_count":9,"queued_source_chunks":["(161, 55)","(160, 55)","(161, 54)","(161, 56)","(162, 55)","(160, 54)","(160, 56)","(162, 54)","(162, 56)"],"request_in_flight":false,"request_to_complete_ms":422,"rim_pixels":4869,"runtime_clip_enabled":true,"runtime_clip_half_height_px":560,"runtime_clip_half_width_px":560,"source_packet_count":9,"success":true,"timing_alpha_ms":104,"timing_blur_ms":108,"timing_normal_ms":0,"timing_paint_ms":50,"timing_total_ms":418,"top_pixels":1420652,"worker_elapsed_ms":422},"elapsed_ms":760,"frames":38,"ready":true},"target_chunk":"(157, 53)","target_tile":"(2512, 848)"}]}
WARNING: ObjectDB instances leaked at exit (run with --verbose for details).
   at: cleanup (core/object/object.cpp:2641)
ERROR: 7 resources still in use at exit (run with --verbose for details).
   at: clear (core/io/resource.cpp:810)
