Godot Engine v4.6.2.stable.official.71f334935 - https://godotengine.org

runtime_mountain_raster_walk_probe: start density=0.60
runtime_mountain_raster_walk_probe: route_size=7
STREAMING_STEP_TIMING total=6.64ms {"drain_packets":0.008,"drain_pages":0.006,"enqueue":4.135,"evict":0.01,"player_chunk":0.016,"prune":0.004,"publish":0.005,"queue_pages":2.407,"spawn":0.035,"wrap":0.008}
STREAMING_STEP_TIMING total=7.16ms {"drain_packets":0.01,"drain_pages":0.007,"enqueue":4.65,"evict":0.006,"player_chunk":0.028,"prune":0.005,"publish":0.006,"queue_pages":2.423,"spawn":0.005,"wrap":0.017}
STREAMING_STEP_TIMING total=7.36ms {"drain_packets":0.011,"drain_pages":0.007,"enqueue":4.879,"evict":0.007,"player_chunk":0.024,"prune":0.006,"publish":0.008,"queue_pages":2.396,"spawn":0.002,"wrap":0.015}
STREAMING_STEP_TIMING total=7.27ms {"drain_packets":0.011,"drain_pages":0.007,"enqueue":4.98,"evict":0.006,"player_chunk":0.026,"prune":0.005,"publish":0.005,"queue_pages":2.21,"spawn":0.003,"wrap":0.018}
STREAMING_STEP_TIMING total=6.04ms {"drain_packets":0.011,"drain_pages":0.006,"enqueue":3.835,"evict":0.006,"player_chunk":0.023,"prune":0.004,"publish":0.006,"queue_pages":2.134,"spawn":0.002,"wrap":0.013}
STREAMING_STEP_TIMING total=33.15ms {"drain_packets":0.178,"drain_pages":0.006,"enqueue":4.111,"evict":0.01,"player_chunk":0.025,"prune":0.003,"publish":26.84,"queue_pages":1.951,"spawn":0.004,"wrap":0.015}
STREAMING_STEP_TIMING total=16.84ms {"drain_packets":1.162,"drain_pages":0.007,"enqueue":3.765,"evict":0.012,"player_chunk":0.023,"prune":0.014,"publish":7.452,"queue_pages":4.386,"spawn":0.004,"wrap":0.016}
STREAMING_STEP_TIMING total=21.59ms {"drain_packets":1.185,"drain_pages":0.007,"enqueue":3.91,"evict":0.028,"player_chunk":0.027,"prune":0.078,"publish":7.646,"queue_pages":8.686,"spawn":0.003,"wrap":0.014}
STREAMING_STEP_TIMING total=25.66ms {"drain_packets":0.957,"drain_pages":0.007,"enqueue":4.052,"evict":0.023,"player_chunk":0.02,"prune":0.221,"publish":8.617,"queue_pages":11.755,"spawn":0.002,"wrap":0.008}
STREAMING_STEP_TIMING total=30.22ms {"drain_packets":0.722,"drain_pages":0.159,"enqueue":4.211,"evict":0.038,"player_chunk":0.085,"prune":0.33,"publish":13.377,"queue_pages":11.267,"spawn":0.005,"wrap":0.023}
STREAMING_STEP_TIMING total=29.42ms {"drain_packets":0.01,"drain_pages":0.006,"enqueue":6.142,"evict":0.038,"player_chunk":0.024,"prune":0.262,"publish":10.717,"queue_pages":12.204,"spawn":0.003,"wrap":0.016}
STREAMING_STEP_TIMING total=31.32ms {"drain_packets":0.011,"drain_pages":0.007,"enqueue":9.392,"evict":0.058,"player_chunk":0.028,"prune":0.325,"publish":10.613,"queue_pages":10.858,"spawn":0.004,"wrap":0.02}
STREAMING_STEP_TIMING total=28.62ms {"drain_packets":0.017,"drain_pages":0.01,"enqueue":5.639,"evict":0.047,"player_chunk":0.028,"prune":0.288,"publish":11.175,"queue_pages":11.394,"spawn":0.004,"wrap":0.013}
STREAMING_STEP_TIMING total=28.48ms {"drain_packets":0.013,"drain_pages":0.007,"enqueue":5.885,"evict":0.05,"player_chunk":0.027,"prune":0.304,"publish":9.035,"queue_pages":13.132,"spawn":0.003,"wrap":0.02}
STREAMING_STEP_TIMING total=28.02ms {"drain_packets":0.014,"drain_pages":0.008,"enqueue":4.76,"evict":0.048,"player_chunk":0.023,"prune":0.227,"publish":11.727,"queue_pages":11.189,"spawn":0.004,"wrap":0.014}
STREAMING_STEP_TIMING total=27.54ms {"drain_packets":0.013,"drain_pages":0.008,"enqueue":5.289,"evict":0.057,"player_chunk":0.03,"prune":0.285,"publish":11.077,"queue_pages":10.759,"spawn":0.003,"wrap":0.019}
STREAMING_STEP_TIMING total=31.43ms {"drain_packets":0.014,"drain_pages":0.009,"enqueue":5.655,"evict":0.06,"player_chunk":0.021,"prune":0.277,"publish":14.545,"queue_pages":10.83,"spawn":0.003,"wrap":0.009}
STREAMING_STEP_TIMING total=26.88ms {"drain_packets":0.009,"drain_pages":0.007,"enqueue":4.687,"evict":0.077,"player_chunk":0.024,"prune":0.234,"publish":11.19,"queue_pages":10.633,"spawn":0.003,"wrap":0.017}
STREAMING_STEP_TIMING total=27.62ms {"drain_packets":0.011,"drain_pages":0.007,"enqueue":5.093,"evict":0.08,"player_chunk":0.024,"prune":0.265,"publish":11.482,"queue_pages":10.638,"spawn":0.003,"wrap":0.014}
STREAMING_STEP_TIMING total=27.05ms {"drain_packets":0.009,"drain_pages":0.156,"enqueue":4.953,"evict":0.081,"player_chunk":0.024,"prune":0.246,"publish":10.437,"queue_pages":11.121,"spawn":0.004,"wrap":0.016}
STREAMING_STEP_TIMING total=32.41ms {"drain_packets":0.009,"drain_pages":0.007,"enqueue":4.997,"evict":0.076,"player_chunk":0.021,"prune":0.245,"publish":11.788,"queue_pages":15.256,"spawn":0.002,"wrap":0.009}
STREAMING_STEP_TIMING total=26.59ms {"drain_packets":0.01,"drain_pages":0.006,"enqueue":4.914,"evict":0.086,"player_chunk":0.026,"prune":0.232,"publish":9.996,"queue_pages":11.3,"spawn":0.003,"wrap":0.018}
STREAMING_STEP_TIMING total=29.05ms {"drain_packets":0.012,"drain_pages":0.164,"enqueue":6.753,"evict":0.072,"player_chunk":0.024,"prune":0.233,"publish":10.496,"queue_pages":11.273,"spawn":0.003,"wrap":0.014}
STREAMING_STEP_TIMING total=27.36ms {"drain_packets":0.008,"drain_pages":0.007,"enqueue":4.726,"evict":0.087,"player_chunk":0.025,"prune":0.218,"publish":9.831,"queue_pages":12.441,"spawn":0.003,"wrap":0.016}
STREAMING_STEP_TIMING total=27.18ms {"drain_packets":0.01,"drain_pages":0.008,"enqueue":4.56,"evict":0.077,"player_chunk":0.02,"prune":0.21,"publish":10.771,"queue_pages":11.513,"spawn":0.002,"wrap":0.008}
STREAMING_STEP_TIMING total=25.05ms {"drain_packets":0.011,"drain_pages":0.154,"enqueue":4.937,"evict":0.109,"player_chunk":0.025,"prune":0.229,"publish":8.866,"queue_pages":10.692,"spawn":0.003,"wrap":0.016}
STREAMING_STEP_TIMING total=23.86ms {"drain_packets":0.009,"drain_pages":0.006,"enqueue":4.508,"evict":0.076,"player_chunk":0.021,"prune":0.199,"publish":9.515,"queue_pages":9.509,"spawn":0.003,"wrap":0.012}
STREAMING_STEP_TIMING total=28.93ms {"drain_packets":0.013,"drain_pages":0.162,"enqueue":4.354,"evict":0.103,"player_chunk":0.026,"prune":0.205,"publish":11.952,"queue_pages":12.089,"spawn":0.003,"wrap":0.017}
STREAMING_STEP_TIMING total=34.66ms {"drain_packets":0.009,"drain_pages":0.006,"enqueue":6.995,"evict":0.091,"player_chunk":0.023,"prune":0.2,"publish":12.725,"queue_pages":14.595,"spawn":0.002,"wrap":0.01}
STREAMING_STEP_TIMING total=30.16ms {"drain_packets":0.016,"drain_pages":0.01,"enqueue":6.028,"evict":0.132,"player_chunk":0.028,"prune":0.229,"publish":11.336,"queue_pages":12.346,"spawn":0.004,"wrap":0.022}
STREAMING_STEP_TIMING total=27.89ms {"drain_packets":0.011,"drain_pages":0.006,"enqueue":4.761,"evict":0.114,"player_chunk":0.026,"prune":0.196,"publish":12.547,"queue_pages":10.21,"spawn":0.004,"wrap":0.016}
STREAMING_STEP_TIMING total=28.09ms {"drain_packets":0.012,"drain_pages":0.008,"enqueue":5.328,"evict":0.112,"player_chunk":0.027,"prune":0.232,"publish":11.262,"queue_pages":11.081,"spawn":0.004,"wrap":0.018}
STREAMING_STEP_TIMING total=29.54ms {"drain_packets":0.012,"drain_pages":0.008,"enqueue":5.313,"evict":0.115,"player_chunk":0.023,"prune":0.224,"publish":13.051,"queue_pages":10.784,"spawn":0.002,"wrap":0.01}
STREAMING_STEP_TIMING total=27.73ms {"drain_packets":0.01,"drain_pages":0.006,"enqueue":4.903,"evict":0.136,"player_chunk":0.024,"prune":0.181,"publish":10.922,"queue_pages":11.522,"spawn":0.003,"wrap":0.017}
STREAMING_STEP_TIMING total=61.38ms {"drain_packets":0.012,"drain_pages":0.008,"enqueue":7.118,"evict":0.131,"player_chunk":0.023,"prune":0.218,"publish":41.554,"queue_pages":12.295,"spawn":0.002,"wrap":0.014}
STREAMING_STEP_TIMING total=31.27ms {"drain_packets":0.013,"drain_pages":0.007,"enqueue":5.139,"evict":0.141,"player_chunk":0.026,"prune":0.221,"publish":12.28,"queue_pages":13.419,"spawn":0.003,"wrap":0.017}
STREAMING_STEP_TIMING total=28.14ms {"drain_packets":0.009,"drain_pages":0.15,"enqueue":4.933,"evict":0.129,"player_chunk":0.02,"prune":0.189,"publish":11.974,"queue_pages":10.718,"spawn":0.003,"wrap":0.008}
STREAMING_STEP_TIMING total=24.52ms {"drain_packets":0.009,"drain_pages":0.007,"enqueue":4.771,"evict":0.181,"player_chunk":0.025,"prune":0.161,"publish":10.558,"queue_pages":8.786,"spawn":0.004,"wrap":0.016}
STREAMING_STEP_TIMING total=25.06ms {"drain_packets":0.012,"drain_pages":0.006,"enqueue":5.326,"evict":0.128,"player_chunk":0.022,"prune":0.222,"publish":9.554,"queue_pages":9.778,"spawn":0.002,"wrap":0.01}
STREAMING_STEP_TIMING total=19.72ms {"drain_packets":0.008,"drain_pages":0.124,"enqueue":4.285,"evict":0.126,"player_chunk":0.022,"prune":0.152,"publish":6.12,"queue_pages":8.86,"spawn":0.003,"wrap":0.016}
STREAMING_STEP_TIMING total=21.81ms {"drain_packets":0.009,"drain_pages":0.006,"enqueue":4.198,"evict":0.105,"player_chunk":0.025,"prune":0.151,"publish":8.881,"queue_pages":8.415,"spawn":0.003,"wrap":0.013}
STREAMING_STEP_TIMING total=19.45ms {"drain_packets":0.008,"drain_pages":0.005,"enqueue":3.282,"evict":0.122,"player_chunk":0.014,"prune":0.123,"publish":8.593,"queue_pages":7.293,"spawn":0.002,"wrap":0.01}
STREAMING_STEP_TIMING total=19.37ms {"drain_packets":0.008,"drain_pages":0.007,"enqueue":3.373,"evict":0.109,"player_chunk":0.017,"prune":0.12,"publish":8.426,"queue_pages":7.297,"spawn":0.002,"wrap":0.007}
STREAMING_STEP_TIMING total=17.96ms {"drain_packets":0.01,"drain_pages":0.006,"enqueue":3.4,"evict":0.126,"player_chunk":0.02,"prune":0.192,"publish":7.037,"queue_pages":7.154,"spawn":0.002,"wrap":0.015}
STREAMING_STEP_TIMING total=19.40ms {"drain_packets":0.009,"drain_pages":0.006,"enqueue":3.327,"evict":0.115,"player_chunk":0.021,"prune":0.116,"publish":8.647,"queue_pages":7.139,"spawn":0.003,"wrap":0.011}
STREAMING_STEP_TIMING total=17.39ms {"drain_packets":0.007,"drain_pages":0.004,"enqueue":3.359,"evict":0.117,"player_chunk":0.017,"prune":0.114,"publish":6.436,"queue_pages":7.322,"spawn":0.002,"wrap":0.012}
STREAMING_STEP_TIMING total=19.88ms {"drain_packets":0.008,"drain_pages":0.005,"enqueue":3.288,"evict":0.119,"player_chunk":0.016,"prune":0.108,"publish":8.912,"queue_pages":7.409,"spawn":0.002,"wrap":0.006}
STREAMING_STEP_TIMING total=17.36ms {"drain_packets":0.006,"drain_pages":0.004,"enqueue":3.231,"evict":0.126,"player_chunk":0.018,"prune":0.109,"publish":6.392,"queue_pages":7.46,"spawn":0.002,"wrap":0.014}
STREAMING_STEP_TIMING total=19.94ms {"drain_packets":0.006,"drain_pages":0.005,"enqueue":3.287,"evict":0.122,"player_chunk":0.017,"prune":0.105,"publish":8.882,"queue_pages":7.498,"spawn":0.001,"wrap":0.015}
STREAMING_STEP_TIMING total=17.58ms {"drain_packets":0.006,"drain_pages":0.005,"enqueue":3.236,"evict":0.14,"player_chunk":0.021,"prune":0.104,"publish":6.45,"queue_pages":7.6,"spawn":0.002,"wrap":0.015}
STREAMING_STEP_TIMING total=24.58ms {"drain_packets":0.007,"drain_pages":0.005,"enqueue":3.284,"evict":0.166,"player_chunk":0.017,"prune":0.101,"publish":11.294,"queue_pages":9.698,"spawn":0.002,"wrap":0.006}
STREAMING_STEP_TIMING total=16.34ms {"drain_packets":0.009,"drain_pages":0.005,"enqueue":3.582,"evict":0.156,"player_chunk":0.022,"prune":0.107,"publish":5.169,"queue_pages":7.27,"spawn":0.002,"wrap":0.014}
STREAMING_STEP_TIMING total=18.81ms {"drain_packets":0.008,"drain_pages":0.004,"enqueue":3.376,"evict":0.151,"player_chunk":0.017,"prune":0.103,"publish":7.829,"queue_pages":7.31,"spawn":0.002,"wrap":0.009}
STREAMING_STEP_TIMING total=17.55ms {"drain_packets":0.006,"drain_pages":0.004,"enqueue":3.267,"evict":0.152,"player_chunk":0.019,"prune":0.097,"publish":6.495,"queue_pages":7.495,"spawn":0.002,"wrap":0.014}
STREAMING_STEP_TIMING total=20.21ms {"drain_packets":0.006,"drain_pages":0.005,"enqueue":3.287,"evict":0.149,"player_chunk":0.016,"prune":0.095,"publish":9.542,"queue_pages":7.096,"spawn":0.002,"wrap":0.006}
STREAMING_STEP_TIMING total=17.32ms {"drain_packets":0.007,"drain_pages":0.005,"enqueue":3.241,"evict":0.251,"player_chunk":0.021,"prune":0.094,"publish":6.556,"queue_pages":7.129,"spawn":0.003,"wrap":0.013}
STREAMING_STEP_TIMING total=24.25ms {"drain_packets":0.013,"drain_pages":0.007,"enqueue":5.259,"evict":0.157,"player_chunk":0.024,"prune":0.152,"publish":9.742,"queue_pages":8.877,"spawn":0.003,"wrap":0.014}
STREAMING_STEP_TIMING total=16.52ms {"drain_packets":0.006,"drain_pages":0.004,"enqueue":3.243,"evict":0.172,"player_chunk":0.018,"prune":0.089,"publish":5.745,"queue_pages":7.23,"spawn":0.002,"wrap":0.013}
STREAMING_STEP_TIMING total=20.66ms {"drain_packets":0.007,"drain_pages":0.005,"enqueue":3.31,"evict":0.191,"player_chunk":0.016,"prune":0.086,"publish":9.773,"queue_pages":7.258,"spawn":0.002,"wrap":0.007}
STREAMING_STEP_TIMING total=17.17ms {"drain_packets":0.006,"drain_pages":0.005,"enqueue":3.25,"evict":0.168,"player_chunk":0.019,"prune":0.088,"publish":6.443,"queue_pages":7.176,"spawn":0.002,"wrap":0.013}
STREAMING_STEP_TIMING total=20.94ms {"drain_packets":0.007,"drain_pages":0.005,"enqueue":3.292,"evict":0.163,"player_chunk":0.017,"prune":0.092,"publish":10.068,"queue_pages":7.282,"spawn":0.002,"wrap":0.009}
STREAMING_STEP_TIMING total=19.00ms {"drain_packets":0.006,"drain_pages":0.005,"enqueue":3.237,"evict":0.176,"player_chunk":0.02,"prune":0.084,"publish":7.836,"queue_pages":7.612,"spawn":0.003,"wrap":0.015}
STREAMING_STEP_TIMING total=21.04ms {"drain_packets":0.007,"drain_pages":0.005,"enqueue":3.328,"evict":0.183,"player_chunk":0.017,"prune":0.08,"publish":10.101,"queue_pages":7.312,"spawn":0.002,"wrap":0.007}
STREAMING_STEP_TIMING total=22.74ms {"drain_packets":0.006,"drain_pages":0.005,"enqueue":3.271,"evict":0.223,"player_chunk":0.021,"prune":0.08,"publish":8.984,"queue_pages":10.121,"spawn":0.007,"wrap":0.016}
STREAMING_STEP_TIMING total=23.76ms {"drain_packets":0.015,"drain_pages":0.01,"enqueue":4.16,"evict":0.18,"player_chunk":0.02,"prune":0.099,"publish":10.807,"queue_pages":8.454,"spawn":0.003,"wrap":0.012}
STREAMING_STEP_TIMING total=17.97ms {"drain_packets":0.008,"drain_pages":0.005,"enqueue":3.74,"evict":0.241,"player_chunk":0.02,"prune":0.09,"publish":6.5,"queue_pages":7.346,"spawn":0.002,"wrap":0.013}
STREAMING_STEP_TIMING total=21.63ms {"drain_packets":0.007,"drain_pages":0.005,"enqueue":3.246,"evict":0.183,"player_chunk":0.017,"prune":0.072,"publish":10.885,"queue_pages":7.208,"spawn":0.002,"wrap":0.008}
STREAMING_STEP_TIMING total=22.75ms {"drain_packets":0.009,"drain_pages":0.006,"enqueue":3.347,"evict":0.312,"player_chunk":0.021,"prune":0.076,"publish":10.243,"queue_pages":8.72,"spawn":0.003,"wrap":0.014}
STREAMING_STEP_TIMING total=22.35ms {"drain_packets":0.008,"drain_pages":0.005,"enqueue":4.226,"evict":0.189,"player_chunk":0.023,"prune":0.069,"publish":10.664,"queue_pages":7.147,"spawn":0.003,"wrap":0.012}
STREAMING_STEP_TIMING total=17.45ms {"drain_packets":0.007,"drain_pages":0.006,"enqueue":3.294,"evict":0.205,"player_chunk":0.024,"prune":0.068,"publish":6.615,"queue_pages":7.202,"spawn":0.004,"wrap":0.019}
STREAMING_STEP_TIMING total=21.62ms {"drain_packets":0.006,"drain_pages":0.005,"enqueue":3.279,"evict":0.194,"player_chunk":0.017,"prune":0.064,"publish":10.84,"queue_pages":7.208,"spawn":0.001,"wrap":0.006}
STREAMING_STEP_TIMING total=18.53ms {"drain_packets":0.006,"drain_pages":0.005,"enqueue":3.292,"evict":0.253,"player_chunk":0.021,"prune":0.063,"publish":7.752,"queue_pages":7.118,"spawn":0.002,"wrap":0.015}
STREAMING_STEP_TIMING total=24.09ms {"drain_packets":0.008,"drain_pages":0.006,"enqueue":4.089,"evict":0.238,"player_chunk":0.02,"prune":0.074,"publish":11.225,"queue_pages":8.412,"spawn":0.002,"wrap":0.011}
STREAMING_STEP_TIMING total=17.84ms {"drain_packets":0.006,"drain_pages":0.005,"enqueue":3.308,"evict":0.219,"player_chunk":0.019,"prune":0.061,"publish":6.504,"queue_pages":7.699,"spawn":0.002,"wrap":0.013}
STREAMING_STEP_TIMING total=24.25ms {"drain_packets":0.012,"drain_pages":0.007,"enqueue":3.365,"evict":0.21,"player_chunk":0.019,"prune":0.092,"publish":11.079,"queue_pages":9.457,"spawn":0.002,"wrap":0.006}
STREAMING_STEP_TIMING total=21.33ms {"drain_packets":0.013,"drain_pages":0.009,"enqueue":5.283,"evict":0.309,"player_chunk":0.03,"prune":0.099,"publish":5.11,"queue_pages":10.446,"spawn":0.004,"wrap":0.024}
STREAMING_STEP_TIMING total=21.08ms {"drain_packets":0.009,"drain_pages":0.005,"enqueue":3.357,"evict":0.219,"player_chunk":0.017,"prune":0.055,"publish":10.283,"queue_pages":7.124,"spawn":0.002,"wrap":0.011}
STREAMING_STEP_TIMING total=21.36ms {"drain_packets":0.007,"drain_pages":0.005,"enqueue":3.274,"evict":0.279,"player_chunk":0.026,"prune":0.055,"publish":9.085,"queue_pages":8.599,"spawn":0.004,"wrap":0.02}
STREAMING_STEP_TIMING total=23.18ms {"drain_packets":0.008,"drain_pages":0.005,"enqueue":3.463,"evict":0.217,"player_chunk":0.017,"prune":0.057,"publish":12.3,"queue_pages":7.099,"spawn":0.002,"wrap":0.006}
STREAMING_STEP_TIMING total=17.35ms {"drain_packets":0.007,"drain_pages":0.004,"enqueue":3.25,"evict":0.238,"player_chunk":0.02,"prune":0.048,"publish":6.67,"queue_pages":7.097,"spawn":0.003,"wrap":0.013}
STREAMING_STEP_TIMING total=22.61ms {"drain_packets":0.006,"drain_pages":0.005,"enqueue":3.313,"evict":0.225,"player_chunk":0.018,"prune":0.046,"publish":11.807,"queue_pages":7.178,"spawn":0.001,"wrap":0.01}
STREAMING_STEP_TIMING total=20.30ms {"drain_packets":0.007,"drain_pages":0.005,"enqueue":4.049,"evict":0.273,"player_chunk":0.023,"prune":0.054,"publish":7.529,"queue_pages":8.342,"spawn":0.002,"wrap":0.016}
STREAMING_STEP_TIMING total=26.45ms {"drain_packets":0.008,"drain_pages":0.005,"enqueue":4.083,"evict":0.248,"player_chunk":0.017,"prune":0.049,"publish":13.448,"queue_pages":8.586,"spawn":0.002,"wrap":0.007}
STREAMING_STEP_TIMING total=17.14ms {"drain_packets":0.008,"drain_pages":0.005,"enqueue":3.239,"evict":0.245,"player_chunk":0.02,"prune":0.043,"publish":6.448,"queue_pages":7.112,"spawn":0.003,"wrap":0.015}
STREAMING_STEP_TIMING total=23.25ms {"drain_packets":0.009,"drain_pages":0.006,"enqueue":3.319,"evict":0.242,"player_chunk":0.019,"prune":0.04,"publish":12.517,"queue_pages":7.081,"spawn":0.002,"wrap":0.01}
STREAMING_STEP_TIMING total=17.16ms {"drain_packets":0.008,"drain_pages":0.005,"enqueue":3.268,"evict":0.237,"player_chunk":0.015,"prune":0.041,"publish":6.346,"queue_pages":7.225,"spawn":0.003,"wrap":0.008}
STREAMING_STEP_TIMING total=27.30ms {"drain_packets":0.008,"drain_pages":0.005,"enqueue":3.371,"evict":0.236,"player_chunk":0.017,"prune":0.037,"publish":15.265,"queue_pages":8.347,"spawn":0.002,"wrap":0.006}
STREAMING_STEP_TIMING total=18.60ms {"drain_packets":0.007,"drain_pages":0.005,"enqueue":3.377,"evict":0.243,"player_chunk":0.021,"prune":0.036,"publish":7.783,"queue_pages":7.109,"spawn":0.003,"wrap":0.014}
STREAMING_STEP_TIMING total=17.25ms {"drain_packets":0.006,"drain_pages":0.005,"enqueue":3.255,"evict":0.26,"player_chunk":0.017,"prune":0.031,"publish":6.509,"queue_pages":7.154,"spawn":0.002,"wrap":0.009}
STREAMING_STEP_TIMING total=23.59ms {"drain_packets":0.009,"drain_pages":0.006,"enqueue":3.297,"evict":0.256,"player_chunk":0.014,"prune":0.031,"publish":12.759,"queue_pages":7.203,"spawn":0.002,"wrap":0.008}
STREAMING_STEP_TIMING total=19.25ms {"drain_packets":0.007,"drain_pages":0.006,"enqueue":3.267,"evict":0.26,"player_chunk":0.017,"prune":0.026,"publish":8.407,"queue_pages":7.255,"spawn":0.002,"wrap":0.006}
STREAMING_STEP_TIMING total=17.95ms {"drain_packets":0.009,"drain_pages":0.005,"enqueue":3.499,"evict":0.28,"player_chunk":0.021,"prune":0.025,"publish":6.724,"queue_pages":7.365,"spawn":0.003,"wrap":0.016}
STREAMING_STEP_TIMING total=24.36ms {"drain_packets":0.007,"drain_pages":0.005,"enqueue":3.269,"evict":0.263,"player_chunk":0.018,"prune":0.019,"publish":13.504,"queue_pages":7.259,"spawn":0.002,"wrap":0.009}
STREAMING_STEP_TIMING total=17.29ms {"drain_packets":0.007,"drain_pages":0.005,"enqueue":3.369,"evict":0.288,"player_chunk":0.02,"prune":0.02,"publish":6.413,"queue_pages":7.145,"spawn":0.003,"wrap":0.015}
STREAMING_STEP_TIMING total=24.24ms {"drain_packets":0.007,"drain_pages":0.005,"enqueue":3.299,"evict":0.253,"player_chunk":0.017,"prune":0.015,"publish":13.442,"queue_pages":7.196,"spawn":0.002,"wrap":0.006}
STREAMING_STEP_TIMING total=17.76ms {"drain_packets":0.006,"drain_pages":0.005,"enqueue":3.32,"evict":0.28,"player_chunk":0.019,"prune":0.016,"publish":6.775,"queue_pages":7.318,"spawn":0.002,"wrap":0.013}
STREAMING_STEP_TIMING total=25.26ms {"drain_packets":0.008,"drain_pages":0.006,"enqueue":4.061,"evict":0.331,"player_chunk":0.018,"prune":0.012,"publish":13.555,"queue_pages":7.249,"spawn":0.002,"wrap":0.013}
STREAMING_STEP_TIMING total=19.60ms {"drain_packets":0.006,"drain_pages":0.005,"enqueue":3.246,"evict":0.278,"player_chunk":0.017,"prune":0.011,"publish":8.856,"queue_pages":7.169,"spawn":0.002,"wrap":0.012}
STREAMING_STEP_TIMING total=18.61ms {"drain_packets":0.009,"drain_pages":0.005,"enqueue":3.425,"evict":0.364,"player_chunk":0.013,"prune":0.009,"publish":7.386,"queue_pages":7.392,"spawn":0.002,"wrap":0.006}
STREAMING_STEP_TIMING total=29.38ms {"drain_packets":0.009,"drain_pages":0.006,"enqueue":4.084,"evict":0.365,"player_chunk":0.02,"prune":0.003,"publish":16.456,"queue_pages":8.416,"spawn":0.002,"wrap":0.014}
STREAMING_STEP_TIMING total=12.91ms {"drain_packets":0.006,"drain_pages":0.006,"enqueue":4.084,"evict":0.362,"player_chunk":0.02,"prune":0.003,"publish":0.006,"queue_pages":8.406,"spawn":0.002,"wrap":0.01}
STREAMING_STEP_TIMING total=11.37ms {"drain_packets":0.01,"drain_pages":0.006,"enqueue":3.734,"evict":0.293,"player_chunk":0.009,"prune":0.006,"publish":0.005,"queue_pages":7.293,"spawn":0.003,"wrap":0.009}
STREAMING_STEP_TIMING total=11.27ms {"drain_packets":0.008,"drain_pages":0.005,"enqueue":3.575,"evict":0.303,"player_chunk":0.017,"prune":0.004,"publish":0.006,"queue_pages":7.342,"spawn":0.002,"wrap":0.007}
ERROR: Parameter "t" is null.
   at: texture_2d_get (./servers/rendering/dummy/storage/texture_storage.h:106)
   GDScript backtrace (most recent call first):
       [0] _capture_viewport (res://tools/runtime_mountain_raster_walk_probe.gd:440)
       [1] _run (res://tools/runtime_mountain_raster_walk_probe.gd:96)
       [2] _wait_until_settled (res://tools/runtime_mountain_raster_walk_probe.gd:293)
STREAMING_STEP_TIMING total=12.74ms {"drain_packets":0.015,"drain_pages":0.008,"enqueue":3.604,"evict":0.31,"player_chunk":0.022,"prune":0.005,"publish":0.006,"queue_pages":8.756,"spawn":0.004,"wrap":0.012}
STREAMING_STEP_TIMING total=11.05ms {"drain_packets":0.007,"drain_pages":0.005,"enqueue":3.293,"evict":0.311,"player_chunk":0.017,"prune":0.002,"publish":0.006,"queue_pages":7.393,"spawn":0.002,"wrap":0.011}
STREAMING_STEP_TIMING total=10.91ms {"drain_packets":0.007,"drain_pages":0.005,"enqueue":3.303,"evict":0.319,"player_chunk":0.014,"prune":0.003,"publish":0.006,"queue_pages":7.244,"spawn":0.003,"wrap":0.008}
STREAMING_STEP_TIMING total=11.06ms {"drain_packets":0.01,"drain_pages":0.006,"enqueue":3.609,"evict":0.282,"player_chunk":0.017,"prune":0.004,"publish":0.003,"queue_pages":7.116,"spawn":0.002,"wrap":0.006}
STREAMING_STEP_TIMING total=11.58ms {"drain_packets":0.011,"drain_pages":0.007,"enqueue":3.658,"evict":0.295,"player_chunk":0.013,"prune":0.006,"publish":0.005,"queue_pages":7.575,"spawn":0.002,"wrap":0.008}
STREAMING_STEP_TIMING total=10.98ms {"drain_packets":0.006,"drain_pages":0.005,"enqueue":3.289,"evict":0.297,"player_chunk":0.017,"prune":0.002,"publish":0.003,"queue_pages":7.351,"spawn":0.002,"wrap":0.011}
[FrameBudget] streaming=20.9ms topology=0.0ms visual=0.0ms spawn=0.0ms total=20.9ms/6.0ms world.streaming_v0=20.9ms(60)
STREAMING_STEP_TIMING total=11.11ms {"drain_packets":0.006,"drain_pages":0.005,"enqueue":3.301,"evict":0.295,"player_chunk":0.014,"prune":0.002,"publish":0.004,"queue_pages":7.467,"spawn":0.002,"wrap":0.009}
STREAMING_STEP_TIMING total=11.03ms {"drain_packets":0.004,"drain_pages":0.003,"enqueue":3.269,"evict":0.311,"player_chunk":0.014,"prune":0.002,"publish":0.004,"queue_pages":7.415,"spawn":0.002,"wrap":0.008}
STREAMING_STEP_TIMING total=10.95ms {"drain_packets":0.007,"drain_pages":0.005,"enqueue":3.373,"evict":0.297,"player_chunk":0.013,"prune":0.003,"publish":0.004,"queue_pages":7.239,"spawn":0.001,"wrap":0.008}
STREAMING_STEP_TIMING total=10.73ms {"drain_packets":0.005,"drain_pages":0.005,"enqueue":3.276,"evict":0.29,"player_chunk":0.017,"prune":0.002,"publish":0.005,"queue_pages":7.118,"spawn":0.002,"wrap":0.01}
STREAMING_STEP_TIMING total=11.96ms {"drain_packets":0.008,"drain_pages":0.007,"enqueue":3.503,"evict":0.24,"player_chunk":0.013,"prune":0.05,"publish":0.397,"queue_pages":7.73,"spawn":0.002,"wrap":0.008}
STREAMING_STEP_TIMING total=12.93ms {"drain_packets":0.369,"drain_pages":0.006,"enqueue":3.29,"evict":0.272,"player_chunk":0.013,"prune":0.033,"publish":0.193,"queue_pages":8.742,"spawn":0.002,"wrap":0.006}
STREAMING_STEP_TIMING total=11.19ms {"drain_packets":0.055,"drain_pages":0.005,"enqueue":3.281,"evict":0.407,"player_chunk":0.014,"prune":0.031,"publish":0.296,"queue_pages":7.084,"spawn":0.003,"wrap":0.009}
STREAMING_STEP_TIMING total=10.98ms {"drain_packets":0.054,"drain_pages":0.004,"enqueue":3.313,"evict":0.346,"player_chunk":0.012,"prune":0.03,"publish":0.226,"queue_pages":6.983,"spawn":0.001,"wrap":0.007}
STREAMING_STEP_TIMING total=15.03ms {"drain_packets":0.09,"drain_pages":0.008,"enqueue":4.632,"evict":0.411,"player_chunk":0.017,"prune":0.044,"publish":0.26,"queue_pages":9.556,"spawn":0.002,"wrap":0.009}
STREAMING_STEP_TIMING total=15.14ms {"drain_packets":0.071,"drain_pages":0.007,"enqueue":4.704,"evict":0.425,"player_chunk":0.016,"prune":0.041,"publish":0.256,"queue_pages":9.602,"spawn":0.002,"wrap":0.009}
STREAMING_STEP_TIMING total=15.08ms {"drain_packets":0.073,"drain_pages":0.007,"enqueue":4.759,"evict":0.429,"player_chunk":0.017,"prune":0.043,"publish":0.251,"queue_pages":9.487,"spawn":0.002,"wrap":0.01}
STREAMING_STEP_TIMING total=16.69ms {"drain_packets":0.08,"drain_pages":0.007,"enqueue":4.504,"evict":0.383,"player_chunk":0.016,"prune":0.044,"publish":0.314,"queue_pages":11.331,"spawn":0.002,"wrap":0.01}
STREAMING_STEP_TIMING total=17.48ms {"drain_packets":0.13,"drain_pages":0.01,"enqueue":5.305,"evict":0.377,"player_chunk":0.019,"prune":0.058,"publish":0.296,"queue_pages":11.27,"spawn":0.003,"wrap":0.012}
STREAMING_STEP_TIMING total=16.61ms {"drain_packets":0.013,"drain_pages":0.009,"enqueue":5.313,"evict":0.308,"player_chunk":0.023,"prune":0.054,"publish":0.24,"queue_pages":10.632,"spawn":0.002,"wrap":0.009}
STREAMING_STEP_TIMING total=23.74ms {"drain_packets":0.012,"drain_pages":0.008,"enqueue":8.287,"evict":0.343,"player_chunk":0.016,"prune":0.055,"publish":0.455,"queue_pages":14.552,"spawn":0.002,"wrap":0.011}
STREAMING_STEP_TIMING total=15.56ms {"drain_packets":0.01,"drain_pages":0.007,"enqueue":4.832,"evict":0.352,"player_chunk":0.022,"prune":0.045,"publish":0.277,"queue_pages":9.999,"spawn":0.003,"wrap":0.015}
STREAMING_STEP_TIMING total=15.92ms {"drain_packets":0.01,"drain_pages":0.007,"enqueue":5.3,"evict":0.346,"player_chunk":0.022,"prune":0.047,"publish":0.269,"queue_pages":9.892,"spawn":0.005,"wrap":0.016}
STREAMING_STEP_TIMING total=15.76ms {"drain_packets":0.01,"drain_pages":0.006,"enqueue":4.699,"evict":0.419,"player_chunk":0.024,"prune":0.043,"publish":0.365,"queue_pages":10.174,"spawn":0.003,"wrap":0.013}
STREAMING_STEP_TIMING total=27.32ms {"drain_packets":0.012,"drain_pages":0.171,"enqueue":5.495,"evict":0.442,"player_chunk":0.021,"prune":0.056,"publish":10.32,"queue_pages":10.79,"spawn":0.003,"wrap":0.012}
STREAMING_STEP_TIMING total=40.23ms {"drain_packets":0.013,"drain_pages":0.007,"enqueue":6.6,"evict":0.362,"player_chunk":0.02,"prune":0.053,"publish":22.218,"queue_pages":10.945,"spawn":0.003,"wrap":0.008}
STREAMING_STEP_TIMING total=28.56ms {"drain_packets":0.009,"drain_pages":0.007,"enqueue":4.75,"evict":0.431,"player_chunk":0.022,"prune":0.039,"publish":9.73,"queue_pages":13.553,"spawn":0.002,"wrap":0.01}
STREAMING_STEP_TIMING total=40.90ms {"drain_packets":0.011,"drain_pages":0.008,"enqueue":5.588,"evict":0.389,"player_chunk":0.025,"prune":0.05,"publish":23.464,"queue_pages":11.345,"spawn":0.002,"wrap":0.015}
STREAMING_STEP_TIMING total=17.01ms {"drain_packets":0.012,"drain_pages":0.008,"enqueue":5.016,"evict":0.412,"player_chunk":0.02,"prune":0.036,"publish":0.17,"queue_pages":11.313,"spawn":0.003,"wrap":0.013}
STREAMING_STEP_TIMING total=17.00ms {"drain_packets":0.01,"drain_pages":0.006,"enqueue":5.048,"evict":0.376,"player_chunk":0.022,"prune":0.038,"publish":0.147,"queue_pages":11.341,"spawn":0.002,"wrap":0.01}
STREAMING_STEP_TIMING total=15.95ms {"drain_packets":0.01,"drain_pages":0.007,"enqueue":5.136,"evict":0.382,"player_chunk":0.017,"prune":0.037,"publish":0.148,"queue_pages":10.196,"spawn":0.002,"wrap":0.01}
STREAMING_STEP_TIMING total=18.10ms {"drain_packets":0.01,"drain_pages":0.006,"enqueue":5.032,"evict":0.375,"player_chunk":0.024,"prune":0.035,"publish":0.145,"queue_pages":12.454,"spawn":0.002,"wrap":0.013}
STREAMING_STEP_TIMING total=16.68ms {"drain_packets":0.01,"drain_pages":0.007,"enqueue":5.128,"evict":0.378,"player_chunk":0.017,"prune":0.036,"publish":0.147,"queue_pages":10.937,"spawn":0.003,"wrap":0.01}
STREAMING_STEP_TIMING total=17.61ms {"drain_packets":0.011,"drain_pages":0.006,"enqueue":6.546,"evict":0.465,"player_chunk":0.022,"prune":0.083,"publish":0.146,"queue_pages":10.318,"spawn":0.002,"wrap":0.013}
STREAMING_STEP_TIMING total=17.01ms {"drain_packets":0.013,"drain_pages":0.007,"enqueue":6.126,"evict":0.377,"player_chunk":0.018,"prune":0.048,"publish":0.146,"queue_pages":10.262,"spawn":0.002,"wrap":0.01}
STREAMING_STEP_TIMING total=16.11ms {"drain_packets":0.011,"drain_pages":0.007,"enqueue":5.169,"evict":0.389,"player_chunk":0.028,"prune":0.038,"publish":0.147,"queue_pages":10.311,"spawn":0.003,"wrap":0.008}
STREAMING_STEP_TIMING total=19.79ms {"drain_packets":0.011,"drain_pages":0.007,"enqueue":7.858,"evict":0.369,"player_chunk":0.018,"prune":0.039,"publish":0.155,"queue_pages":11.323,"spawn":0.002,"wrap":0.01}
STREAMING_STEP_TIMING total=14.10ms {"drain_packets":0.01,"drain_pages":0.007,"enqueue":4.753,"evict":0.361,"player_chunk":0.023,"prune":0.033,"publish":0.123,"queue_pages":8.775,"spawn":0.002,"wrap":0.013}
STREAMING_STEP_TIMING total=23.52ms {"drain_packets":0.01,"drain_pages":0.134,"enqueue":4.765,"evict":0.439,"player_chunk":0.019,"prune":0.035,"publish":9.807,"queue_pages":8.288,"spawn":0.003,"wrap":0.013}
STREAMING_STEP_TIMING total=31.24ms {"drain_packets":0.01,"drain_pages":0.006,"enqueue":5.873,"evict":0.424,"player_chunk":0.023,"prune":0.032,"publish":15.893,"queue_pages":8.952,"spawn":0.004,"wrap":0.015}
STREAMING_STEP_TIMING total=22.02ms {"drain_packets":0.009,"drain_pages":0.163,"enqueue":5.232,"evict":0.341,"player_chunk":0.019,"prune":0.031,"publish":7.426,"queue_pages":8.783,"spawn":0.003,"wrap":0.011}
STREAMING_STEP_TIMING total=26.20ms {"drain_packets":0.009,"drain_pages":0.006,"enqueue":3.66,"evict":0.292,"player_chunk":0.019,"prune":0.018,"publish":15.013,"queue_pages":7.167,"spawn":0.002,"wrap":0.008}
STREAMING_STEP_TIMING total=16.09ms {"drain_packets":0.008,"drain_pages":0.005,"enqueue":3.347,"evict":0.311,"player_chunk":0.013,"prune":0.016,"publish":5.144,"queue_pages":7.231,"spawn":0.002,"wrap":0.009}
STREAMING_STEP_TIMING total=26.57ms {"drain_packets":0.013,"drain_pages":0.008,"enqueue":3.549,"evict":0.37,"player_chunk":0.018,"prune":0.031,"publish":15.221,"queue_pages":7.351,"spawn":0.002,"wrap":0.009}
STREAMING_STEP_TIMING total=20.51ms {"drain_packets":0.011,"drain_pages":0.007,"enqueue":4.181,"evict":0.356,"player_chunk":0.016,"prune":0.02,"publish":7.538,"queue_pages":8.363,"spawn":0.002,"wrap":0.011}
STREAMING_STEP_TIMING total=33.93ms {"drain_packets":0.009,"drain_pages":0.006,"enqueue":4.153,"evict":0.456,"player_chunk":0.027,"prune":0.011,"publish":20.991,"queue_pages":8.261,"spawn":0.002,"wrap":0.008}
STREAMING_STEP_TIMING total=26.22ms {"drain_packets":0.009,"drain_pages":0.007,"enqueue":5.287,"evict":0.399,"player_chunk":0.021,"prune":0.013,"publish":11.738,"queue_pages":8.726,"spawn":0.003,"wrap":0.013}
STREAMING_STEP_TIMING total=13.00ms {"drain_packets":0.011,"drain_pages":0.006,"enqueue":4.301,"evict":0.407,"player_chunk":0.023,"prune":0.005,"publish":0.005,"queue_pages":8.225,"spawn":0.003,"wrap":0.013}
STREAMING_STEP_TIMING total=12.22ms {"drain_packets":0.012,"drain_pages":0.006,"enqueue":4.341,"evict":0.317,"player_chunk":0.015,"prune":0.006,"publish":0.007,"queue_pages":7.498,"spawn":0.002,"wrap":0.009}
STREAMING_STEP_TIMING total=13.12ms {"drain_packets":0.006,"drain_pages":0.006,"enqueue":3.265,"evict":0.493,"player_chunk":0.018,"prune":0.002,"publish":0.009,"queue_pages":9.306,"spawn":0.002,"wrap":0.006}
STREAMING_STEP_TIMING total=15.99ms {"drain_packets":0.011,"drain_pages":0.008,"enqueue":5.327,"evict":0.389,"player_chunk":0.021,"prune":0.004,"publish":0.007,"queue_pages":10.206,"spawn":0.003,"wrap":0.012}
STREAMING_STEP_TIMING total=12.89ms {"drain_packets":0.008,"drain_pages":0.005,"enqueue":4.079,"evict":0.391,"player_chunk":0.02,"prune":0.003,"publish":0.007,"queue_pages":8.366,"spawn":0.002,"wrap":0.011}
STREAMING_STEP_TIMING total=12.83ms {"drain_packets":0.008,"drain_pages":0.005,"enqueue":4.201,"evict":0.422,"player_chunk":0.015,"prune":0.003,"publish":0.006,"queue_pages":8.16,"spawn":0.002,"wrap":0.009}
STREAMING_STEP_TIMING total=12.74ms {"drain_packets":0.009,"drain_pages":0.006,"enqueue":4.121,"evict":0.365,"player_chunk":0.021,"prune":0.005,"publish":0.005,"queue_pages":8.188,"spawn":0.002,"wrap":0.013}
STREAMING_STEP_TIMING total=16.05ms {"drain_packets":0.012,"drain_pages":0.007,"enqueue":4.751,"evict":0.472,"player_chunk":0.015,"prune":0.006,"publish":0.006,"queue_pages":10.764,"spawn":0.002,"wrap":0.009}
STREAMING_STEP_TIMING total=14.03ms {"drain_packets":0.013,"drain_pages":0.008,"enqueue":5.254,"evict":0.318,"player_chunk":0.024,"prune":0.007,"publish":0.006,"queue_pages":8.381,"spawn":0.003,"wrap":0.011}
STREAMING_STEP_TIMING total=15.67ms {"drain_packets":0.012,"drain_pages":0.008,"enqueue":4.459,"evict":0.475,"player_chunk":0.015,"prune":0.006,"publish":0.008,"queue_pages":10.672,"spawn":0.002,"wrap":0.008}
STREAMING_STEP_TIMING total=11.30ms {"drain_packets":0.009,"drain_pages":0.005,"enqueue":3.757,"evict":0.311,"player_chunk":0.023,"prune":0.004,"publish":0.006,"queue_pages":7.168,"spawn":0.002,"wrap":0.014}
STREAMING_STEP_TIMING total=11.67ms {"drain_packets":0.005,"drain_pages":0.005,"enqueue":3.309,"evict":0.395,"player_chunk":0.014,"prune":0.002,"publish":0.007,"queue_pages":7.923,"spawn":0.001,"wrap":0.009}
STREAMING_STEP_TIMING total=12.61ms {"drain_packets":0.009,"drain_pages":0.007,"enqueue":4.08,"evict":0.363,"player_chunk":0.021,"prune":0.003,"publish":0.004,"queue_pages":8.109,"spawn":0.002,"wrap":0.011}
STREAMING_STEP_TIMING total=10.62ms {"drain_packets":0.007,"drain_pages":0.006,"enqueue":3.344,"evict":0.299,"player_chunk":0.014,"prune":0.003,"publish":0.003,"queue_pages":6.935,"spawn":0.002,"wrap":0.009}
STREAMING_STEP_TIMING total=10.57ms {"drain_packets":0.005,"drain_pages":0.003,"enqueue":3.251,"evict":0.307,"player_chunk":0.016,"prune":0.001,"publish":0.004,"queue_pages":6.975,"spawn":0.002,"wrap":0.006}
STREAMING_STEP_TIMING total=10.61ms {"drain_packets":0.006,"drain_pages":0.004,"enqueue":3.287,"evict":0.292,"player_chunk":0.013,"prune":0.002,"publish":0.003,"queue_pages":6.989,"spawn":0.002,"wrap":0.007}
STREAMING_STEP_TIMING total=10.73ms {"drain_packets":0.006,"drain_pages":0.005,"enqueue":3.284,"evict":0.31,"player_chunk":0.011,"prune":0.003,"publish":0.005,"queue_pages":7.094,"spawn":0.001,"wrap":0.007}
STREAMING_STEP_TIMING total=10.63ms {"drain_packets":0.005,"drain_pages":0.005,"enqueue":3.257,"evict":0.307,"player_chunk":0.013,"prune":0.002,"publish":0.004,"queue_pages":7.022,"spawn":0.002,"wrap":0.007}
STREAMING_STEP_TIMING total=10.56ms {"drain_packets":0.006,"drain_pages":0.003,"enqueue":3.323,"evict":0.291,"player_chunk":0.015,"prune":0.003,"publish":0.002,"queue_pages":6.9,"spawn":0.002,"wrap":0.009}
STREAMING_STEP_TIMING total=10.56ms {"drain_packets":0.007,"drain_pages":0.005,"enqueue":3.257,"evict":0.302,"player_chunk":0.011,"prune":0.004,"publish":0.004,"queue_pages":6.957,"spawn":0.001,"wrap":0.006}
STREAMING_STEP_TIMING total=10.67ms {"drain_packets":0.005,"drain_pages":0.004,"enqueue":3.272,"evict":0.308,"player_chunk":0.016,"prune":0.002,"publish":0.004,"queue_pages":7.045,"spawn":0.001,"wrap":0.01}
STREAMING_STEP_TIMING total=10.60ms {"drain_packets":0.006,"drain_pages":0.005,"enqueue":3.333,"evict":0.302,"player_chunk":0.013,"prune":0.003,"publish":0.004,"queue_pages":6.925,"spawn":0.001,"wrap":0.007}
STREAMING_STEP_TIMING total=13.02ms {"drain_packets":0.008,"drain_pages":0.006,"enqueue":3.339,"evict":0.473,"player_chunk":0.016,"prune":0.003,"publish":0.007,"queue_pages":9.159,"spawn":0.002,"wrap":0.006}
STREAMING_STEP_TIMING total=13.81ms {"drain_packets":0.012,"drain_pages":0.007,"enqueue":5.249,"evict":0.318,"player_chunk":0.018,"prune":0.006,"publish":0.005,"queue_pages":8.182,"spawn":0.002,"wrap":0.011}
STREAMING_STEP_TIMING total=11.35ms {"drain_packets":0.006,"drain_pages":0.005,"enqueue":3.285,"evict":0.484,"player_chunk":0.018,"prune":0.002,"publish":0.007,"queue_pages":7.526,"spawn":0.002,"wrap":0.011}
STREAMING_STEP_TIMING total=15.82ms {"drain_packets":0.009,"drain_pages":0.006,"enqueue":5.213,"evict":0.326,"player_chunk":0.019,"prune":0.004,"publish":0.006,"queue_pages":10.225,"spawn":0.002,"wrap":0.012}
STREAMING_STEP_TIMING total=10.61ms {"drain_packets":0.007,"drain_pages":0.005,"enqueue":3.289,"evict":0.298,"player_chunk":0.018,"prune":0.001,"publish":0.003,"queue_pages":6.98,"spawn":0.002,"wrap":0.01}
STREAMING_STEP_TIMING total=11.22ms {"drain_packets":0.009,"drain_pages":0.005,"enqueue":3.768,"evict":0.311,"player_chunk":0.014,"prune":0.004,"publish":0.004,"queue_pages":7.092,"spawn":0.002,"wrap":0.008}
STREAMING_STEP_TIMING total=10.96ms {"drain_packets":0.006,"drain_pages":0.004,"enqueue":3.287,"evict":0.319,"player_chunk":0.018,"prune":0.002,"publish":0.006,"queue_pages":7.304,"spawn":0.002,"wrap":0.01}
STREAMING_STEP_TIMING total=11.01ms {"drain_packets":0.007,"drain_pages":0.005,"enqueue":3.282,"evict":0.308,"player_chunk":0.013,"prune":0.002,"publish":0.005,"queue_pages":7.376,"spawn":0.002,"wrap":0.008}
STREAMING_STEP_TIMING total=10.85ms {"drain_packets":0.007,"drain_pages":0.005,"enqueue":3.408,"evict":0.306,"player_chunk":0.017,"prune":0.003,"publish":0.003,"queue_pages":7.088,"spawn":0.002,"wrap":0.007}
STREAMING_STEP_TIMING total=11.07ms {"drain_packets":0.013,"drain_pages":0.008,"enqueue":3.43,"evict":0.313,"player_chunk":0.013,"prune":0.006,"publish":0.005,"queue_pages":7.266,"spawn":0.002,"wrap":0.008}
STREAMING_STEP_TIMING total=10.59ms {"drain_packets":0.006,"drain_pages":0.004,"enqueue":3.249,"evict":0.316,"player_chunk":0.018,"prune":0.002,"publish":0.005,"queue_pages":6.979,"spawn":0.001,"wrap":0.011}
STREAMING_STEP_TIMING total=10.72ms {"drain_packets":0.007,"drain_pages":0.005,"enqueue":3.293,"evict":0.299,"player_chunk":0.014,"prune":0.003,"publish":0.003,"queue_pages":7.08,"spawn":0.002,"wrap":0.009}
STREAMING_STEP_TIMING total=10.84ms {"drain_packets":0.008,"drain_pages":0.005,"enqueue":3.402,"evict":0.309,"player_chunk":0.016,"prune":0.002,"publish":0.004,"queue_pages":7.083,"spawn":0.002,"wrap":0.01}
STREAMING_STEP_TIMING total=10.94ms {"drain_packets":0.006,"drain_pages":0.004,"enqueue":3.336,"evict":0.325,"player_chunk":0.013,"prune":0.001,"publish":0.006,"queue_pages":7.239,"spawn":0.002,"wrap":0.007}
STREAMING_STEP_TIMING total=12.22ms {"drain_packets":0.007,"drain_pages":0.006,"enqueue":3.344,"evict":0.497,"player_chunk":0.019,"prune":0.003,"publish":0.008,"queue_pages":8.318,"spawn":0.002,"wrap":0.011}
STREAMING_STEP_TIMING total=14.58ms {"drain_packets":0.011,"drain_pages":0.008,"enqueue":5.27,"evict":0.377,"player_chunk":0.019,"prune":0.006,"publish":0.006,"queue_pages":8.864,"spawn":0.002,"wrap":0.012}
STREAMING_STEP_TIMING total=12.66ms {"drain_packets":0.01,"drain_pages":0.007,"enqueue":4.096,"evict":0.365,"player_chunk":0.019,"prune":0.006,"publish":0.004,"queue_pages":8.144,"spawn":0.002,"wrap":0.007}
STREAMING_STEP_TIMING total=12.66ms {"drain_packets":0.006,"drain_pages":0.004,"enqueue":4.072,"evict":0.378,"player_chunk":0.015,"prune":0.002,"publish":0.005,"queue_pages":8.161,"spawn":0.002,"wrap":0.009}
STREAMING_STEP_TIMING total=12.61ms {"drain_packets":0.006,"drain_pages":0.005,"enqueue":4.065,"evict":0.375,"player_chunk":0.018,"prune":0.003,"publish":0.005,"queue_pages":8.115,"spawn":0.002,"wrap":0.011}
STREAMING_STEP_TIMING total=11.38ms {"drain_packets":0.005,"drain_pages":0.006,"enqueue":4.077,"evict":0.298,"player_chunk":0.014,"prune":0.002,"publish":0.003,"queue_pages":6.964,"spawn":0.002,"wrap":0.009}
STREAMING_STEP_TIMING total=10.61ms {"drain_packets":0.008,"drain_pages":0.005,"enqueue":3.248,"evict":0.305,"player_chunk":0.011,"prune":0.002,"publish":0.004,"queue_pages":7.019,"spawn":0.002,"wrap":0.007}
STREAMING_STEP_TIMING total=10.68ms {"drain_packets":0.005,"drain_pages":0.004,"enqueue":3.258,"evict":0.313,"player_chunk":0.013,"prune":0.002,"publish":0.004,"queue_pages":7.074,"spawn":0.002,"wrap":0.007}
STREAMING_STEP_TIMING total=10.73ms {"drain_packets":0.006,"drain_pages":0.004,"enqueue":3.333,"evict":0.302,"player_chunk":0.016,"prune":0.002,"publish":0.003,"queue_pages":7.049,"spawn":0.001,"wrap":0.01}
STREAMING_STEP_TIMING total=10.79ms {"drain_packets":0.007,"drain_pages":0.005,"enqueue":3.342,"evict":0.318,"player_chunk":0.013,"prune":0.002,"publish":0.007,"queue_pages":7.088,"spawn":0.001,"wrap":0.008}
STREAMING_STEP_TIMING total=11.04ms {"drain_packets":0.006,"drain_pages":0.005,"enqueue":3.333,"evict":0.447,"player_chunk":0.017,"prune":0.002,"publish":0.006,"queue_pages":7.215,"spawn":0.002,"wrap":0.007}
STREAMING_STEP_TIMING total=10.74ms {"drain_packets":0.006,"drain_pages":0.004,"enqueue":3.293,"evict":0.294,"player_chunk":0.013,"prune":0.002,"publish":0.003,"queue_pages":7.117,"spawn":0.002,"wrap":0.007}
STREAMING_STEP_TIMING total=10.69ms {"drain_packets":0.007,"drain_pages":0.005,"enqueue":3.334,"evict":0.297,"player_chunk":0.012,"prune":0.002,"publish":0.004,"queue_pages":7.014,"spawn":0.001,"wrap":0.01}
STREAMING_STEP_TIMING total=10.62ms {"drain_packets":0.005,"drain_pages":0.004,"enqueue":3.268,"evict":0.315,"player_chunk":0.013,"prune":0.002,"publish":0.005,"queue_pages":6.994,"spawn":0.001,"wrap":0.008}
STREAMING_STEP_TIMING total=10.50ms {"drain_packets":0.005,"drain_pages":0.005,"enqueue":3.245,"evict":0.294,"player_chunk":0.018,"prune":0.002,"publish":0.002,"queue_pages":6.912,"spawn":0.002,"wrap":0.01}
STREAMING_STEP_TIMING total=10.88ms {"drain_packets":0.008,"drain_pages":0.005,"enqueue":3.595,"evict":0.305,"player_chunk":0.017,"prune":0.004,"publish":0.003,"queue_pages":6.933,"spawn":0.003,"wrap":0.009}
STREAMING_STEP_TIMING total=10.70ms {"drain_packets":0.004,"drain_pages":0.004,"enqueue":3.241,"evict":0.322,"player_chunk":0.016,"prune":0.002,"publish":0.006,"queue_pages":7.095,"spawn":0.002,"wrap":0.009}
STREAMING_STEP_TIMING total=10.64ms {"drain_packets":0.006,"drain_pages":0.004,"enqueue":3.297,"evict":0.301,"player_chunk":0.013,"prune":0.003,"publish":0.004,"queue_pages":7.001,"spawn":0.002,"wrap":0.008}
STREAMING_STEP_TIMING total=12.69ms {"drain_packets":0.01,"drain_pages":0.007,"enqueue":4.107,"evict":0.363,"player_chunk":0.025,"prune":0.003,"publish":0.004,"queue_pages":8.153,"spawn":0.003,"wrap":0.012}
STREAMING_STEP_TIMING total=12.98ms {"drain_packets":0.011,"drain_pages":0.006,"enqueue":4.402,"evict":0.366,"player_chunk":0.014,"prune":0.006,"publish":0.006,"queue_pages":8.153,"spawn":0.002,"wrap":0.009}
STREAMING_STEP_TIMING total=12.04ms {"drain_packets":0.007,"drain_pages":0.005,"enqueue":4.058,"evict":0.323,"player_chunk":0.02,"prune":0.002,"publish":0.006,"queue_pages":7.602,"spawn":0.002,"wrap":0.012}
STREAMING_STEP_TIMING total=10.92ms {"drain_packets":0.006,"drain_pages":0.005,"enqueue":3.267,"evict":0.324,"player_chunk":0.013,"prune":0.003,"publish":0.007,"queue_pages":7.284,"spawn":0.002,"wrap":0.008}
STREAMING_STEP_TIMING total=10.68ms {"drain_packets":0.007,"drain_pages":0.005,"enqueue":3.333,"evict":0.297,"player_chunk":0.018,"prune":0.003,"publish":0.004,"queue_pages":6.999,"spawn":0.002,"wrap":0.013}
STREAMING_STEP_TIMING total=10.68ms {"drain_packets":0.005,"drain_pages":0.004,"enqueue":3.239,"evict":0.314,"player_chunk":0.012,"prune":0.002,"publish":0.006,"queue_pages":7.089,"spawn":0.001,"wrap":0.008}
STREAMING_STEP_TIMING total=10.75ms {"drain_packets":0.006,"drain_pages":0.004,"enqueue":3.275,"evict":0.362,"player_chunk":0.017,"prune":0.002,"publish":0.004,"queue_pages":7.063,"spawn":0.002,"wrap":0.01}
STREAMING_STEP_TIMING total=10.88ms {"drain_packets":0.008,"drain_pages":0.005,"enqueue":3.562,"evict":0.298,"player_chunk":0.012,"prune":0.004,"publish":0.002,"queue_pages":6.98,"spawn":0.002,"wrap":0.007}
STREAMING_STEP_TIMING total=10.54ms {"drain_packets":0.006,"drain_pages":0.004,"enqueue":3.271,"evict":0.299,"player_chunk":0.014,"prune":0.002,"publish":0.004,"queue_pages":6.927,"spawn":0.001,"wrap":0.006}
STREAMING_STEP_TIMING total=10.53ms {"drain_packets":0.006,"drain_pages":0.004,"enqueue":3.24,"evict":0.309,"player_chunk":0.013,"prune":0.001,"publish":0.004,"queue_pages":6.939,"spawn":0.002,"wrap":0.008}
STREAMING_STEP_TIMING total=10.71ms {"drain_packets":0.008,"drain_pages":0.005,"enqueue":3.296,"evict":0.299,"player_chunk":0.017,"prune":0.002,"publish":0.004,"queue_pages":7.06,"spawn":0.002,"wrap":0.01}
STREAMING_STEP_TIMING total=10.71ms {"drain_packets":0.006,"drain_pages":0.005,"enqueue":3.293,"evict":0.306,"player_chunk":0.013,"prune":0.001,"publish":0.004,"queue_pages":7.071,"spawn":0.001,"wrap":0.007}
STREAMING_STEP_TIMING total=10.63ms {"drain_packets":0.005,"drain_pages":0.005,"enqueue":3.349,"evict":0.307,"player_chunk":0.017,"prune":0.002,"publish":0.004,"queue_pages":6.928,"spawn":0.002,"wrap":0.009}
STREAMING_STEP_TIMING total=10.81ms {"drain_packets":0.006,"drain_pages":0.005,"enqueue":3.268,"evict":0.327,"player_chunk":0.014,"prune":0.002,"publish":0.005,"queue_pages":7.169,"spawn":0.003,"wrap":0.007}
STREAMING_STEP_TIMING total=11.05ms {"drain_packets":0.008,"drain_pages":0.005,"enqueue":3.441,"evict":0.317,"player_chunk":0.019,"prune":0.003,"publish":0.006,"queue_pages":7.232,"spawn":0.002,"wrap":0.011}
STREAMING_STEP_TIMING total=10.83ms {"drain_packets":0.009,"drain_pages":0.005,"enqueue":3.352,"evict":0.323,"player_chunk":0.014,"prune":0.004,"publish":0.005,"queue_pages":7.111,"spawn":0.002,"wrap":0.008}
STREAMING_STEP_TIMING total=10.58ms {"drain_packets":0.005,"drain_pages":0.005,"enqueue":3.296,"evict":0.304,"player_chunk":0.018,"prune":0.003,"publish":0.003,"queue_pages":6.934,"spawn":0.002,"wrap":0.006}
STREAMING_STEP_TIMING total=11.31ms {"drain_packets":0.008,"drain_pages":0.005,"enqueue":3.353,"evict":0.495,"player_chunk":0.013,"prune":0.002,"publish":0.007,"queue_pages":7.415,"spawn":0.002,"wrap":0.008}
STREAMING_STEP_TIMING total=16.01ms {"drain_packets":0.01,"drain_pages":0.006,"enqueue":5.23,"evict":0.383,"player_chunk":0.029,"prune":0.004,"publish":0.007,"queue_pages":10.32,"spawn":0.003,"wrap":0.015}
STREAMING_STEP_TIMING total=12.68ms {"drain_packets":0.007,"drain_pages":0.005,"enqueue":4.071,"evict":0.378,"player_chunk":0.015,"prune":0.002,"publish":0.006,"queue_pages":8.186,"spawn":0.002,"wrap":0.009}
STREAMING_STEP_TIMING total=10.74ms {"drain_packets":0.006,"drain_pages":0.005,"enqueue":3.399,"evict":0.298,"player_chunk":0.019,"prune":0.002,"publish":0.003,"queue_pages":6.992,"spawn":0.002,"wrap":0.011}
STREAMING_STEP_TIMING total=10.64ms {"drain_packets":0.008,"drain_pages":0.004,"enqueue":3.312,"evict":0.295,"player_chunk":0.012,"prune":0.003,"publish":0.003,"queue_pages":6.994,"spawn":0.001,"wrap":0.008}
STREAMING_STEP_TIMING total=10.71ms {"drain_packets":0.005,"drain_pages":0.004,"enqueue":3.254,"evict":0.317,"player_chunk":0.015,"prune":0.001,"publish":0.005,"queue_pages":7.092,"spawn":0.001,"wrap":0.01}
STREAMING_STEP_TIMING total=10.67ms {"drain_packets":0.005,"drain_pages":0.005,"enqueue":3.243,"evict":0.438,"player_chunk":0.013,"prune":0.002,"publish":0.004,"queue_pages":6.946,"spawn":0.002,"wrap":0.008}
STREAMING_STEP_TIMING total=10.85ms {"drain_packets":0.009,"drain_pages":0.005,"enqueue":3.614,"evict":0.301,"player_chunk":0.02,"prune":0.004,"publish":0.003,"queue_pages":6.886,"spawn":0.002,"wrap":0.007}
[FrameBudget] streaming=14.7ms topology=0.0ms visual=0.0ms spawn=0.0ms total=14.7ms/6.0ms world.streaming_v0=14.7ms(60)
STREAMING_STEP_TIMING total=10.90ms {"drain_packets":0.005,"drain_pages":0.005,"enqueue":3.235,"evict":0.319,"player_chunk":0.013,"prune":0.002,"publish":0.006,"queue_pages":7.302,"spawn":0.002,"wrap":0.008}
STREAMING_STEP_TIMING total=11.01ms {"drain_packets":0.007,"drain_pages":0.005,"enqueue":3.428,"evict":0.422,"player_chunk":0.017,"prune":0.003,"publish":0.005,"queue_pages":7.113,"spawn":0.002,"wrap":0.01}
STREAMING_STEP_TIMING total=10.63ms {"drain_packets":0.007,"drain_pages":0.005,"enqueue":3.361,"evict":0.294,"player_chunk":0.014,"prune":0.003,"publish":0.003,"queue_pages":6.929,"spawn":0.002,"wrap":0.008}
STREAMING_STEP_TIMING total=11.66ms {"drain_packets":0.005,"drain_pages":0.002,"enqueue":3.252,"evict":0.38,"player_chunk":0.012,"prune":0.001,"publish":0.007,"queue_pages":7.989,"spawn":0.002,"wrap":0.008}
STREAMING_STEP_TIMING total=12.39ms {"drain_packets":0.006,"drain_pages":0.005,"enqueue":4.041,"evict":0.325,"player_chunk":0.015,"prune":0.002,"publish":0.006,"queue_pages":7.983,"spawn":0.002,"wrap":0.008}
STREAMING_STEP_TIMING total=10.54ms {"drain_packets":0.006,"drain_pages":0.005,"enqueue":3.26,"evict":0.302,"player_chunk":0.018,"prune":0.002,"publish":0.003,"queue_pages":6.927,"spawn":0.002,"wrap":0.011}
STREAMING_STEP_TIMING total=15.90ms {"drain_packets":0.012,"drain_pages":0.007,"enqueue":4.554,"evict":0.479,"player_chunk":0.013,"prune":0.006,"publish":0.008,"queue_pages":10.805,"spawn":0.002,"wrap":0.008}
STREAMING_STEP_TIMING total=11.16ms {"drain_packets":0.01,"drain_pages":0.016,"enqueue":3.753,"evict":0.3,"player_chunk":0.021,"prune":0.006,"publish":0.003,"queue_pages":7.036,"spawn":0.003,"wrap":0.01}
STREAMING_STEP_TIMING total=11.40ms {"drain_packets":0.005,"drain_pages":0.003,"enqueue":3.33,"evict":0.324,"player_chunk":0.014,"prune":0.002,"publish":0.007,"queue_pages":7.702,"spawn":0.002,"wrap":0.007}
STREAMING_STEP_TIMING total=11.62ms {"drain_packets":0.009,"drain_pages":0.004,"enqueue":3.251,"evict":0.504,"player_chunk":0.017,"prune":0.002,"publish":0.008,"queue_pages":7.809,"spawn":0.001,"wrap":0.011}
STREAMING_STEP_TIMING total=11.45ms {"drain_packets":0.009,"drain_pages":0.005,"enqueue":4.037,"evict":0.31,"player_chunk":0.02,"prune":0.005,"publish":0.005,"queue_pages":7.045,"spawn":0.003,"wrap":0.013}
STREAMING_STEP_TIMING total=11.91ms {"drain_packets":0.01,"drain_pages":0.006,"enqueue":3.942,"evict":0.575,"player_chunk":0.019,"prune":0.005,"publish":0.008,"queue_pages":7.327,"spawn":0.002,"wrap":0.01}
STREAMING_STEP_TIMING total=13.87ms {"drain_packets":0.01,"drain_pages":0.007,"enqueue":5.002,"evict":0.405,"player_chunk":0.019,"prune":0.005,"publish":0.008,"queue_pages":8.399,"spawn":0.003,"wrap":0.014}
STREAMING_STEP_TIMING total=13.77ms {"drain_packets":0.01,"drain_pages":0.007,"enqueue":4.324,"evict":0.387,"player_chunk":0.02,"prune":0.005,"publish":0.007,"queue_pages":8.989,"spawn":0.003,"wrap":0.011}
STREAMING_STEP_TIMING total=12.78ms {"drain_packets":0.006,"drain_pages":0.006,"enqueue":4.059,"evict":0.418,"player_chunk":0.015,"prune":0.002,"publish":0.006,"queue_pages":8.251,"spawn":0.002,"wrap":0.01}
STREAMING_STEP_TIMING total=12.53ms {"drain_packets":0.008,"drain_pages":0.005,"enqueue":4.092,"evict":0.3,"player_chunk":0.019,"prune":0.003,"publish":0.004,"queue_pages":8.089,"spawn":0.002,"wrap":0.006}
STREAMING_STEP_TIMING total=10.74ms {"drain_packets":0.007,"drain_pages":0.004,"enqueue":3.362,"evict":0.309,"player_chunk":0.022,"prune":0.004,"publish":0.005,"queue_pages":7.014,"spawn":0.001,"wrap":0.007}
STREAMING_STEP_TIMING total=10.71ms {"drain_packets":0.006,"drain_pages":0.005,"enqueue":3.275,"evict":0.316,"player_chunk":0.016,"prune":0.002,"publish":0.005,"queue_pages":7.072,"spawn":0.002,"wrap":0.01}
STREAMING_STEP_TIMING total=10.68ms {"drain_packets":0.006,"drain_pages":0.004,"enqueue":3.281,"evict":0.303,"player_chunk":0.014,"prune":0.001,"publish":0.004,"queue_pages":7.06,"spawn":0.002,"wrap":0.008}
STREAMING_STEP_TIMING total=10.98ms {"drain_packets":0.007,"drain_pages":0.006,"enqueue":3.386,"evict":0.317,"player_chunk":0.015,"prune":0.003,"publish":0.005,"queue_pages":7.229,"spawn":0.002,"wrap":0.01}
STREAMING_STEP_TIMING total=10.80ms {"drain_packets":0.006,"drain_pages":0.005,"enqueue":3.257,"evict":0.319,"player_chunk":0.013,"prune":0.001,"publish":0.006,"queue_pages":7.185,"spawn":0.002,"wrap":0.008}
STREAMING_STEP_TIMING total=10.64ms {"drain_packets":0.007,"drain_pages":0.006,"enqueue":3.321,"evict":0.296,"player_chunk":0.016,"prune":0.003,"publish":0.003,"queue_pages":6.973,"spawn":0.003,"wrap":0.009}
STREAMING_STEP_TIMING total=10.58ms {"drain_packets":0.007,"drain_pages":0.005,"enqueue":3.235,"evict":0.303,"player_chunk":0.012,"prune":0.002,"publish":0.004,"queue_pages":7.0,"spawn":0.002,"wrap":0.007}
STREAMING_STEP_TIMING total=10.62ms {"drain_packets":0.005,"drain_pages":0.004,"enqueue":3.284,"evict":0.306,"player_chunk":0.015,"prune":0.002,"publish":0.003,"queue_pages":6.988,"spawn":0.002,"wrap":0.006}
STREAMING_STEP_TIMING total=10.62ms {"drain_packets":0.006,"drain_pages":0.004,"enqueue":3.294,"evict":0.297,"player_chunk":0.012,"prune":0.003,"publish":0.003,"queue_pages":6.989,"spawn":0.002,"wrap":0.008}
STREAMING_STEP_TIMING total=10.61ms {"drain_packets":0.008,"drain_pages":0.005,"enqueue":3.291,"evict":0.309,"player_chunk":0.014,"prune":0.004,"publish":0.005,"queue_pages":6.959,"spawn":0.001,"wrap":0.009}
STREAMING_STEP_TIMING total=10.67ms {"drain_packets":0.006,"drain_pages":0.005,"enqueue":3.278,"evict":0.335,"player_chunk":0.013,"prune":0.002,"publish":0.005,"queue_pages":7.016,"spawn":0.001,"wrap":0.008}
STREAMING_STEP_TIMING total=10.60ms {"drain_packets":0.007,"drain_pages":0.004,"enqueue":3.296,"evict":0.3,"player_chunk":0.023,"prune":0.002,"publish":0.003,"queue_pages":6.952,"spawn":0.001,"wrap":0.01}
STREAMING_STEP_TIMING total=10.64ms {"drain_packets":0.006,"drain_pages":0.005,"enqueue":3.314,"evict":0.298,"player_chunk":0.013,"prune":0.003,"publish":0.003,"queue_pages":6.982,"spawn":0.002,"wrap":0.008}
STREAMING_STEP_TIMING total=10.64ms {"drain_packets":0.005,"drain_pages":0.003,"enqueue":3.255,"evict":0.312,"player_chunk":0.017,"prune":0.001,"publish":0.004,"queue_pages":7.034,"spawn":0.002,"wrap":0.009}
STREAMING_STEP_TIMING total=10.84ms {"drain_packets":0.005,"drain_pages":0.004,"enqueue":3.327,"evict":0.302,"player_chunk":0.013,"prune":0.002,"publish":0.003,"queue_pages":7.176,"spawn":0.002,"wrap":0.007}
STREAMING_STEP_TIMING total=11.03ms {"drain_packets":0.009,"drain_pages":0.006,"enqueue":3.529,"evict":0.306,"player_chunk":0.01,"prune":0.004,"publish":0.005,"queue_pages":7.151,"spawn":0.001,"wrap":0.005}
STREAMING_STEP_TIMING total=10.72ms {"drain_packets":0.006,"drain_pages":0.005,"enqueue":3.245,"evict":0.323,"player_chunk":0.014,"prune":0.001,"publish":0.006,"queue_pages":7.11,"spawn":0.002,"wrap":0.008}
STREAMING_STEP_TIMING total=10.49ms {"drain_packets":0.005,"drain_pages":0.005,"enqueue":3.252,"evict":0.298,"player_chunk":0.018,"prune":0.002,"publish":0.002,"queue_pages":6.896,"spawn":0.002,"wrap":0.01}
STREAMING_STEP_TIMING total=12.43ms {"drain_packets":0.009,"drain_pages":0.005,"enqueue":4.976,"evict":0.312,"player_chunk":0.009,"prune":0.006,"publish":0.004,"queue_pages":7.101,"spawn":0.002,"wrap":0.006}
STREAMING_STEP_TIMING total=11.14ms {"drain_packets":0.006,"drain_pages":0.005,"enqueue":3.344,"evict":0.325,"player_chunk":0.017,"prune":0.002,"publish":0.007,"queue_pages":7.422,"spawn":0.001,"wrap":0.011}
STREAMING_STEP_TIMING total=10.91ms {"drain_packets":0.006,"drain_pages":0.005,"enqueue":3.313,"evict":0.423,"player_chunk":0.013,"prune":0.002,"publish":0.005,"queue_pages":7.126,"spawn":0.003,"wrap":0.008}
STREAMING_STEP_TIMING total=10.74ms {"drain_packets":0.006,"drain_pages":0.004,"enqueue":3.376,"evict":0.301,"player_chunk":0.018,"prune":0.002,"publish":0.003,"queue_pages":7.012,"spawn":0.002,"wrap":0.011}
STREAMING_STEP_TIMING total=10.53ms {"drain_packets":0.005,"drain_pages":0.004,"enqueue":3.22,"evict":0.305,"player_chunk":0.012,"prune":0.002,"publish":0.004,"queue_pages":6.969,"spawn":0.001,"wrap":0.008}
STREAMING_STEP_TIMING total=10.58ms {"drain_packets":0.005,"drain_pages":0.004,"enqueue":3.268,"evict":0.299,"player_chunk":0.016,"prune":0.002,"publish":0.002,"queue_pages":6.973,"spawn":0.002,"wrap":0.005}
STREAMING_STEP_TIMING total=10.81ms {"drain_packets":0.007,"drain_pages":0.005,"enqueue":3.292,"evict":0.3,"player_chunk":0.012,"prune":0.002,"publish":0.003,"queue_pages":7.176,"spawn":0.001,"wrap":0.008}
STREAMING_STEP_TIMING total=10.74ms {"drain_packets":0.004,"drain_pages":0.004,"enqueue":3.243,"evict":0.311,"player_chunk":0.015,"prune":0.002,"publish":0.005,"queue_pages":7.144,"spawn":0.002,"wrap":0.009}
STREAMING_STEP_TIMING total=10.65ms {"drain_packets":0.006,"drain_pages":0.005,"enqueue":3.302,"evict":0.315,"player_chunk":0.014,"prune":0.002,"publish":0.005,"queue_pages":6.996,"spawn":0.002,"wrap":0.007}
STREAMING_STEP_TIMING total=10.61ms {"drain_packets":0.006,"drain_pages":0.005,"enqueue":3.336,"evict":0.302,"player_chunk":0.016,"prune":0.002,"publish":0.003,"queue_pages":6.93,"spawn":0.001,"wrap":0.011}
STREAMING_STEP_TIMING total=10.80ms {"drain_packets":0.005,"drain_pages":0.004,"enqueue":3.248,"evict":0.317,"player_chunk":0.012,"prune":0.002,"publish":0.005,"queue_pages":7.196,"spawn":0.001,"wrap":0.007}
STREAMING_STEP_TIMING total=10.80ms {"drain_packets":0.007,"drain_pages":0.005,"enqueue":3.311,"evict":0.305,"player_chunk":0.018,"prune":0.003,"publish":0.004,"queue_pages":7.135,"spawn":0.002,"wrap":0.01}
STREAMING_STEP_TIMING total=13.44ms {"drain_packets":0.009,"drain_pages":0.005,"enqueue":3.427,"evict":0.492,"player_chunk":0.014,"prune":0.003,"publish":0.008,"queue_pages":9.464,"spawn":0.002,"wrap":0.008}
STREAMING_STEP_TIMING total=11.65ms {"drain_packets":0.01,"drain_pages":0.006,"enqueue":4.21,"evict":0.319,"player_chunk":0.024,"prune":0.006,"publish":0.005,"queue_pages":7.058,"spawn":0.003,"wrap":0.01}
STREAMING_STEP_TIMING total=13.05ms {"drain_packets":0.009,"drain_pages":0.005,"enqueue":3.374,"evict":0.324,"player_chunk":0.014,"prune":0.003,"publish":0.006,"queue_pages":9.303,"spawn":0.002,"wrap":0.008}
STREAMING_STEP_TIMING total=10.98ms {"drain_packets":0.006,"drain_pages":0.004,"enqueue":3.281,"evict":0.318,"player_chunk":0.017,"prune":0.002,"publish":0.006,"queue_pages":7.333,"spawn":0.002,"wrap":0.01}
STREAMING_STEP_TIMING total=10.69ms {"drain_packets":0.006,"drain_pages":0.005,"enqueue":3.327,"evict":0.3,"player_chunk":0.014,"prune":0.003,"publish":0.004,"queue_pages":7.015,"spawn":0.002,"wrap":0.008}
STREAMING_STEP_TIMING total=10.78ms {"drain_packets":0.006,"drain_pages":0.005,"enqueue":3.411,"evict":0.311,"player_chunk":0.017,"prune":0.003,"publish":0.004,"queue_pages":7.013,"spawn":0.002,"wrap":0.01}
STREAMING_STEP_TIMING total=10.99ms {"drain_packets":0.006,"drain_pages":0.004,"enqueue":3.272,"evict":0.322,"player_chunk":0.013,"prune":0.001,"publish":0.006,"queue_pages":7.353,"spawn":0.002,"wrap":0.008}
STREAMING_STEP_TIMING total=10.66ms {"drain_packets":0.01,"drain_pages":0.007,"enqueue":3.393,"evict":0.299,"player_chunk":0.017,"prune":0.003,"publish":0.004,"queue_pages":6.911,"spawn":0.002,"wrap":0.01}
STREAMING_STEP_TIMING total=10.87ms {"drain_packets":0.01,"drain_pages":0.005,"enqueue":3.356,"evict":0.313,"player_chunk":0.014,"prune":0.005,"publish":0.005,"queue_pages":7.149,"spawn":0.002,"wrap":0.008}
STREAMING_STEP_TIMING total=10.73ms {"drain_packets":0.006,"drain_pages":0.005,"enqueue":3.295,"evict":0.315,"player_chunk":0.018,"prune":0.002,"publish":0.005,"queue_pages":7.071,"spawn":0.002,"wrap":0.006}
STREAMING_STEP_TIMING total=10.65ms {"drain_packets":0.006,"drain_pages":0.004,"enqueue":3.26,"evict":0.3,"player_chunk":0.014,"prune":0.002,"publish":0.003,"queue_pages":7.055,"spawn":0.002,"wrap":0.007}
STREAMING_STEP_TIMING total=10.69ms {"drain_packets":0.013,"drain_pages":0.006,"enqueue":3.391,"evict":0.301,"player_chunk":0.015,"prune":0.007,"publish":0.002,"queue_pages":6.943,"spawn":0.001,"wrap":0.01}
STREAMING_STEP_TIMING total=10.69ms {"drain_packets":0.004,"drain_pages":0.004,"enqueue":3.265,"evict":0.318,"player_chunk":0.014,"prune":0.002,"publish":0.006,"queue_pages":7.062,"spawn":0.001,"wrap":0.009}
STREAMING_STEP_TIMING total=10.65ms {"drain_packets":0.005,"drain_pages":0.005,"enqueue":3.282,"evict":0.3,"player_chunk":0.017,"prune":0.002,"publish":0.002,"queue_pages":7.028,"spawn":0.001,"wrap":0.011}
STREAMING_STEP_TIMING total=10.72ms {"drain_packets":0.01,"drain_pages":0.006,"enqueue":3.328,"evict":0.3,"player_chunk":0.011,"prune":0.005,"publish":0.004,"queue_pages":7.048,"spawn":0.001,"wrap":0.006}
STREAMING_STEP_TIMING total=10.68ms {"drain_packets":0.006,"drain_pages":0.004,"enqueue":3.284,"evict":0.316,"player_chunk":0.02,"prune":0.001,"publish":0.006,"queue_pages":7.027,"spawn":0.002,"wrap":0.01}
STREAMING_STEP_TIMING total=10.66ms {"drain_packets":0.006,"drain_pages":0.005,"enqueue":3.307,"evict":0.301,"player_chunk":0.013,"prune":0.002,"publish":0.004,"queue_pages":7.008,"spawn":0.002,"wrap":0.008}
STREAMING_STEP_TIMING total=10.67ms {"drain_packets":0.009,"drain_pages":0.006,"enqueue":3.316,"evict":0.306,"player_chunk":0.015,"prune":0.004,"publish":0.005,"queue_pages":7.001,"spawn":0.002,"wrap":0.006}
STREAMING_STEP_TIMING total=10.69ms {"drain_packets":0.006,"drain_pages":0.005,"enqueue":3.315,"evict":0.313,"player_chunk":0.013,"prune":0.002,"publish":0.006,"queue_pages":7.015,"spawn":0.002,"wrap":0.008}
STREAMING_STEP_TIMING total=10.60ms {"drain_packets":0.006,"drain_pages":0.004,"enqueue":3.244,"evict":0.381,"player_chunk":0.017,"prune":0.002,"publish":0.003,"queue_pages":6.922,"spawn":0.002,"wrap":0.012}
STREAMING_STEP_TIMING total=10.67ms {"drain_packets":0.009,"drain_pages":0.005,"enqueue":3.377,"evict":0.3,"player_chunk":0.015,"prune":0.006,"publish":0.003,"queue_pages":6.944,"spawn":0.001,"wrap":0.008}
STREAMING_STEP_TIMING total=10.76ms {"drain_packets":0.006,"drain_pages":0.004,"enqueue":3.261,"evict":0.32,"player_chunk":0.017,"prune":0.002,"publish":0.005,"queue_pages":7.135,"spawn":0.002,"wrap":0.011}
STREAMING_STEP_TIMING total=10.73ms {"drain_packets":0.006,"drain_pages":0.005,"enqueue":3.265,"evict":0.3,"player_chunk":0.014,"prune":0.002,"publish":0.004,"queue_pages":7.121,"spawn":0.002,"wrap":0.008}
STREAMING_STEP_TIMING total=10.62ms {"drain_packets":0.009,"drain_pages":0.006,"enqueue":3.292,"evict":0.308,"player_chunk":0.015,"prune":0.003,"publish":0.004,"queue_pages":6.972,"spawn":0.001,"wrap":0.009}
STREAMING_STEP_TIMING total=10.91ms {"drain_packets":0.006,"drain_pages":0.005,"enqueue":3.322,"evict":0.319,"player_chunk":0.013,"prune":0.002,"publish":0.006,"queue_pages":7.231,"spawn":0.002,"wrap":0.008}
STREAMING_STEP_TIMING total=10.72ms {"drain_packets":0.006,"drain_pages":0.004,"enqueue":3.293,"evict":0.295,"player_chunk":0.016,"prune":0.001,"publish":0.003,"queue_pages":7.095,"spawn":0.002,"wrap":0.007}
STREAMING_STEP_TIMING total=10.57ms {"drain_packets":0.007,"drain_pages":0.005,"enqueue":3.273,"evict":0.301,"player_chunk":0.012,"prune":0.002,"publish":0.004,"queue_pages":6.959,"spawn":0.001,"wrap":0.008}
STREAMING_STEP_TIMING total=10.83ms {"drain_packets":0.004,"drain_pages":0.004,"enqueue":3.319,"evict":0.312,"player_chunk":0.015,"prune":0.002,"publish":0.005,"queue_pages":7.158,"spawn":0.002,"wrap":0.009}
STREAMING_STEP_TIMING total=10.59ms {"drain_packets":0.005,"drain_pages":0.005,"enqueue":3.289,"evict":0.301,"player_chunk":0.013,"prune":0.002,"publish":0.004,"queue_pages":6.964,"spawn":0.002,"wrap":0.008}
STREAMING_STEP_TIMING total=10.66ms {"drain_packets":0.008,"drain_pages":0.005,"enqueue":3.284,"evict":0.354,"player_chunk":0.017,"prune":0.003,"publish":0.003,"queue_pages":6.973,"spawn":0.002,"wrap":0.009}
STREAMING_STEP_TIMING total=12.64ms {"drain_packets":0.008,"drain_pages":0.005,"enqueue":4.042,"evict":0.37,"player_chunk":0.014,"prune":0.002,"publish":0.004,"queue_pages":8.183,"spawn":0.002,"wrap":0.009}
STREAMING_STEP_TIMING total=12.34ms {"drain_packets":0.011,"drain_pages":0.006,"enqueue":4.067,"evict":0.323,"player_chunk":0.018,"prune":0.006,"publish":0.006,"queue_pages":7.891,"spawn":0.001,"wrap":0.012}
STREAMING_STEP_TIMING total=10.79ms {"drain_packets":0.006,"drain_pages":0.005,"enqueue":3.342,"evict":0.308,"player_chunk":0.015,"prune":0.002,"publish":0.005,"queue_pages":7.095,"spawn":0.002,"wrap":0.008}
STREAMING_STEP_TIMING total=10.85ms {"drain_packets":0.008,"drain_pages":0.006,"enqueue":3.521,"evict":0.298,"player_chunk":0.015,"prune":0.004,"publish":0.004,"queue_pages":6.985,"spawn":0.001,"wrap":0.007}
STREAMING_STEP_TIMING total=10.83ms {"drain_packets":0.005,"drain_pages":0.004,"enqueue":3.285,"evict":0.324,"player_chunk":0.014,"prune":0.002,"publish":0.005,"queue_pages":7.18,"spawn":0.002,"wrap":0.008}
STREAMING_STEP_TIMING total=10.45ms {"drain_packets":0.006,"drain_pages":0.004,"enqueue":3.266,"evict":0.292,"player_chunk":0.017,"prune":0.002,"publish":0.003,"queue_pages":6.845,"spawn":0.002,"wrap":0.011}
STREAMING_STEP_TIMING total=10.71ms {"drain_packets":0.01,"drain_pages":0.007,"enqueue":3.358,"evict":0.305,"player_chunk":0.01,"prune":0.004,"publish":0.004,"queue_pages":7.002,"spawn":0.001,"wrap":0.006}
STREAMING_STEP_TIMING total=10.89ms {"drain_packets":0.005,"drain_pages":0.004,"enqueue":3.287,"evict":0.322,"player_chunk":0.017,"prune":0.001,"publish":0.005,"queue_pages":7.237,"spawn":0.001,"wrap":0.01}
STREAMING_STEP_TIMING total=10.69ms {"drain_packets":0.006,"drain_pages":0.005,"enqueue":3.41,"evict":0.296,"player_chunk":0.021,"prune":0.002,"publish":0.003,"queue_pages":6.926,"spawn":0.003,"wrap":0.013}
STREAMING_STEP_TIMING total=10.75ms {"drain_packets":0.009,"drain_pages":0.005,"enqueue":3.361,"evict":0.297,"player_chunk":0.013,"prune":0.003,"publish":0.005,"queue_pages":7.044,"spawn":0.002,"wrap":0.007}
STREAMING_STEP_TIMING total=10.76ms {"drain_packets":0.006,"drain_pages":0.004,"enqueue":3.273,"evict":0.319,"player_chunk":0.013,"prune":0.001,"publish":0.006,"queue_pages":7.13,"spawn":0.001,"wrap":0.008}
STREAMING_STEP_TIMING total=10.63ms {"drain_packets":0.006,"drain_pages":0.004,"enqueue":3.262,"evict":0.3,"player_chunk":0.016,"prune":0.001,"publish":0.002,"queue_pages":7.025,"spawn":0.002,"wrap":0.006}
STREAMING_STEP_TIMING total=10.71ms {"drain_packets":0.009,"drain_pages":0.005,"enqueue":3.435,"evict":0.294,"player_chunk":0.01,"prune":0.004,"publish":0.003,"queue_pages":6.941,"spawn":0.001,"wrap":0.006}
STREAMING_STEP_TIMING total=10.74ms {"drain_packets":0.004,"drain_pages":0.003,"enqueue":3.27,"evict":0.323,"player_chunk":0.016,"prune":0.002,"publish":0.006,"queue_pages":7.101,"spawn":0.002,"wrap":0.009}
STREAMING_STEP_TIMING total=10.65ms {"drain_packets":0.006,"drain_pages":0.004,"enqueue":3.243,"evict":0.398,"player_chunk":0.013,"prune":0.004,"publish":0.002,"queue_pages":6.97,"spawn":0.002,"wrap":0.008}
STREAMING_STEP_TIMING total=10.82ms {"drain_packets":0.007,"drain_pages":0.005,"enqueue":3.423,"evict":0.348,"player_chunk":0.012,"prune":0.003,"publish":0.003,"queue_pages":7.003,"spawn":0.001,"wrap":0.008}
STREAMING_STEP_TIMING total=11.08ms {"drain_packets":0.005,"drain_pages":0.004,"enqueue":3.37,"evict":0.325,"player_chunk":0.014,"prune":0.003,"publish":0.005,"queue_pages":7.338,"spawn":0.002,"wrap":0.008}
STREAMING_STEP_TIMING total=11.00ms {"drain_packets":0.006,"drain_pages":0.005,"enqueue":3.336,"evict":0.382,"player_chunk":0.018,"prune":0.003,"publish":0.006,"queue_pages":7.227,"spawn":0.002,"wrap":0.01}
STREAMING_STEP_TIMING total=10.83ms {"drain_packets":0.009,"drain_pages":0.005,"enqueue":3.445,"evict":0.31,"player_chunk":0.014,"prune":0.004,"publish":0.004,"queue_pages":7.029,"spawn":0.003,"wrap":0.009}
STREAMING_STEP_TIMING total=10.63ms {"drain_packets":0.007,"drain_pages":0.005,"enqueue":3.323,"evict":0.309,"player_chunk":0.016,"prune":0.003,"publish":0.004,"queue_pages":6.949,"spawn":0.001,"wrap":0.007}
STREAMING_STEP_TIMING total=11.84ms {"drain_packets":0.006,"drain_pages":0.004,"enqueue":3.272,"evict":0.318,"player_chunk":0.014,"prune":0.002,"publish":0.006,"queue_pages":8.208,"spawn":0.002,"wrap":0.009}
STREAMING_STEP_TIMING total=11.01ms {"drain_packets":0.008,"drain_pages":0.005,"enqueue":3.322,"evict":0.373,"player_chunk":0.019,"prune":0.003,"publish":0.006,"queue_pages":7.264,"spawn":0.001,"wrap":0.011}
STREAMING_STEP_TIMING total=12.86ms {"drain_packets":0.008,"drain_pages":0.006,"enqueue":4.115,"evict":0.375,"player_chunk":0.015,"prune":0.004,"publish":0.006,"queue_pages":8.314,"spawn":0.002,"wrap":0.009}
STREAMING_STEP_TIMING total=11.46ms {"drain_packets":0.007,"drain_pages":0.005,"enqueue":4.121,"evict":0.315,"player_chunk":0.02,"prune":0.003,"publish":0.005,"queue_pages":6.969,"spawn":0.002,"wrap":0.013}
STREAMING_STEP_TIMING total=10.61ms {"drain_packets":0.005,"drain_pages":0.005,"enqueue":3.273,"evict":0.304,"player_chunk":0.013,"prune":0.002,"publish":0.004,"queue_pages":6.993,"spawn":0.002,"wrap":0.008}
STREAMING_STEP_TIMING total=11.33ms {"drain_packets":0.007,"drain_pages":0.005,"enqueue":3.333,"evict":0.482,"player_chunk":0.017,"prune":0.004,"publish":0.007,"queue_pages":7.457,"spawn":0.002,"wrap":0.011}
STREAMING_STEP_TIMING total=14.12ms {"drain_packets":0.015,"drain_pages":0.008,"enqueue":5.277,"evict":0.537,"player_chunk":0.018,"prune":0.007,"publish":0.009,"queue_pages":8.235,"spawn":0.003,"wrap":0.012}
STREAMING_STEP_TIMING total=11.39ms {"drain_packets":0.009,"drain_pages":0.006,"enqueue":3.855,"evict":0.317,"player_chunk":0.023,"prune":0.004,"publish":0.006,"queue_pages":7.156,"spawn":0.002,"wrap":0.009}
STREAMING_STEP_TIMING total=10.50ms {"drain_packets":0.007,"drain_pages":0.004,"enqueue":3.3,"evict":0.292,"player_chunk":0.013,"prune":0.003,"publish":0.003,"queue_pages":6.866,"spawn":0.002,"wrap":0.008}
STREAMING_STEP_TIMING total=11.02ms {"drain_packets":0.007,"drain_pages":0.004,"enqueue":3.25,"evict":0.376,"player_chunk":0.012,"prune":0.002,"publish":0.004,"queue_pages":7.358,"spawn":0.002,"wrap":0.007}
STREAMING_STEP_TIMING total=12.61ms {"drain_packets":0.006,"drain_pages":0.005,"enqueue":4.032,"evict":0.376,"player_chunk":0.014,"prune":0.001,"publish":0.006,"queue_pages":8.156,"spawn":0.002,"wrap":0.008}
STREAMING_STEP_TIMING total=12.72ms {"drain_packets":0.006,"drain_pages":0.005,"enqueue":4.098,"evict":0.376,"player_chunk":0.02,"prune":0.003,"publish":0.006,"queue_pages":8.187,"spawn":0.002,"wrap":0.01}
STREAMING_STEP_TIMING total=12.92ms {"drain_packets":0.012,"drain_pages":0.007,"enqueue":4.275,"evict":0.401,"player_chunk":0.015,"prune":0.006,"publish":0.007,"queue_pages":8.183,"spawn":0.002,"wrap":0.009}
STREAMING_STEP_TIMING total=12.70ms {"drain_packets":0.011,"drain_pages":0.007,"enqueue":4.071,"evict":0.368,"player_chunk":0.021,"prune":0.003,"publish":0.006,"queue_pages":8.196,"spawn":0.002,"wrap":0.013}
STREAMING_STEP_TIMING total=12.86ms {"drain_packets":0.011,"drain_pages":0.006,"enqueue":4.152,"evict":0.395,"player_chunk":0.015,"prune":0.004,"publish":0.007,"queue_pages":8.254,"spawn":0.002,"wrap":0.009}
STREAMING_STEP_TIMING total=13.75ms {"drain_packets":0.007,"drain_pages":0.005,"enqueue":4.075,"evict":0.493,"player_chunk":0.019,"prune":0.002,"publish":0.008,"queue_pages":9.129,"spawn":0.001,"wrap":0.007}
STREAMING_STEP_TIMING total=14.90ms {"drain_packets":0.011,"drain_pages":0.006,"enqueue":5.212,"evict":0.382,"player_chunk":0.019,"prune":0.004,"publish":0.007,"queue_pages":9.241,"spawn":0.002,"wrap":0.012}
STREAMING_STEP_TIMING total=12.60ms {"drain_packets":0.007,"drain_pages":0.005,"enqueue":4.059,"evict":0.319,"player_chunk":0.02,"prune":0.002,"publish":0.006,"queue_pages":8.163,"spawn":0.002,"wrap":0.012}
STREAMING_STEP_TIMING total=10.47ms {"drain_packets":0.006,"drain_pages":0.005,"enqueue":3.237,"evict":0.298,"player_chunk":0.014,"prune":0.002,"publish":0.003,"queue_pages":6.894,"spawn":0.001,"wrap":0.008}
STREAMING_STEP_TIMING total=10.55ms {"drain_packets":0.008,"drain_pages":0.005,"enqueue":3.34,"evict":0.296,"player_chunk":0.015,"prune":0.003,"publish":0.004,"queue_pages":6.865,"spawn":0.002,"wrap":0.01}
STREAMING_STEP_TIMING total=11.05ms {"drain_packets":0.005,"drain_pages":0.005,"enqueue":3.252,"evict":0.324,"player_chunk":0.013,"prune":0.002,"publish":0.007,"queue_pages":7.435,"spawn":0.002,"wrap":0.007}
STREAMING_STEP_TIMING total=10.54ms {"drain_packets":0.006,"drain_pages":0.005,"enqueue":3.256,"evict":0.293,"player_chunk":0.017,"prune":0.002,"publish":0.002,"queue_pages":6.948,"spawn":0.002,"wrap":0.006}
STREAMING_STEP_TIMING total=10.50ms {"drain_packets":0.007,"drain_pages":0.005,"enqueue":3.242,"evict":0.295,"player_chunk":0.01,"prune":0.003,"publish":0.004,"queue_pages":6.921,"spawn":0.002,"wrap":0.006}
STREAMING_STEP_TIMING total=10.71ms {"drain_packets":0.005,"drain_pages":0.004,"enqueue":3.245,"evict":0.325,"player_chunk":0.016,"prune":0.002,"publish":0.007,"queue_pages":7.093,"spawn":0.002,"wrap":0.01}
[FrameBudget] streaming=11.4ms topology=0.0ms visual=0.0ms spawn=0.0ms total=11.4ms/6.0ms world.streaming_v0=11.4ms(60)
STREAMING_STEP_TIMING total=10.56ms {"drain_packets":0.005,"drain_pages":0.005,"enqueue":3.255,"evict":0.294,"player_chunk":0.014,"prune":0.002,"publish":0.002,"queue_pages":6.974,"spawn":0.002,"wrap":0.008}
STREAMING_STEP_TIMING total=10.64ms {"drain_packets":0.007,"drain_pages":0.006,"enqueue":3.292,"evict":0.296,"player_chunk":0.011,"prune":0.003,"publish":0.003,"queue_pages":7.01,"spawn":0.002,"wrap":0.006}
STREAMING_STEP_TIMING total=10.54ms {"drain_packets":0.005,"drain_pages":0.004,"enqueue":3.251,"evict":0.308,"player_chunk":0.012,"prune":0.001,"publish":0.005,"queue_pages":6.943,"spawn":0.002,"wrap":0.007}
STREAMING_STEP_TIMING total=10.62ms {"drain_packets":0.005,"drain_pages":0.004,"enqueue":3.267,"evict":0.302,"player_chunk":0.016,"prune":0.002,"publish":0.003,"queue_pages":7.007,"spawn":0.002,"wrap":0.01}
STREAMING_STEP_TIMING total=10.64ms {"drain_packets":0.008,"drain_pages":0.006,"enqueue":3.274,"evict":0.302,"player_chunk":0.011,"prune":0.002,"publish":0.003,"queue_pages":7.022,"spawn":0.001,"wrap":0.007}
STREAMING_STEP_TIMING total=10.77ms {"drain_packets":0.01,"drain_pages":0.006,"enqueue":3.409,"evict":0.316,"player_chunk":0.015,"prune":0.005,"publish":0.006,"queue_pages":6.993,"spawn":0.001,"wrap":0.007}
STREAMING_STEP_TIMING total=12.27ms {"drain_packets":0.005,"drain_pages":0.006,"enqueue":3.266,"evict":0.483,"player_chunk":0.014,"prune":0.002,"publish":0.007,"queue_pages":8.477,"spawn":0.002,"wrap":0.008}
STREAMING_STEP_TIMING total=12.16ms {"drain_packets":0.009,"drain_pages":0.005,"enqueue":4.642,"evict":0.315,"player_chunk":0.024,"prune":0.005,"publish":0.006,"queue_pages":7.141,"spawn":0.002,"wrap":0.015}
STREAMING_STEP_TIMING total=10.54ms {"drain_packets":0.008,"drain_pages":0.007,"enqueue":3.287,"evict":0.307,"player_chunk":0.014,"prune":0.003,"publish":0.004,"queue_pages":6.902,"spawn":0.002,"wrap":0.007}
STREAMING_STEP_TIMING total=14.45ms {"drain_packets":0.011,"drain_pages":0.007,"enqueue":3.532,"evict":0.334,"player_chunk":0.019,"prune":0.005,"publish":0.006,"queue_pages":10.522,"spawn":0.002,"wrap":0.01}
STREAMING_STEP_TIMING total=10.57ms {"drain_packets":0.012,"drain_pages":0.006,"enqueue":3.313,"evict":0.309,"player_chunk":0.014,"prune":0.006,"publish":0.004,"queue_pages":6.894,"spawn":0.002,"wrap":0.008}
STREAMING_STEP_TIMING total=11.10ms {"drain_packets":0.009,"drain_pages":0.005,"enqueue":3.387,"evict":0.371,"player_chunk":0.018,"prune":0.004,"publish":0.006,"queue_pages":7.281,"spawn":0.003,"wrap":0.012}
STREAMING_STEP_TIMING total=12.74ms {"drain_packets":0.007,"drain_pages":0.006,"enqueue":4.052,"evict":0.412,"player_chunk":0.015,"prune":0.004,"publish":0.005,"queue_pages":8.222,"spawn":0.001,"wrap":0.009}
STREAMING_STEP_TIMING total=12.74ms {"drain_packets":0.007,"drain_pages":0.006,"enqueue":4.073,"evict":0.383,"player_chunk":0.018,"prune":0.003,"publish":0.007,"queue_pages":8.235,"spawn":0.001,"wrap":0.007}
STREAMING_STEP_TIMING total=12.92ms {"drain_packets":0.007,"drain_pages":0.005,"enqueue":4.058,"evict":0.39,"player_chunk":0.014,"prune":0.004,"publish":0.006,"queue_pages":8.422,"spawn":0.002,"wrap":0.009}
STREAMING_STEP_TIMING total=11.81ms {"drain_packets":0.008,"drain_pages":0.005,"enqueue":4.074,"evict":0.307,"player_chunk":0.019,"prune":0.003,"publish":0.004,"queue_pages":7.378,"spawn":0.002,"wrap":0.012}
STREAMING_STEP_TIMING total=10.63ms {"drain_packets":0.01,"drain_pages":0.006,"enqueue":3.349,"evict":0.309,"player_chunk":0.013,"prune":0.004,"publish":0.005,"queue_pages":6.925,"spawn":0.002,"wrap":0.007}
STREAMING_STEP_TIMING total=10.67ms {"drain_packets":0.006,"drain_pages":0.004,"enqueue":3.26,"evict":0.336,"player_chunk":0.017,"prune":0.001,"publish":0.005,"queue_pages":7.027,"spawn":0.002,"wrap":0.009}
STREAMING_STEP_TIMING total=10.72ms {"drain_packets":0.007,"drain_pages":0.005,"enqueue":3.386,"evict":0.303,"player_chunk":0.014,"prune":0.003,"publish":0.004,"queue_pages":6.981,"spawn":0.002,"wrap":0.008}
STREAMING_STEP_TIMING total=11.78ms {"drain_packets":0.008,"drain_pages":0.005,"enqueue":3.72,"evict":0.375,"player_chunk":0.018,"prune":0.005,"publish":0.005,"queue_pages":7.635,"spawn":0.002,"wrap":0.009}
STREAMING_STEP_TIMING total=12.54ms {"drain_packets":0.006,"drain_pages":0.006,"enqueue":4.028,"evict":0.375,"player_chunk":0.014,"prune":0.003,"publish":0.005,"queue_pages":8.093,"spawn":0.002,"wrap":0.009}
STREAMING_STEP_TIMING total=12.76ms {"drain_packets":0.007,"drain_pages":0.005,"enqueue":4.051,"evict":0.386,"player_chunk":0.018,"prune":0.002,"publish":0.007,"queue_pages":8.267,"spawn":0.002,"wrap":0.007}
STREAMING_STEP_TIMING total=12.62ms {"drain_packets":0.006,"drain_pages":0.005,"enqueue":4.064,"evict":0.361,"player_chunk":0.014,"prune":0.002,"publish":0.003,"queue_pages":8.153,"spawn":0.003,"wrap":0.009}
STREAMING_STEP_TIMING total=10.87ms {"drain_packets":0.009,"drain_pages":0.007,"enqueue":3.546,"evict":0.294,"player_chunk":0.013,"prune":0.005,"publish":0.004,"queue_pages":6.978,"spawn":0.002,"wrap":0.007}
STREAMING_STEP_TIMING total=11.12ms {"drain_packets":0.004,"drain_pages":0.004,"enqueue":3.245,"evict":0.332,"player_chunk":0.014,"prune":0.002,"publish":0.006,"queue_pages":7.502,"spawn":0.002,"wrap":0.008}
STREAMING_STEP_TIMING total=10.68ms {"drain_packets":0.006,"drain_pages":0.007,"enqueue":3.279,"evict":0.392,"player_chunk":0.019,"prune":0.002,"publish":0.004,"queue_pages":6.949,"spawn":0.001,"wrap":0.011}
STREAMING_STEP_TIMING total=10.55ms {"drain_packets":0.009,"drain_pages":0.005,"enqueue":3.301,"evict":0.298,"player_chunk":0.015,"prune":0.003,"publish":0.003,"queue_pages":6.906,"spawn":0.002,"wrap":0.01}
STREAMING_STEP_TIMING total=10.62ms {"drain_packets":0.005,"drain_pages":0.006,"enqueue":3.284,"evict":0.319,"player_chunk":0.017,"prune":0.002,"publish":0.004,"queue_pages":6.968,"spawn":0.002,"wrap":0.01}
STREAMING_STEP_TIMING total=11.57ms {"drain_packets":0.006,"drain_pages":0.005,"enqueue":3.27,"evict":0.494,"player_chunk":0.015,"prune":0.002,"publish":0.006,"queue_pages":7.755,"spawn":0.002,"wrap":0.008}
STREAMING_STEP_TIMING total=15.39ms {"drain_packets":0.011,"drain_pages":0.007,"enqueue":5.24,"evict":0.334,"player_chunk":0.023,"prune":0.004,"publish":0.007,"queue_pages":9.75,"spawn":0.003,"wrap":0.009}
STREAMING_STEP_TIMING total=10.72ms {"drain_packets":0.008,"drain_pages":0.005,"enqueue":3.311,"evict":0.296,"player_chunk":0.014,"prune":0.002,"publish":0.004,"queue_pages":7.065,"spawn":0.001,"wrap":0.009}
STREAMING_STEP_TIMING total=10.66ms {"drain_packets":0.005,"drain_pages":0.004,"enqueue":3.289,"evict":0.313,"player_chunk":0.015,"prune":0.003,"publish":0.005,"queue_pages":7.013,"spawn":0.001,"wrap":0.01}
STREAMING_STEP_TIMING total=10.65ms {"drain_packets":0.006,"drain_pages":0.005,"enqueue":3.299,"evict":0.324,"player_chunk":0.013,"prune":0.002,"publish":0.006,"queue_pages":6.983,"spawn":0.002,"wrap":0.008}
STREAMING_STEP_TIMING total=10.63ms {"drain_packets":0.007,"drain_pages":0.005,"enqueue":3.308,"evict":0.309,"player_chunk":0.017,"prune":0.002,"publish":0.004,"queue_pages":6.96,"spawn":0.002,"wrap":0.01}
STREAMING_STEP_TIMING total=10.76ms {"drain_packets":0.006,"drain_pages":0.005,"enqueue":3.313,"evict":0.31,"player_chunk":0.013,"prune":0.002,"publish":0.005,"queue_pages":7.096,"spawn":0.002,"wrap":0.008}
STREAMING_STEP_TIMING total=10.68ms {"drain_packets":0.005,"drain_pages":0.004,"enqueue":3.268,"evict":0.312,"player_chunk":0.017,"prune":0.002,"publish":0.006,"queue_pages":7.05,"spawn":0.001,"wrap":0.009}
STREAMING_STEP_TIMING total=10.64ms {"drain_packets":0.007,"drain_pages":0.006,"enqueue":3.291,"evict":0.303,"player_chunk":0.015,"prune":0.002,"publish":0.004,"queue_pages":7.003,"spawn":0.003,"wrap":0.009}
STREAMING_STEP_TIMING total=10.72ms {"drain_packets":0.005,"drain_pages":0.003,"enqueue":3.266,"evict":0.308,"player_chunk":0.014,"prune":0.002,"publish":0.005,"queue_pages":7.105,"spawn":0.001,"wrap":0.006}
STREAMING_STEP_TIMING total=10.50ms {"drain_packets":0.006,"drain_pages":0.005,"enqueue":3.255,"evict":0.305,"player_chunk":0.014,"prune":0.003,"publish":0.004,"queue_pages":6.893,"spawn":0.002,"wrap":0.008}
STREAMING_STEP_TIMING total=10.66ms {"drain_packets":0.008,"drain_pages":0.005,"enqueue":3.256,"evict":0.31,"player_chunk":0.018,"prune":0.003,"publish":0.005,"queue_pages":7.043,"spawn":0.002,"wrap":0.011}
STREAMING_STEP_TIMING total=10.67ms {"drain_packets":0.006,"drain_pages":0.005,"enqueue":3.301,"evict":0.305,"player_chunk":0.014,"prune":0.003,"publish":0.003,"queue_pages":7.019,"spawn":0.002,"wrap":0.008}
STREAMING_STEP_TIMING total=10.76ms {"drain_packets":0.005,"drain_pages":0.005,"enqueue":3.353,"evict":0.304,"player_chunk":0.018,"prune":0.003,"publish":0.004,"queue_pages":7.058,"spawn":0.001,"wrap":0.009}
STREAMING_STEP_TIMING total=10.82ms {"drain_packets":0.007,"drain_pages":0.005,"enqueue":3.305,"evict":0.299,"player_chunk":0.012,"prune":0.003,"publish":0.004,"queue_pages":7.176,"spawn":0.002,"wrap":0.008}
STREAMING_STEP_TIMING total=10.68ms {"drain_packets":0.005,"drain_pages":0.003,"enqueue":3.285,"evict":0.304,"player_chunk":0.015,"prune":0.002,"publish":0.003,"queue_pages":7.048,"spawn":0.001,"wrap":0.009}
STREAMING_STEP_TIMING total=10.87ms {"drain_packets":0.007,"drain_pages":0.005,"enqueue":3.415,"evict":0.315,"player_chunk":0.013,"prune":0.004,"publish":0.004,"queue_pages":7.094,"spawn":0.002,"wrap":0.007}
STREAMING_STEP_TIMING total=10.68ms {"drain_packets":0.006,"drain_pages":0.006,"enqueue":3.356,"evict":0.299,"player_chunk":0.016,"prune":0.003,"publish":0.005,"queue_pages":6.977,"spawn":0.002,"wrap":0.006}
STREAMING_STEP_TIMING total=10.69ms {"drain_packets":0.007,"drain_pages":0.005,"enqueue":3.279,"evict":0.309,"player_chunk":0.014,"prune":0.003,"publish":0.004,"queue_pages":7.057,"spawn":0.002,"wrap":0.008}
STREAMING_STEP_TIMING total=10.77ms {"drain_packets":0.005,"drain_pages":0.005,"enqueue":3.291,"evict":0.315,"player_chunk":0.017,"prune":0.002,"publish":0.006,"queue_pages":7.115,"spawn":0.001,"wrap":0.01}
STREAMING_STEP_TIMING total=10.71ms {"drain_packets":0.006,"drain_pages":0.005,"enqueue":3.359,"evict":0.309,"player_chunk":0.013,"prune":0.002,"publish":0.003,"queue_pages":6.999,"spawn":0.002,"wrap":0.007}
STREAMING_STEP_TIMING total=11.01ms {"drain_packets":0.009,"drain_pages":0.006,"enqueue":3.456,"evict":0.316,"player_chunk":0.017,"prune":0.003,"publish":0.005,"queue_pages":7.182,"spawn":0.002,"wrap":0.01}
STREAMING_STEP_TIMING total=10.69ms {"drain_packets":0.007,"drain_pages":0.004,"enqueue":3.222,"evict":0.315,"player_chunk":0.013,"prune":0.002,"publish":0.005,"queue_pages":7.109,"spawn":0.002,"wrap":0.008}
STREAMING_STEP_TIMING total=10.55ms {"drain_packets":0.005,"drain_pages":0.005,"enqueue":3.287,"evict":0.29,"player_chunk":0.017,"prune":0.003,"publish":0.003,"queue_pages":6.923,"spawn":0.002,"wrap":0.01}
STREAMING_STEP_TIMING total=10.69ms {"drain_packets":0.007,"drain_pages":0.004,"enqueue":3.324,"evict":0.302,"player_chunk":0.01,"prune":0.002,"publish":0.003,"queue_pages":7.031,"spawn":0.002,"wrap":0.005}
STREAMING_STEP_TIMING total=10.70ms {"drain_packets":0.005,"drain_pages":0.004,"enqueue":3.274,"evict":0.337,"player_chunk":0.015,"prune":0.001,"publish":0.005,"queue_pages":7.05,"spawn":0.002,"wrap":0.005}
STREAMING_STEP_TIMING total=10.68ms {"drain_packets":0.007,"drain_pages":0.005,"enqueue":3.325,"evict":0.319,"player_chunk":0.014,"prune":0.002,"publish":0.003,"queue_pages":6.993,"spawn":0.003,"wrap":0.009}
STREAMING_STEP_TIMING total=10.63ms {"drain_packets":0.007,"drain_pages":0.005,"enqueue":3.334,"evict":0.324,"player_chunk":0.012,"prune":0.003,"publish":0.003,"queue_pages":6.936,"spawn":0.002,"wrap":0.006}
STREAMING_STEP_TIMING total=10.76ms {"drain_packets":0.006,"drain_pages":0.004,"enqueue":3.316,"evict":0.319,"player_chunk":0.012,"prune":0.002,"publish":0.006,"queue_pages":7.087,"spawn":0.002,"wrap":0.008}
STREAMING_STEP_TIMING total=10.66ms {"drain_packets":0.006,"drain_pages":0.005,"enqueue":3.278,"evict":0.307,"player_chunk":0.018,"prune":0.002,"publish":0.004,"queue_pages":7.023,"spawn":0.003,"wrap":0.011}
STREAMING_STEP_TIMING total=14.97ms {"drain_packets":0.019,"drain_pages":0.007,"enqueue":4.795,"evict":0.323,"player_chunk":0.013,"prune":0.006,"publish":0.006,"queue_pages":9.79,"spawn":0.002,"wrap":0.008}
STREAMING_STEP_TIMING total=10.70ms {"drain_packets":0.006,"drain_pages":0.006,"enqueue":3.288,"evict":0.34,"player_chunk":0.018,"prune":0.003,"publish":0.006,"queue_pages":7.02,"spawn":0.002,"wrap":0.01}
STREAMING_STEP_TIMING total=10.90ms {"drain_packets":0.007,"drain_pages":0.004,"enqueue":3.311,"evict":0.341,"player_chunk":0.013,"prune":0.002,"publish":0.005,"queue_pages":7.211,"spawn":0.001,"wrap":0.008}
STREAMING_STEP_TIMING total=10.55ms {"drain_packets":0.007,"drain_pages":0.006,"enqueue":3.306,"evict":0.298,"player_chunk":0.017,"prune":0.003,"publish":0.003,"queue_pages":6.903,"spawn":0.002,"wrap":0.006}
STREAMING_STEP_TIMING total=10.64ms {"drain_packets":0.01,"drain_pages":0.006,"enqueue":3.299,"evict":0.313,"player_chunk":0.013,"prune":0.003,"publish":0.005,"queue_pages":6.978,"spawn":0.002,"wrap":0.008}
STREAMING_STEP_TIMING total=10.59ms {"drain_packets":0.006,"drain_pages":0.005,"enqueue":3.295,"evict":0.336,"player_chunk":0.016,"prune":0.002,"publish":0.005,"queue_pages":6.911,"spawn":0.002,"wrap":0.01}
STREAMING_STEP_TIMING total=10.56ms {"drain_packets":0.006,"drain_pages":0.005,"enqueue":3.255,"evict":0.305,"player_chunk":0.014,"prune":0.003,"publish":0.004,"queue_pages":6.955,"spawn":0.002,"wrap":0.007}
STREAMING_STEP_TIMING total=10.61ms {"drain_packets":0.007,"drain_pages":0.005,"enqueue":3.268,"evict":0.306,"player_chunk":0.017,"prune":0.002,"publish":0.004,"queue_pages":6.984,"spawn":0.001,"wrap":0.009}
STREAMING_STEP_TIMING total=10.82ms {"drain_packets":0.007,"drain_pages":0.005,"enqueue":3.317,"evict":0.312,"player_chunk":0.012,"prune":0.002,"publish":0.006,"queue_pages":7.148,"spawn":0.001,"wrap":0.008}
STREAMING_STEP_TIMING total=11.83ms {"drain_packets":0.005,"drain_pages":0.005,"enqueue":3.249,"evict":0.37,"player_chunk":0.021,"prune":0.002,"publish":0.005,"queue_pages":8.165,"spawn":0.001,"wrap":0.01}
STREAMING_STEP_TIMING total=12.69ms {"drain_packets":0.011,"drain_pages":0.007,"enqueue":4.088,"evict":0.374,"player_chunk":0.015,"prune":0.004,"publish":0.005,"queue_pages":8.173,"spawn":0.002,"wrap":0.009}
STREAMING_STEP_TIMING total=12.77ms {"drain_packets":0.007,"drain_pages":0.006,"enqueue":4.081,"evict":0.381,"player_chunk":0.019,"prune":0.003,"publish":0.005,"queue_pages":8.255,"spawn":0.001,"wrap":0.007}
STREAMING_STEP_TIMING total=12.73ms {"drain_packets":0.008,"drain_pages":0.005,"enqueue":4.104,"evict":0.38,"player_chunk":0.015,"prune":0.002,"publish":0.006,"queue_pages":8.197,"spawn":0.002,"wrap":0.009}
STREAMING_STEP_TIMING total=11.76ms {"drain_packets":0.008,"drain_pages":0.006,"enqueue":4.091,"evict":0.321,"player_chunk":0.021,"prune":0.002,"publish":0.003,"queue_pages":7.297,"spawn":0.001,"wrap":0.011}
STREAMING_STEP_TIMING total=11.70ms {"drain_packets":0.007,"drain_pages":0.005,"enqueue":3.342,"evict":0.319,"player_chunk":0.013,"prune":0.004,"publish":0.005,"queue_pages":7.995,"spawn":0.002,"wrap":0.008}
STREAMING_STEP_TIMING total=10.86ms {"drain_packets":0.006,"drain_pages":0.005,"enqueue":3.253,"evict":0.362,"player_chunk":0.018,"prune":0.002,"publish":0.009,"queue_pages":7.194,"spawn":0.002,"wrap":0.01}
STREAMING_STEP_TIMING total=10.88ms {"drain_packets":0.006,"drain_pages":0.005,"enqueue":3.278,"evict":0.315,"player_chunk":0.014,"prune":0.002,"publish":0.006,"queue_pages":7.238,"spawn":0.002,"wrap":0.009}
STREAMING_STEP_TIMING total=14.62ms {"drain_packets":0.007,"drain_pages":0.006,"enqueue":3.421,"evict":0.487,"player_chunk":0.018,"prune":0.003,"publish":0.008,"queue_pages":10.657,"spawn":0.001,"wrap":0.011}
STREAMING_STEP_TIMING total=16.33ms {"drain_packets":0.012,"drain_pages":0.007,"enqueue":5.184,"evict":0.523,"player_chunk":0.019,"prune":0.005,"publish":0.007,"queue_pages":10.557,"spawn":0.003,"wrap":0.012}
STREAMING_STEP_TIMING total=12.70ms {"drain_packets":0.01,"drain_pages":0.007,"enqueue":4.132,"evict":0.367,"player_chunk":0.023,"prune":0.004,"publish":0.005,"queue_pages":8.134,"spawn":0.003,"wrap":0.009}
STREAMING_STEP_TIMING total=12.72ms {"drain_packets":0.01,"drain_pages":0.006,"enqueue":4.128,"evict":0.367,"player_chunk":0.016,"prune":0.004,"publish":0.005,"queue_pages":8.171,"spawn":0.002,"wrap":0.01}
STREAMING_STEP_TIMING total=12.70ms {"drain_packets":0.007,"drain_pages":0.005,"enqueue":4.077,"evict":0.402,"player_chunk":0.02,"prune":0.003,"publish":0.006,"queue_pages":8.168,"spawn":0.002,"wrap":0.011}
STREAMING_STEP_TIMING total=13.13ms {"drain_packets":0.009,"drain_pages":0.006,"enqueue":4.054,"evict":0.496,"player_chunk":0.015,"prune":0.003,"publish":0.008,"queue_pages":8.529,"spawn":0.002,"wrap":0.008}
STREAMING_STEP_TIMING total=14.34ms {"drain_packets":0.01,"drain_pages":0.006,"enqueue":5.121,"evict":0.318,"player_chunk":0.023,"prune":0.004,"publish":0.006,"queue_pages":8.833,"spawn":0.002,"wrap":0.014}
STREAMING_STEP_TIMING total=10.82ms {"drain_packets":0.006,"drain_pages":0.005,"enqueue":3.308,"evict":0.307,"player_chunk":0.014,"prune":0.002,"publish":0.003,"queue_pages":7.164,"spawn":0.002,"wrap":0.009}
STREAMING_STEP_TIMING total=10.66ms {"drain_packets":0.007,"drain_pages":0.004,"enqueue":3.304,"evict":0.31,"player_chunk":0.01,"prune":0.002,"publish":0.005,"queue_pages":7.009,"spawn":0.001,"wrap":0.007}
STREAMING_STEP_TIMING total=11.05ms {"drain_packets":0.006,"drain_pages":0.005,"enqueue":3.276,"evict":0.314,"player_chunk":0.013,"prune":0.001,"publish":0.005,"queue_pages":7.419,"spawn":0.002,"wrap":0.008}
STREAMING_STEP_TIMING total=10.57ms {"drain_packets":0.006,"drain_pages":0.004,"enqueue":3.287,"evict":0.297,"player_chunk":0.017,"prune":0.002,"publish":0.002,"queue_pages":6.948,"spawn":0.001,"wrap":0.006}
STREAMING_STEP_TIMING total=10.82ms {"drain_packets":0.009,"drain_pages":0.005,"enqueue":3.367,"evict":0.309,"player_chunk":0.01,"prune":0.004,"publish":0.003,"queue_pages":7.104,"spawn":0.001,"wrap":0.006}
STREAMING_STEP_TIMING total=10.67ms {"drain_packets":0.005,"drain_pages":0.004,"enqueue":3.269,"evict":0.313,"player_chunk":0.017,"prune":0.002,"publish":0.005,"queue_pages":7.046,"spawn":0.001,"wrap":0.01}
STREAMING_STEP_TIMING total=10.61ms {"drain_packets":0.006,"drain_pages":0.004,"enqueue":3.285,"evict":0.295,"player_chunk":0.014,"prune":0.002,"publish":0.003,"queue_pages":6.986,"spawn":0.003,"wrap":0.008}
STREAMING_STEP_TIMING total=10.95ms {"drain_packets":0.008,"drain_pages":0.005,"enqueue":3.358,"evict":0.316,"player_chunk":0.014,"prune":0.004,"publish":0.004,"queue_pages":7.225,"spawn":0.002,"wrap":0.008}
STREAMING_STEP_TIMING total=10.79ms {"drain_packets":0.007,"drain_pages":0.004,"enqueue":3.297,"evict":0.314,"player_chunk":0.013,"prune":0.003,"publish":0.005,"queue_pages":7.134,"spawn":0.002,"wrap":0.007}
STREAMING_STEP_TIMING total=10.73ms {"drain_packets":0.007,"drain_pages":0.004,"enqueue":3.282,"evict":0.313,"player_chunk":0.016,"prune":0.002,"publish":0.005,"queue_pages":7.088,"spawn":0.002,"wrap":0.01}
STREAMING_STEP_TIMING total=10.51ms {"drain_packets":0.008,"drain_pages":0.006,"enqueue":3.289,"evict":0.3,"player_chunk":0.014,"prune":0.004,"publish":0.004,"queue_pages":6.874,"spawn":0.002,"wrap":0.008}
STREAMING_STEP_TIMING total=12.24ms {"drain_packets":0.01,"drain_pages":0.006,"enqueue":3.726,"evict":0.321,"player_chunk":0.015,"prune":0.004,"publish":0.006,"queue_pages":8.148,"spawn":0.001,"wrap":0.006}
STREAMING_STEP_TIMING total=10.80ms {"drain_packets":0.006,"drain_pages":0.005,"enqueue":3.253,"evict":0.303,"player_chunk":0.013,"prune":0.002,"publish":0.004,"queue_pages":7.198,"spawn":0.002,"wrap":0.008}
STREAMING_STEP_TIMING total=10.95ms {"drain_packets":0.011,"drain_pages":0.006,"enqueue":3.416,"evict":0.347,"player_chunk":0.02,"prune":0.004,"publish":0.004,"queue_pages":7.013,"spawn":0.002,"wrap":0.123}
STREAMING_STEP_TIMING total=10.59ms {"drain_packets":0.005,"drain_pages":0.004,"enqueue":3.263,"evict":0.305,"player_chunk":0.014,"prune":0.002,"publish":0.003,"queue_pages":6.987,"spawn":0.002,"wrap":0.008}
STREAMING_STEP_TIMING total=10.60ms {"drain_packets":0.005,"drain_pages":0.004,"enqueue":3.248,"evict":0.301,"player_chunk":0.016,"prune":0.001,"publish":0.003,"queue_pages":7.012,"spawn":0.002,"wrap":0.009}
STREAMING_STEP_TIMING total=10.77ms {"drain_packets":0.009,"drain_pages":0.005,"enqueue":3.506,"evict":0.299,"player_chunk":0.013,"prune":0.005,"publish":0.004,"queue_pages":6.92,"spawn":0.002,"wrap":0.007}
STREAMING_STEP_TIMING total=10.73ms {"drain_packets":0.004,"drain_pages":0.004,"enqueue":3.273,"evict":0.308,"player_chunk":0.016,"prune":0.002,"publish":0.004,"queue_pages":7.101,"spawn":0.002,"wrap":0.009}
STREAMING_STEP_TIMING total=10.48ms {"drain_packets":0.007,"drain_pages":0.005,"enqueue":3.244,"evict":0.316,"player_chunk":0.014,"prune":0.003,"publish":0.002,"queue_pages":6.873,"spawn":0.002,"wrap":0.007}
STREAMING_STEP_TIMING total=10.64ms {"drain_packets":0.007,"drain_pages":0.005,"enqueue":3.317,"evict":0.298,"player_chunk":0.016,"prune":0.002,"publish":0.004,"queue_pages":6.981,"spawn":0.001,"wrap":0.007}
STREAMING_STEP_TIMING total=10.76ms {"drain_packets":0.005,"drain_pages":0.004,"enqueue":3.281,"evict":0.316,"player_chunk":0.013,"prune":0.002,"publish":0.004,"queue_pages":7.124,"spawn":0.002,"wrap":0.007}
STREAMING_STEP_TIMING total=10.93ms {"drain_packets":0.005,"drain_pages":0.005,"enqueue":3.311,"evict":0.313,"player_chunk":0.016,"prune":0.001,"publish":0.003,"queue_pages":7.259,"spawn":0.002,"wrap":0.01}
STREAMING_STEP_TIMING total=10.66ms {"drain_packets":0.007,"drain_pages":0.004,"enqueue":3.298,"evict":0.304,"player_chunk":0.014,"prune":0.002,"publish":0.003,"queue_pages":7.018,"spawn":0.002,"wrap":0.008}
STREAMING_STEP_TIMING total=10.79ms {"drain_packets":0.004,"drain_pages":0.004,"enqueue":3.324,"evict":0.313,"player_chunk":0.014,"prune":0.002,"publish":0.004,"queue_pages":7.106,"spawn":0.002,"wrap":0.01}
STREAMING_STEP_TIMING total=10.79ms {"drain_packets":0.005,"drain_pages":0.004,"enqueue":3.323,"evict":0.307,"player_chunk":0.014,"prune":0.002,"publish":0.004,"queue_pages":7.122,"spawn":0.002,"wrap":0.008}
STREAMING_STEP_TIMING total=10.59ms {"drain_packets":0.007,"drain_pages":0.004,"enqueue":3.353,"evict":0.295,"player_chunk":0.017,"prune":0.004,"publish":0.003,"queue_pages":6.895,"spawn":0.002,"wrap":0.009}
STREAMING_STEP_TIMING total=11.47ms {"drain_packets":0.005,"drain_pages":0.003,"enqueue":3.241,"evict":0.379,"player_chunk":0.012,"prune":0.002,"publish":0.007,"queue_pages":7.814,"spawn":0.002,"wrap":0.007}
STREAMING_STEP_TIMING total=12.71ms {"drain_packets":0.006,"drain_pages":0.005,"enqueue":4.081,"evict":0.366,"player_chunk":0.018,"prune":0.002,"publish":0.006,"queue_pages":8.216,"spawn":0.002,"wrap":0.007}
STREAMING_STEP_TIMING total=10.62ms {"drain_packets":0.006,"drain_pages":0.005,"enqueue":3.294,"evict":0.296,"player_chunk":0.014,"prune":0.001,"publish":0.002,"queue_pages":6.986,"spawn":0.002,"wrap":0.008}
STREAMING_STEP_TIMING total=10.86ms {"drain_packets":0.008,"drain_pages":0.006,"enqueue":3.583,"evict":0.299,"player_chunk":0.011,"prune":0.004,"publish":0.003,"queue_pages":6.937,"spawn":0.002,"wrap":0.007}
STREAMING_STEP_TIMING total=10.88ms {"drain_packets":0.005,"drain_pages":0.003,"enqueue":3.24,"evict":0.321,"player_chunk":0.012,"prune":0.001,"publish":0.006,"queue_pages":7.28,"spawn":0.001,"wrap":0.008}
STREAMING_STEP_TIMING total=10.67ms {"drain_packets":0.005,"drain_pages":0.005,"enqueue":3.275,"evict":0.296,"player_chunk":0.017,"prune":0.002,"publish":0.003,"queue_pages":7.051,"spawn":0.002,"wrap":0.01}
STREAMING_STEP_TIMING total=10.92ms {"drain_packets":0.008,"drain_pages":0.006,"enqueue":3.571,"evict":0.298,"player_chunk":0.011,"prune":0.005,"publish":0.003,"queue_pages":7.008,"spawn":0.001,"wrap":0.006}
STREAMING_STEP_TIMING total=11.84ms {"drain_packets":0.004,"drain_pages":0.003,"enqueue":3.27,"evict":0.389,"player_chunk":0.016,"prune":0.002,"publish":0.006,"queue_pages":8.136,"spawn":0.002,"wrap":0.011}
STREAMING_STEP_TIMING total=12.65ms {"drain_packets":0.008,"drain_pages":0.006,"enqueue":4.059,"evict":0.383,"player_chunk":0.015,"prune":0.003,"publish":0.007,"queue_pages":8.153,"spawn":0.002,"wrap":0.009}
STREAMING_STEP_TIMING total=12.74ms {"drain_packets":0.007,"drain_pages":0.005,"enqueue":4.158,"evict":0.361,"player_chunk":0.019,"prune":0.002,"publish":0.004,"queue_pages":8.17,"spawn":0.003,"wrap":0.008}
STREAMING_STEP_TIMING total=12.78ms {"drain_packets":0.009,"drain_pages":0.006,"enqueue":4.063,"evict":0.405,"player_chunk":0.012,"prune":0.003,"publish":0.003,"queue_pages":8.264,"spawn":0.002,"wrap":0.007}
STREAMING_STEP_TIMING total=11.91ms {"drain_packets":0.012,"drain_pages":0.007,"enqueue":3.915,"evict":0.31,"player_chunk":0.018,"prune":0.008,"publish":0.005,"queue_pages":7.623,"spawn":0.002,"wrap":0.01}
[FrameBudget] streaming=11.7ms topology=0.0ms visual=0.0ms spawn=0.0ms total=11.7ms/6.0ms world.streaming_v0=11.7ms(60)
STREAMING_STEP_TIMING total=17.52ms {"drain_packets":0.006,"drain_pages":0.004,"enqueue":3.442,"evict":0.24,"player_chunk":0.014,"prune":0.03,"publish":6.463,"queue_pages":7.306,"spawn":0.002,"wrap":0.008}
STREAMING_STEP_TIMING total=27.33ms {"drain_packets":0.384,"drain_pages":0.006,"enqueue":3.282,"evict":0.252,"player_chunk":0.015,"prune":0.027,"publish":15.388,"queue_pages":7.967,"spawn":0.001,"wrap":0.007}
STREAMING_STEP_TIMING total=21.40ms {"drain_packets":0.056,"drain_pages":0.006,"enqueue":3.399,"evict":0.336,"player_chunk":0.013,"prune":0.028,"publish":9.369,"queue_pages":8.181,"spawn":0.002,"wrap":0.006}
STREAMING_STEP_TIMING total=39.08ms {"drain_packets":0.078,"drain_pages":0.007,"enqueue":4.216,"evict":0.418,"player_chunk":0.015,"prune":0.033,"publish":24.181,"queue_pages":10.124,"spawn":0.002,"wrap":0.007}
STREAMING_STEP_TIMING total=26.58ms {"drain_packets":0.102,"drain_pages":0.008,"enqueue":5.49,"evict":0.462,"player_chunk":0.029,"prune":0.038,"publish":10.984,"queue_pages":9.439,"spawn":0.006,"wrap":0.021}
STREAMING_STEP_TIMING total=42.35ms {"drain_packets":0.091,"drain_pages":0.007,"enqueue":5.396,"evict":0.518,"player_chunk":0.021,"prune":0.03,"publish":24.993,"queue_pages":11.277,"spawn":0.003,"wrap":0.011}
STREAMING_STEP_TIMING total=23.49ms {"drain_packets":0.073,"drain_pages":0.006,"enqueue":4.695,"evict":0.502,"player_chunk":0.018,"prune":0.026,"publish":8.627,"queue_pages":9.525,"spawn":0.003,"wrap":0.011}
STREAMING_STEP_TIMING total=33.97ms {"drain_packets":0.082,"drain_pages":0.007,"enqueue":4.562,"evict":0.42,"player_chunk":0.015,"prune":0.025,"publish":18.088,"queue_pages":10.757,"spawn":0.003,"wrap":0.007}
STREAMING_STEP_TIMING total=27.31ms {"drain_packets":0.091,"drain_pages":0.281,"enqueue":5.031,"evict":0.397,"player_chunk":0.019,"prune":0.027,"publish":10.046,"queue_pages":11.393,"spawn":0.004,"wrap":0.014}
STREAMING_STEP_TIMING total=39.57ms {"drain_packets":0.01,"drain_pages":0.006,"enqueue":4.96,"evict":0.477,"player_chunk":0.022,"prune":0.018,"publish":22.845,"queue_pages":11.203,"spawn":0.002,"wrap":0.012}
STREAMING_STEP_TIMING total=26.53ms {"drain_packets":0.012,"drain_pages":0.006,"enqueue":4.922,"evict":0.429,"player_chunk":0.018,"prune":0.016,"publish":11.432,"queue_pages":9.675,"spawn":0.004,"wrap":0.012}
STREAMING_STEP_TIMING total=34.70ms {"drain_packets":0.011,"drain_pages":0.007,"enqueue":5.071,"evict":0.36,"player_chunk":0.02,"prune":0.015,"publish":20.281,"queue_pages":8.926,"spawn":0.003,"wrap":0.008}
STREAMING_STEP_TIMING total=17.71ms {"drain_packets":0.008,"drain_pages":0.123,"enqueue":4.067,"evict":0.277,"player_chunk":0.015,"prune":0.009,"publish":6.045,"queue_pages":7.152,"spawn":0.002,"wrap":0.008}
STREAMING_STEP_TIMING total=24.18ms {"drain_packets":0.009,"drain_pages":0.005,"enqueue":3.341,"evict":0.286,"player_chunk":0.017,"prune":0.003,"publish":13.564,"queue_pages":6.944,"spawn":0.002,"wrap":0.01}
STREAMING_STEP_TIMING total=10.90ms {"drain_packets":0.01,"drain_pages":0.006,"enqueue":3.392,"evict":0.447,"player_chunk":0.013,"prune":0.005,"publish":0.008,"queue_pages":7.005,"spawn":0.002,"wrap":0.008}
STREAMING_STEP_TIMING total=10.61ms {"drain_packets":0.007,"drain_pages":0.006,"enqueue":3.403,"evict":0.273,"player_chunk":0.018,"prune":0.003,"publish":0.004,"queue_pages":6.883,"spawn":0.002,"wrap":0.006}
STREAMING_STEP_TIMING total=10.61ms {"drain_packets":0.006,"drain_pages":0.004,"enqueue":3.315,"evict":0.286,"player_chunk":0.014,"prune":0.002,"publish":0.005,"queue_pages":6.964,"spawn":0.002,"wrap":0.008}
STREAMING_STEP_TIMING total=12.80ms {"drain_packets":0.006,"drain_pages":0.005,"enqueue":4.008,"evict":0.44,"player_chunk":0.016,"prune":0.004,"publish":0.006,"queue_pages":8.304,"spawn":0.002,"wrap":0.01}
STREAMING_STEP_TIMING total=12.44ms {"drain_packets":0.008,"drain_pages":0.005,"enqueue":4.072,"evict":0.33,"player_chunk":0.015,"prune":0.003,"publish":0.003,"queue_pages":7.992,"spawn":0.002,"wrap":0.008}
STREAMING_STEP_TIMING total=11.48ms {"drain_packets":0.007,"drain_pages":0.005,"enqueue":4.055,"evict":0.286,"player_chunk":0.02,"prune":0.003,"publish":0.003,"queue_pages":7.09,"spawn":0.002,"wrap":0.011}
STREAMING_STEP_TIMING total=11.32ms {"drain_packets":0.006,"drain_pages":0.005,"enqueue":3.306,"evict":0.448,"player_chunk":0.014,"prune":0.002,"publish":0.007,"queue_pages":7.524,"spawn":0.002,"wrap":0.008}
STREAMING_STEP_TIMING total=12.89ms {"drain_packets":0.009,"drain_pages":0.006,"enqueue":5.196,"evict":0.292,"player_chunk":0.023,"prune":0.003,"publish":0.005,"queue_pages":7.335,"spawn":0.002,"wrap":0.014}
STREAMING_STEP_TIMING total=10.47ms {"drain_packets":0.006,"drain_pages":0.006,"enqueue":3.255,"evict":0.303,"player_chunk":0.016,"prune":0.002,"publish":0.003,"queue_pages":6.868,"spawn":0.003,"wrap":0.01}
STREAMING_STEP_TIMING total=11.16ms {"drain_packets":0.007,"drain_pages":0.006,"enqueue":3.345,"evict":0.277,"player_chunk":0.012,"prune":0.003,"publish":0.004,"queue_pages":7.495,"spawn":0.001,"wrap":0.007}
STREAMING_STEP_TIMING total=10.54ms {"drain_packets":0.005,"drain_pages":0.004,"enqueue":3.264,"evict":0.288,"player_chunk":0.014,"prune":0.002,"publish":0.005,"queue_pages":6.944,"spawn":0.001,"wrap":0.008}
STREAMING_STEP_TIMING total=10.38ms {"drain_packets":0.005,"drain_pages":0.004,"enqueue":3.241,"evict":0.285,"player_chunk":0.017,"prune":0.002,"publish":0.003,"queue_pages":6.812,"spawn":0.001,"wrap":0.01}
STREAMING_STEP_TIMING total=10.43ms {"drain_packets":0.008,"drain_pages":0.006,"enqueue":3.29,"evict":0.271,"player_chunk":0.01,"prune":0.003,"publish":0.003,"queue_pages":6.831,"spawn":0.001,"wrap":0.006}
STREAMING_STEP_TIMING total=10.94ms {"drain_packets":0.004,"drain_pages":0.004,"enqueue":3.258,"evict":0.297,"player_chunk":0.015,"prune":0.002,"publish":0.006,"queue_pages":7.339,"spawn":0.002,"wrap":0.009}
STREAMING_STEP_TIMING total=10.45ms {"drain_packets":0.005,"drain_pages":0.005,"enqueue":3.259,"evict":0.271,"player_chunk":0.014,"prune":0.002,"publish":0.003,"queue_pages":6.878,"spawn":0.002,"wrap":0.008}
STREAMING_STEP_TIMING total=10.75ms {"drain_packets":0.008,"drain_pages":0.005,"enqueue":3.349,"evict":0.279,"player_chunk":0.011,"prune":0.002,"publish":0.003,"queue_pages":7.087,"spawn":0.002,"wrap":0.006}
STREAMING_STEP_TIMING total=10.42ms {"drain_packets":0.004,"drain_pages":0.004,"enqueue":3.25,"evict":0.29,"player_chunk":0.013,"prune":0.002,"publish":0.006,"queue_pages":6.843,"spawn":0.002,"wrap":0.007}
STREAMING_STEP_TIMING total=10.52ms {"drain_packets":0.006,"drain_pages":0.004,"enqueue":3.284,"evict":0.311,"player_chunk":0.016,"prune":0.002,"publish":0.005,"queue_pages":6.879,"spawn":0.001,"wrap":0.006}
STREAMING_STEP_TIMING total=10.45ms {"drain_packets":0.008,"drain_pages":0.005,"enqueue":3.259,"evict":0.285,"player_chunk":0.01,"prune":0.003,"publish":0.003,"queue_pages":6.87,"spawn":0.001,"wrap":0.006}
STREAMING_STEP_TIMING total=10.46ms {"drain_packets":0.005,"drain_pages":0.004,"enqueue":3.26,"evict":0.301,"player_chunk":0.017,"prune":0.002,"publish":0.005,"queue_pages":6.85,"spawn":0.001,"wrap":0.009}
STREAMING_STEP_TIMING total=10.66ms {"drain_packets":0.006,"drain_pages":0.005,"enqueue":3.333,"evict":0.291,"player_chunk":0.013,"prune":0.003,"publish":0.004,"queue_pages":6.998,"spawn":0.002,"wrap":0.007}
STREAMING_STEP_TIMING total=10.59ms {"drain_packets":0.009,"drain_pages":0.005,"enqueue":3.367,"evict":0.288,"player_chunk":0.016,"prune":0.006,"publish":0.004,"queue_pages":6.882,"spawn":0.002,"wrap":0.009}
STREAMING_STEP_TIMING total=10.52ms {"drain_packets":0.007,"drain_pages":0.005,"enqueue":3.307,"evict":0.296,"player_chunk":0.014,"prune":0.002,"publish":0.004,"queue_pages":6.869,"spawn":0.001,"wrap":0.008}
STREAMING_STEP_TIMING total=10.64ms {"drain_packets":0.006,"drain_pages":0.006,"enqueue":3.302,"evict":0.282,"player_chunk":0.017,"prune":0.002,"publish":0.004,"queue_pages":7.006,"spawn":0.002,"wrap":0.009}
STREAMING_STEP_TIMING total=10.51ms {"drain_packets":0.009,"drain_pages":0.005,"enqueue":3.352,"evict":0.281,"player_chunk":0.013,"prune":0.005,"publish":0.004,"queue_pages":6.833,"spawn":0.002,"wrap":0.007}
STREAMING_STEP_TIMING total=10.79ms {"drain_packets":0.011,"drain_pages":0.006,"enqueue":3.331,"evict":0.306,"player_chunk":0.016,"prune":0.005,"publish":0.007,"queue_pages":7.102,"spawn":0.001,"wrap":0.006}
STREAMING_STEP_TIMING total=12.72ms {"drain_packets":0.024,"drain_pages":0.008,"enqueue":3.82,"evict":0.298,"player_chunk":0.015,"prune":0.008,"publish":0.007,"queue_pages":8.522,"spawn":0.003,"wrap":0.011}
STREAMING_STEP_TIMING total=11.01ms {"drain_packets":0.012,"drain_pages":0.006,"enqueue":3.466,"evict":0.3,"player_chunk":0.02,"prune":0.004,"publish":0.006,"queue_pages":7.186,"spawn":0.002,"wrap":0.01}
STREAMING_STEP_TIMING total=10.67ms {"drain_packets":0.006,"drain_pages":0.005,"enqueue":3.271,"evict":0.292,"player_chunk":0.013,"prune":0.003,"publish":0.006,"queue_pages":7.058,"spawn":0.002,"wrap":0.009}
STREAMING_STEP_TIMING total=10.62ms {"drain_packets":0.006,"drain_pages":0.004,"enqueue":3.325,"evict":0.283,"player_chunk":0.018,"prune":0.003,"publish":0.003,"queue_pages":6.962,"spawn":0.002,"wrap":0.009}
STREAMING_STEP_TIMING total=10.59ms {"drain_packets":0.008,"drain_pages":0.005,"enqueue":3.333,"evict":0.278,"player_chunk":0.018,"prune":0.005,"publish":0.004,"queue_pages":6.924,"spawn":0.005,"wrap":0.012}
STREAMING_STEP_TIMING total=11.59ms {"drain_packets":0.005,"drain_pages":0.003,"enqueue":3.281,"evict":0.298,"player_chunk":0.016,"prune":0.002,"publish":0.005,"queue_pages":7.967,"spawn":0.002,"wrap":0.008}
STREAMING_STEP_TIMING total=10.66ms {"drain_packets":0.006,"drain_pages":0.004,"enqueue":3.266,"evict":0.286,"player_chunk":0.013,"prune":0.002,"publish":0.005,"queue_pages":7.063,"spawn":0.002,"wrap":0.007}
STREAMING_STEP_TIMING total=10.74ms {"drain_packets":0.007,"drain_pages":0.005,"enqueue":3.399,"evict":0.292,"player_chunk":0.015,"prune":0.003,"publish":0.003,"queue_pages":7.004,"spawn":0.002,"wrap":0.006}
STREAMING_STEP_TIMING total=10.68ms {"drain_packets":0.006,"drain_pages":0.005,"enqueue":3.273,"evict":0.291,"player_chunk":0.013,"prune":0.004,"publish":0.005,"queue_pages":7.072,"spawn":0.002,"wrap":0.008}
STREAMING_STEP_TIMING total=10.58ms {"drain_packets":0.006,"drain_pages":0.005,"enqueue":3.297,"evict":0.28,"player_chunk":0.017,"prune":0.002,"publish":0.004,"queue_pages":6.958,"spawn":0.002,"wrap":0.01}
STREAMING_STEP_TIMING total=10.56ms {"drain_packets":0.008,"drain_pages":0.005,"enqueue":3.393,"evict":0.272,"player_chunk":0.012,"prune":0.003,"publish":0.003,"queue_pages":6.858,"spawn":0.001,"wrap":0.007}
STREAMING_STEP_TIMING total=10.41ms {"drain_packets":0.003,"drain_pages":0.003,"enqueue":3.244,"evict":0.284,"player_chunk":0.015,"prune":0.002,"publish":0.004,"queue_pages":6.842,"spawn":0.002,"wrap":0.01}
STREAMING_STEP_TIMING total=10.38ms {"drain_packets":0.005,"drain_pages":0.004,"enqueue":3.254,"evict":0.271,"player_chunk":0.013,"prune":0.001,"publish":0.003,"queue_pages":6.822,"spawn":0.002,"wrap":0.008}
STREAMING_STEP_TIMING total=10.57ms {"drain_packets":0.008,"drain_pages":0.005,"enqueue":3.381,"evict":0.284,"player_chunk":0.014,"prune":0.004,"publish":0.003,"queue_pages":6.861,"spawn":0.002,"wrap":0.008}
STREAMING_STEP_TIMING total=13.78ms {"drain_packets":0.005,"drain_pages":0.004,"enqueue":3.294,"evict":0.457,"player_chunk":0.014,"prune":0.003,"publish":0.007,"queue_pages":9.985,"spawn":0.002,"wrap":0.008}
STREAMING_STEP_TIMING total=12.55ms {"drain_packets":0.012,"drain_pages":0.006,"enqueue":5.24,"evict":0.293,"player_chunk":0.023,"prune":0.006,"publish":0.006,"queue_pages":6.953,"spawn":0.003,"wrap":0.009}
STREAMING_STEP_TIMING total=10.59ms {"drain_packets":0.005,"drain_pages":0.005,"enqueue":3.279,"evict":0.276,"player_chunk":0.014,"prune":0.002,"publish":0.003,"queue_pages":6.999,"spawn":0.001,"wrap":0.009}
STREAMING_STEP_TIMING total=10.56ms {"drain_packets":0.007,"drain_pages":0.005,"enqueue":3.311,"evict":0.275,"player_chunk":0.019,"prune":0.002,"publish":0.003,"queue_pages":6.918,"spawn":0.001,"wrap":0.013}
STREAMING_STEP_TIMING total=10.44ms {"drain_packets":0.006,"drain_pages":0.003,"enqueue":3.309,"evict":0.285,"player_chunk":0.016,"prune":0.002,"publish":0.005,"queue_pages":6.799,"spawn":0.001,"wrap":0.008}
STREAMING_STEP_TIMING total=10.45ms {"drain_packets":0.006,"drain_pages":0.004,"enqueue":3.281,"evict":0.268,"player_chunk":0.016,"prune":0.001,"publish":0.003,"queue_pages":6.856,"spawn":0.002,"wrap":0.009}
STREAMING_STEP_TIMING total=10.52ms {"drain_packets":0.007,"drain_pages":0.005,"enqueue":3.278,"evict":0.274,"player_chunk":0.013,"prune":0.003,"publish":0.003,"queue_pages":6.931,"spawn":0.002,"wrap":0.006}
STREAMING_STEP_TIMING total=10.87ms {"drain_packets":0.006,"drain_pages":0.003,"enqueue":3.347,"evict":0.297,"player_chunk":0.014,"prune":0.003,"publish":0.007,"queue_pages":7.185,"spawn":0.001,"wrap":0.009}
STREAMING_STEP_TIMING total=10.56ms {"drain_packets":0.006,"drain_pages":0.005,"enqueue":3.285,"evict":0.319,"player_chunk":0.014,"prune":0.001,"publish":0.003,"queue_pages":6.913,"spawn":0.002,"wrap":0.008}
STREAMING_STEP_TIMING total=10.52ms {"drain_packets":0.009,"drain_pages":0.005,"enqueue":3.402,"evict":0.277,"player_chunk":0.024,"prune":0.003,"publish":0.004,"queue_pages":6.784,"spawn":0.003,"wrap":0.009}
STREAMING_STEP_TIMING total=10.50ms {"drain_packets":0.005,"drain_pages":0.005,"enqueue":3.264,"evict":0.284,"player_chunk":0.013,"prune":0.003,"publish":0.004,"queue_pages":6.907,"spawn":0.002,"wrap":0.007}
STREAMING_STEP_TIMING total=10.32ms {"drain_packets":0.005,"drain_pages":0.005,"enqueue":3.215,"evict":0.273,"player_chunk":0.018,"prune":0.003,"publish":0.004,"queue_pages":6.786,"spawn":0.001,"wrap":0.01}
STREAMING_STEP_TIMING total=10.43ms {"drain_packets":0.008,"drain_pages":0.006,"enqueue":3.293,"evict":0.277,"player_chunk":0.013,"prune":0.004,"publish":0.004,"queue_pages":6.819,"spawn":0.001,"wrap":0.008}
STREAMING_STEP_TIMING total=10.52ms {"drain_packets":0.006,"drain_pages":0.005,"enqueue":3.233,"evict":0.292,"player_chunk":0.019,"prune":0.002,"publish":0.004,"queue_pages":6.935,"spawn":0.004,"wrap":0.015}
STREAMING_STEP_TIMING total=10.35ms {"drain_packets":0.006,"drain_pages":0.004,"enqueue":3.231,"evict":0.282,"player_chunk":0.013,"prune":0.002,"publish":0.004,"queue_pages":6.796,"spawn":0.002,"wrap":0.007}
STREAMING_STEP_TIMING total=10.42ms {"drain_packets":0.009,"drain_pages":0.006,"enqueue":3.265,"evict":0.328,"player_chunk":0.017,"prune":0.004,"publish":0.003,"queue_pages":6.769,"spawn":0.002,"wrap":0.01}
STREAMING_STEP_TIMING total=10.92ms {"drain_packets":0.006,"drain_pages":0.005,"enqueue":3.333,"evict":0.293,"player_chunk":0.014,"prune":0.002,"publish":0.006,"queue_pages":7.246,"spawn":0.002,"wrap":0.008}
STREAMING_STEP_TIMING total=10.59ms {"drain_packets":0.006,"drain_pages":0.005,"enqueue":3.301,"evict":0.28,"player_chunk":0.016,"prune":0.002,"publish":0.004,"queue_pages":6.971,"spawn":0.002,"wrap":0.005}
STREAMING_STEP_TIMING total=10.57ms {"drain_packets":0.007,"drain_pages":0.006,"enqueue":3.266,"evict":0.281,"player_chunk":0.012,"prune":0.003,"publish":0.004,"queue_pages":6.979,"spawn":0.001,"wrap":0.008}
STREAMING_STEP_TIMING total=10.46ms {"drain_packets":0.005,"drain_pages":0.004,"enqueue":3.249,"evict":0.285,"player_chunk":0.016,"prune":0.002,"publish":0.005,"queue_pages":6.881,"spawn":0.001,"wrap":0.01}
STREAMING_STEP_TIMING total=10.42ms {"drain_packets":0.006,"drain_pages":0.005,"enqueue":3.277,"evict":0.277,"player_chunk":0.013,"prune":0.004,"publish":0.003,"queue_pages":6.82,"spawn":0.003,"wrap":0.007}
STREAMING_STEP_TIMING total=10.57ms {"drain_packets":0.008,"drain_pages":0.005,"enqueue":3.326,"evict":0.283,"player_chunk":0.016,"prune":0.003,"publish":0.004,"queue_pages":6.911,"spawn":0.001,"wrap":0.011}
STREAMING_STEP_TIMING total=10.48ms {"drain_packets":0.006,"drain_pages":0.005,"enqueue":3.267,"evict":0.289,"player_chunk":0.014,"prune":0.002,"publish":0.006,"queue_pages":6.879,"spawn":0.002,"wrap":0.007}
STREAMING_STEP_TIMING total=10.66ms {"drain_packets":0.01,"drain_pages":0.005,"enqueue":3.361,"evict":0.279,"player_chunk":0.015,"prune":0.005,"publish":0.004,"queue_pages":6.967,"spawn":0.002,"wrap":0.01}
STREAMING_STEP_TIMING total=11.51ms {"drain_packets":0.086,"drain_pages":0.005,"enqueue":3.519,"evict":0.355,"player_chunk":0.014,"prune":0.004,"publish":0.006,"queue_pages":7.51,"spawn":0.002,"wrap":0.008}
STREAMING_STEP_TIMING total=12.58ms {"drain_packets":0.007,"drain_pages":0.005,"enqueue":4.048,"evict":0.347,"player_chunk":0.019,"prune":0.002,"publish":0.006,"queue_pages":8.134,"spawn":0.002,"wrap":0.006}
STREAMING_STEP_TIMING total=12.80ms {"drain_packets":0.007,"drain_pages":0.005,"enqueue":4.062,"evict":0.356,"player_chunk":0.015,"prune":0.004,"publish":0.006,"queue_pages":8.335,"spawn":0.002,"wrap":0.009}
STREAMING_STEP_TIMING total=11.08ms {"drain_packets":0.006,"drain_pages":0.005,"enqueue":3.882,"evict":0.275,"player_chunk":0.018,"prune":0.003,"publish":0.003,"queue_pages":6.87,"spawn":0.002,"wrap":0.011}
STREAMING_STEP_TIMING total=10.45ms {"drain_packets":0.008,"drain_pages":0.006,"enqueue":3.248,"evict":0.279,"player_chunk":0.013,"prune":0.002,"publish":0.004,"queue_pages":6.876,"spawn":0.001,"wrap":0.009}
STREAMING_STEP_TIMING total=10.56ms {"drain_packets":0.006,"drain_pages":0.004,"enqueue":3.255,"evict":0.295,"player_chunk":0.017,"prune":0.002,"publish":0.006,"queue_pages":6.959,"spawn":0.002,"wrap":0.01}
STREAMING_STEP_TIMING total=10.44ms {"drain_packets":0.006,"drain_pages":0.004,"enqueue":3.255,"evict":0.276,"player_chunk":0.014,"prune":0.002,"publish":0.003,"queue_pages":6.87,"spawn":0.002,"wrap":0.007}
STREAMING_STEP_TIMING total=10.62ms {"drain_packets":0.007,"drain_pages":0.005,"enqueue":3.381,"evict":0.285,"player_chunk":0.015,"prune":0.004,"publish":0.005,"queue_pages":6.905,"spawn":0.002,"wrap":0.01}
STREAMING_STEP_TIMING total=10.60ms {"drain_packets":0.006,"drain_pages":0.005,"enqueue":3.29,"evict":0.298,"player_chunk":0.013,"prune":0.002,"publish":0.007,"queue_pages":6.963,"spawn":0.001,"wrap":0.008}
STREAMING_STEP_TIMING total=10.54ms {"drain_packets":0.007,"drain_pages":0.005,"enqueue":3.291,"evict":0.272,"player_chunk":0.017,"prune":0.002,"publish":0.003,"queue_pages":6.93,"spawn":0.002,"wrap":0.006}
STREAMING_STEP_TIMING total=10.57ms {"drain_packets":0.008,"drain_pages":0.005,"enqueue":3.325,"evict":0.271,"player_chunk":0.011,"prune":0.004,"publish":0.003,"queue_pages":6.939,"spawn":0.002,"wrap":0.006}
STREAMING_STEP_TIMING total=10.98ms {"drain_packets":0.005,"drain_pages":0.003,"enqueue":3.263,"evict":0.307,"player_chunk":0.017,"prune":0.002,"publish":0.006,"queue_pages":7.362,"spawn":0.002,"wrap":0.009}
STREAMING_STEP_TIMING total=10.59ms {"drain_packets":0.008,"drain_pages":0.005,"enqueue":3.269,"evict":0.277,"player_chunk":0.014,"prune":0.003,"publish":0.005,"queue_pages":6.997,"spawn":0.002,"wrap":0.007}
STREAMING_STEP_TIMING total=10.58ms {"drain_packets":0.012,"drain_pages":0.006,"enqueue":3.335,"evict":0.28,"player_chunk":0.016,"prune":0.003,"publish":0.005,"queue_pages":6.912,"spawn":0.001,"wrap":0.01}
STREAMING_STEP_TIMING total=10.61ms {"drain_packets":0.006,"drain_pages":0.005,"enqueue":3.333,"evict":0.293,"player_chunk":0.014,"prune":0.002,"publish":0.006,"queue_pages":6.936,"spawn":0.002,"wrap":0.008}
STREAMING_STEP_TIMING total=10.56ms {"drain_packets":0.006,"drain_pages":0.005,"enqueue":3.276,"evict":0.348,"player_chunk":0.016,"prune":0.002,"publish":0.005,"queue_pages":6.892,"spawn":0.002,"wrap":0.009}
STREAMING_STEP_TIMING total=10.63ms {"drain_packets":0.009,"drain_pages":0.006,"enqueue":3.408,"evict":0.28,"player_chunk":0.014,"prune":0.004,"publish":0.005,"queue_pages":6.896,"spawn":0.002,"wrap":0.008}
STREAMING_STEP_TIMING total=10.86ms {"drain_packets":0.005,"drain_pages":0.005,"enqueue":3.302,"evict":0.294,"player_chunk":0.016,"prune":0.002,"publish":0.006,"queue_pages":7.225,"spawn":0.001,"wrap":0.006}
STREAMING_STEP_TIMING total=12.00ms {"drain_packets":0.006,"drain_pages":0.005,"enqueue":3.248,"evict":0.439,"player_chunk":0.014,"prune":0.002,"publish":0.006,"queue_pages":8.268,"spawn":0.003,"wrap":0.009}
STREAMING_STEP_TIMING total=15.14ms {"drain_packets":0.012,"drain_pages":0.007,"enqueue":5.22,"evict":0.301,"player_chunk":0.026,"prune":0.006,"publish":0.006,"queue_pages":9.543,"spawn":0.002,"wrap":0.016}
STREAMING_STEP_TIMING total=10.70ms {"drain_packets":0.008,"drain_pages":0.006,"enqueue":3.318,"evict":0.278,"player_chunk":0.014,"prune":0.004,"publish":0.004,"queue_pages":7.058,"spawn":0.002,"wrap":0.008}
STREAMING_STEP_TIMING total=10.50ms {"drain_packets":0.005,"drain_pages":0.003,"enqueue":3.271,"evict":0.288,"player_chunk":0.017,"prune":0.002,"publish":0.005,"queue_pages":6.901,"spawn":0.002,"wrap":0.009}
STREAMING_STEP_TIMING total=10.57ms {"drain_packets":0.006,"drain_pages":0.004,"enqueue":3.293,"evict":0.272,"player_chunk":0.013,"prune":0.002,"publish":0.003,"queue_pages":6.961,"spawn":0.002,"wrap":0.008}
STREAMING_STEP_TIMING total=10.57ms {"drain_packets":0.008,"drain_pages":0.006,"enqueue":3.265,"evict":0.281,"player_chunk":0.012,"prune":0.003,"publish":0.004,"queue_pages":6.978,"spawn":0.001,"wrap":0.007}
STREAMING_STEP_TIMING total=10.76ms {"drain_packets":0.006,"drain_pages":0.004,"enqueue":3.277,"evict":0.308,"player_chunk":0.014,"prune":0.001,"publish":0.005,"queue_pages":7.133,"spawn":0.001,"wrap":0.007}
STREAMING_STEP_TIMING total=10.69ms {"drain_packets":0.007,"drain_pages":0.006,"enqueue":3.439,"evict":0.278,"player_chunk":0.017,"prune":0.003,"publish":0.004,"queue_pages":6.931,"spawn":0.002,"wrap":0.005}
STREAMING_STEP_TIMING total=11.53ms {"drain_packets":0.009,"drain_pages":0.005,"enqueue":3.426,"evict":0.351,"player_chunk":0.014,"prune":0.004,"publish":0.005,"queue_pages":7.708,"spawn":0.002,"wrap":0.008}
STREAMING_STEP_TIMING total=12.72ms {"drain_packets":0.007,"drain_pages":0.005,"enqueue":4.146,"evict":0.346,"player_chunk":0.02,"prune":0.002,"publish":0.006,"queue_pages":8.169,"spawn":0.002,"wrap":0.01}
STREAMING_STEP_TIMING total=12.58ms {"drain_packets":0.007,"drain_pages":0.005,"enqueue":4.072,"evict":0.344,"player_chunk":0.014,"prune":0.003,"publish":0.005,"queue_pages":8.119,"spawn":0.002,"wrap":0.009}
STREAMING_STEP_TIMING total=12.68ms {"drain_packets":0.008,"drain_pages":0.005,"enqueue":4.342,"evict":0.336,"player_chunk":0.026,"prune":0.004,"publish":0.004,"queue_pages":7.938,"spawn":0.003,"wrap":0.014}
STREAMING_STEP_TIMING total=11.42ms {"drain_packets":0.008,"drain_pages":0.006,"enqueue":4.124,"evict":0.28,"player_chunk":0.016,"prune":0.004,"publish":0.003,"queue_pages":6.967,"spawn":0.002,"wrap":0.01}
STREAMING_STEP_TIMING total=10.60ms {"drain_packets":0.005,"drain_pages":0.003,"enqueue":3.228,"evict":0.285,"player_chunk":0.015,"prune":0.001,"publish":0.005,"queue_pages":7.041,"spawn":0.001,"wrap":0.009}
STREAMING_STEP_TIMING total=10.61ms {"drain_packets":0.005,"drain_pages":0.004,"enqueue":3.358,"evict":0.287,"player_chunk":0.013,"prune":0.002,"publish":0.007,"queue_pages":6.926,"spawn":0.001,"wrap":0.009}
STREAMING_STEP_TIMING total=12.51ms {"drain_packets":0.011,"drain_pages":0.006,"enqueue":4.12,"evict":0.34,"player_chunk":0.017,"prune":0.004,"publish":0.004,"queue_pages":7.997,"spawn":0.002,"wrap":0.006}
STREAMING_STEP_TIMING total=13.00ms {"drain_packets":0.013,"drain_pages":0.007,"enqueue":4.42,"evict":0.338,"player_chunk":0.015,"prune":0.006,"publish":0.004,"queue_pages":8.185,"spawn":0.002,"wrap":0.01}
STREAMING_STEP_TIMING total=12.77ms {"drain_packets":0.005,"drain_pages":0.005,"enqueue":4.071,"evict":0.302,"player_chunk":0.02,"prune":0.002,"publish":0.006,"queue_pages":8.349,"spawn":0.001,"wrap":0.011}
STREAMING_STEP_TIMING total=10.65ms {"drain_packets":0.005,"drain_pages":0.004,"enqueue":3.258,"evict":0.348,"player_chunk":0.013,"prune":0.002,"publish":0.005,"queue_pages":7.007,"spawn":0.002,"wrap":0.008}
STREAMING_STEP_TIMING total=10.45ms {"drain_packets":0.006,"drain_pages":0.005,"enqueue":3.278,"evict":0.279,"player_chunk":0.019,"prune":0.004,"publish":0.003,"queue_pages":6.845,"spawn":0.002,"wrap":0.01}
STREAMING_STEP_TIMING total=10.66ms {"drain_packets":0.007,"drain_pages":0.005,"enqueue":3.318,"evict":0.278,"player_chunk":0.011,"prune":0.003,"publish":0.005,"queue_pages":7.025,"spawn":0.001,"wrap":0.007}
STREAMING_STEP_TIMING total=10.61ms {"drain_packets":0.006,"drain_pages":0.004,"enqueue":3.28,"evict":0.301,"player_chunk":0.016,"prune":0.001,"publish":0.006,"queue_pages":6.982,"spawn":0.001,"wrap":0.01}
STREAMING_STEP_TIMING total=10.38ms {"drain_packets":0.006,"drain_pages":0.004,"enqueue":3.243,"evict":0.268,"player_chunk":0.013,"prune":0.002,"publish":0.003,"queue_pages":6.834,"spawn":0.001,"wrap":0.009}
STREAMING_STEP_TIMING total=10.56ms {"drain_packets":0.006,"drain_pages":0.004,"enqueue":3.337,"evict":0.286,"player_chunk":0.011,"prune":0.002,"publish":0.005,"queue_pages":6.905,"spawn":0.001,"wrap":0.005}
[FrameBudget] streaming=14.1ms topology=0.0ms visual=0.0ms spawn=0.0ms total=14.1ms/6.0ms world.streaming_v0=14.1ms(60)
STREAMING_STEP_TIMING total=10.49ms {"drain_packets":0.005,"drain_pages":0.005,"enqueue":3.244,"evict":0.294,"player_chunk":0.013,"prune":0.002,"publish":0.006,"queue_pages":6.915,"spawn":0.002,"wrap":0.008}
STREAMING_STEP_TIMING total=10.47ms {"drain_packets":0.006,"drain_pages":0.005,"enqueue":3.261,"evict":0.279,"player_chunk":0.016,"prune":0.002,"publish":0.003,"queue_pages":6.887,"spawn":0.002,"wrap":0.01}
STREAMING_STEP_TIMING total=10.51ms {"drain_packets":0.006,"drain_pages":0.005,"enqueue":3.295,"evict":0.285,"player_chunk":0.013,"prune":0.002,"publish":0.005,"queue_pages":6.889,"spawn":0.002,"wrap":0.008}
STREAMING_STEP_TIMING total=10.60ms {"drain_packets":0.006,"drain_pages":0.005,"enqueue":3.352,"evict":0.295,"player_chunk":0.018,"prune":0.002,"publish":0.006,"queue_pages":6.903,"spawn":0.002,"wrap":0.009}
STREAMING_STEP_TIMING total=10.52ms {"drain_packets":0.006,"drain_pages":0.004,"enqueue":3.29,"evict":0.272,"player_chunk":0.014,"prune":0.002,"publish":0.003,"queue_pages":6.912,"spawn":0.002,"wrap":0.009}
STREAMING_STEP_TIMING total=10.63ms {"drain_packets":0.005,"drain_pages":0.004,"enqueue":3.29,"evict":0.29,"player_chunk":0.012,"prune":0.002,"publish":0.005,"queue_pages":7.012,"spawn":0.001,"wrap":0.007}
STREAMING_STEP_TIMING total=10.75ms {"drain_packets":0.007,"drain_pages":0.005,"enqueue":3.401,"evict":0.294,"player_chunk":0.014,"prune":0.003,"publish":0.006,"queue_pages":7.011,"spawn":0.002,"wrap":0.008}
STREAMING_STEP_TIMING total=10.81ms {"drain_packets":0.011,"drain_pages":0.007,"enqueue":3.345,"evict":0.309,"player_chunk":0.017,"prune":0.004,"publish":0.005,"queue_pages":7.106,"spawn":0.001,"wrap":0.006}
STREAMING_STEP_TIMING total=11.04ms {"drain_packets":0.012,"drain_pages":0.006,"enqueue":3.458,"evict":0.286,"player_chunk":0.013,"prune":0.004,"publish":0.005,"queue_pages":7.247,"spawn":0.002,"wrap":0.007}
STREAMING_STEP_TIMING total=11.01ms {"drain_packets":0.007,"drain_pages":0.005,"enqueue":3.363,"evict":0.316,"player_chunk":0.02,"prune":0.002,"publish":0.007,"queue_pages":7.274,"spawn":0.002,"wrap":0.012}
STREAMING_STEP_TIMING total=10.76ms {"drain_packets":0.007,"drain_pages":0.005,"enqueue":3.474,"evict":0.288,"player_chunk":0.014,"prune":0.003,"publish":0.005,"queue_pages":6.948,"spawn":0.002,"wrap":0.009}
STREAMING_STEP_TIMING total=10.79ms {"drain_packets":0.007,"drain_pages":0.005,"enqueue":3.393,"evict":0.289,"player_chunk":0.017,"prune":0.004,"publish":0.005,"queue_pages":7.054,"spawn":0.001,"wrap":0.01}
STREAMING_STEP_TIMING total=10.49ms {"drain_packets":0.006,"drain_pages":0.005,"enqueue":3.275,"evict":0.292,"player_chunk":0.013,"prune":0.002,"publish":0.004,"queue_pages":6.886,"spawn":0.002,"wrap":0.007}
STREAMING_STEP_TIMING total=10.54ms {"drain_packets":0.007,"drain_pages":0.004,"enqueue":3.402,"evict":0.265,"player_chunk":0.016,"prune":0.002,"publish":0.003,"queue_pages":6.825,"spawn":0.002,"wrap":0.011}
STREAMING_STEP_TIMING total=10.63ms {"drain_packets":0.008,"drain_pages":0.005,"enqueue":3.332,"evict":0.283,"player_chunk":0.01,"prune":0.003,"publish":0.003,"queue_pages":6.973,"spawn":0.001,"wrap":0.007}
STREAMING_STEP_TIMING total=10.75ms {"drain_packets":0.004,"drain_pages":0.005,"enqueue":3.341,"evict":0.289,"player_chunk":0.015,"prune":0.002,"publish":0.006,"queue_pages":7.076,"spawn":0.002,"wrap":0.006}
STREAMING_STEP_TIMING total=10.38ms {"drain_packets":0.006,"drain_pages":0.004,"enqueue":3.258,"evict":0.271,"player_chunk":0.013,"prune":0.003,"publish":0.002,"queue_pages":6.812,"spawn":0.002,"wrap":0.008}
STREAMING_STEP_TIMING total=10.80ms {"drain_packets":0.008,"drain_pages":0.004,"enqueue":3.311,"evict":0.297,"player_chunk":0.011,"prune":0.003,"publish":0.005,"queue_pages":7.152,"spawn":0.002,"wrap":0.007}
STREAMING_STEP_TIMING total=10.50ms {"drain_packets":0.005,"drain_pages":0.004,"enqueue":3.236,"evict":0.313,"player_chunk":0.013,"prune":0.002,"publish":0.004,"queue_pages":6.911,"spawn":0.001,"wrap":0.008}
STREAMING_STEP_TIMING total=10.37ms {"drain_packets":0.007,"drain_pages":0.005,"enqueue":3.255,"evict":0.27,"player_chunk":0.018,"prune":0.002,"publish":0.002,"queue_pages":6.796,"spawn":0.002,"wrap":0.01}
STREAMING_STEP_TIMING total=10.49ms {"drain_packets":0.009,"drain_pages":0.007,"enqueue":3.273,"evict":0.276,"player_chunk":0.011,"prune":0.002,"publish":0.004,"queue_pages":6.904,"spawn":0.001,"wrap":0.006}
STREAMING_STEP_TIMING total=10.70ms {"drain_packets":0.005,"drain_pages":0.004,"enqueue":3.23,"evict":0.356,"player_chunk":0.017,"prune":0.002,"publish":0.006,"queue_pages":7.068,"spawn":0.002,"wrap":0.009}
STREAMING_STEP_TIMING total=12.41ms {"drain_packets":0.008,"drain_pages":0.006,"enqueue":4.055,"evict":0.333,"player_chunk":0.016,"prune":0.002,"publish":0.003,"queue_pages":7.972,"spawn":0.003,"wrap":0.01}
STREAMING_STEP_TIMING total=12.57ms {"drain_packets":0.011,"drain_pages":0.006,"enqueue":4.184,"evict":0.337,"player_chunk":0.014,"prune":0.005,"publish":0.004,"queue_pages":7.995,"spawn":0.002,"wrap":0.006}
STREAMING_STEP_TIMING total=12.77ms {"drain_packets":0.007,"drain_pages":0.004,"enqueue":4.067,"evict":0.352,"player_chunk":0.015,"prune":0.003,"publish":0.006,"queue_pages":8.302,"spawn":0.002,"wrap":0.009}
STREAMING_STEP_TIMING total=11.64ms {"drain_packets":0.007,"drain_pages":0.005,"enqueue":4.058,"evict":0.297,"player_chunk":0.019,"prune":0.002,"publish":0.006,"queue_pages":7.231,"spawn":0.002,"wrap":0.011}
STREAMING_STEP_TIMING total=10.40ms {"drain_packets":0.006,"drain_pages":0.005,"enqueue":3.235,"evict":0.27,"player_chunk":0.015,"prune":0.002,"publish":0.003,"queue_pages":6.855,"spawn":0.002,"wrap":0.008}
STREAMING_STEP_TIMING total=10.57ms {"drain_packets":0.01,"drain_pages":0.005,"enqueue":3.341,"evict":0.274,"player_chunk":0.011,"prune":0.004,"publish":0.003,"queue_pages":6.912,"spawn":0.001,"wrap":0.007}
STREAMING_STEP_TIMING total=10.46ms {"drain_packets":0.006,"drain_pages":0.003,"enqueue":3.305,"evict":0.291,"player_chunk":0.013,"prune":0.003,"publish":0.006,"queue_pages":6.819,"spawn":0.002,"wrap":0.008}
STREAMING_STEP_TIMING total=10.56ms {"drain_packets":0.006,"drain_pages":0.005,"enqueue":3.318,"evict":0.288,"player_chunk":0.018,"prune":0.002,"publish":0.003,"queue_pages":6.907,"spawn":0.002,"wrap":0.01}
STREAMING_STEP_TIMING total=10.42ms {"drain_packets":0.008,"drain_pages":0.005,"enqueue":3.283,"evict":0.27,"player_chunk":0.011,"prune":0.004,"publish":0.004,"queue_pages":6.827,"spawn":0.002,"wrap":0.007}
STREAMING_STEP_TIMING total=10.38ms {"drain_packets":0.006,"drain_pages":0.003,"enqueue":3.244,"evict":0.296,"player_chunk":0.015,"prune":0.002,"publish":0.006,"queue_pages":6.801,"spawn":0.002,"wrap":0.006}
STREAMING_STEP_TIMING total=10.42ms {"drain_packets":0.007,"drain_pages":0.004,"enqueue":3.248,"evict":0.272,"player_chunk":0.014,"prune":0.001,"publish":0.003,"queue_pages":6.865,"spawn":0.002,"wrap":0.007}
STREAMING_STEP_TIMING total=10.84ms {"drain_packets":0.012,"drain_pages":0.006,"enqueue":3.654,"evict":0.277,"player_chunk":0.011,"prune":0.006,"publish":0.004,"queue_pages":6.855,"spawn":0.002,"wrap":0.007}
STREAMING_STEP_TIMING total=10.41ms {"drain_packets":0.005,"drain_pages":0.004,"enqueue":3.262,"evict":0.286,"player_chunk":0.013,"prune":0.002,"publish":0.004,"queue_pages":6.824,"spawn":0.001,"wrap":0.008}
STREAMING_STEP_TIMING total=10.49ms {"drain_packets":0.005,"drain_pages":0.004,"enqueue":3.274,"evict":0.273,"player_chunk":0.017,"prune":0.002,"publish":0.003,"queue_pages":6.904,"spawn":0.001,"wrap":0.01}
STREAMING_STEP_TIMING total=10.55ms {"drain_packets":0.006,"drain_pages":0.038,"enqueue":3.262,"evict":0.288,"player_chunk":0.01,"prune":0.002,"publish":0.005,"queue_pages":6.93,"spawn":0.001,"wrap":0.006}
STREAMING_STEP_TIMING total=10.43ms {"drain_packets":0.006,"drain_pages":0.005,"enqueue":3.299,"evict":0.292,"player_chunk":0.017,"prune":0.003,"publish":0.005,"queue_pages":6.794,"spawn":0.002,"wrap":0.008}
STREAMING_STEP_TIMING total=10.41ms {"drain_packets":0.006,"drain_pages":0.004,"enqueue":3.241,"evict":0.269,"player_chunk":0.013,"prune":0.002,"publish":0.003,"queue_pages":6.859,"spawn":0.001,"wrap":0.008}
STREAMING_STEP_TIMING total=10.54ms {"drain_packets":0.005,"drain_pages":0.004,"enqueue":3.279,"evict":0.287,"player_chunk":0.011,"prune":0.002,"publish":0.006,"queue_pages":6.937,"spawn":0.002,"wrap":0.005}
STREAMING_STEP_TIMING total=10.43ms {"drain_packets":0.008,"drain_pages":0.004,"enqueue":3.26,"evict":0.286,"player_chunk":0.013,"prune":0.002,"publish":0.004,"queue_pages":6.845,"spawn":0.002,"wrap":0.007}
STREAMING_STEP_TIMING total=10.80ms {"drain_packets":0.011,"drain_pages":0.006,"enqueue":3.411,"evict":0.284,"player_chunk":0.017,"prune":0.005,"publish":0.005,"queue_pages":6.943,"spawn":0.001,"wrap":0.115}
STREAMING_STEP_TIMING total=13.25ms {"drain_packets":0.007,"drain_pages":0.006,"enqueue":3.393,"evict":0.457,"player_chunk":0.015,"prune":0.003,"publish":0.007,"queue_pages":9.345,"spawn":0.002,"wrap":0.008}
STREAMING_STEP_TIMING total=12.50ms {"drain_packets":0.007,"drain_pages":0.006,"enqueue":4.067,"evict":0.345,"player_chunk":0.022,"prune":0.002,"publish":0.006,"queue_pages":8.017,"spawn":0.008,"wrap":0.014}
STREAMING_STEP_TIMING total=12.89ms {"drain_packets":0.007,"drain_pages":0.005,"enqueue":4.073,"evict":0.457,"player_chunk":0.016,"prune":0.002,"publish":0.007,"queue_pages":8.308,"spawn":0.003,"wrap":0.009}
STREAMING_STEP_TIMING total=16.39ms {"drain_packets":0.012,"drain_pages":0.006,"enqueue":5.257,"evict":0.451,"player_chunk":0.024,"prune":0.005,"publish":0.007,"queue_pages":10.603,"spawn":0.002,"wrap":0.015}
STREAMING_STEP_TIMING total=12.80ms {"drain_packets":0.01,"drain_pages":0.006,"enqueue":5.245,"evict":0.345,"player_chunk":0.019,"prune":0.004,"publish":0.009,"queue_pages":7.141,"spawn":0.002,"wrap":0.012}
STREAMING_STEP_TIMING total=10.63ms {"drain_packets":0.007,"drain_pages":0.006,"enqueue":3.34,"evict":0.28,"player_chunk":0.017,"prune":0.002,"publish":0.003,"queue_pages":6.962,"spawn":0.002,"wrap":0.006}
STREAMING_STEP_TIMING total=11.04ms {"drain_packets":0.005,"drain_pages":0.003,"enqueue":3.284,"evict":0.304,"player_chunk":0.012,"prune":0.002,"publish":0.006,"queue_pages":7.412,"spawn":0.002,"wrap":0.007}
STREAMING_STEP_TIMING total=10.41ms {"drain_packets":0.007,"drain_pages":0.005,"enqueue":3.269,"evict":0.285,"player_chunk":0.018,"prune":0.001,"publish":0.004,"queue_pages":6.806,"spawn":0.002,"wrap":0.011}
STREAMING_STEP_TIMING total=10.86ms {"drain_packets":0.009,"drain_pages":0.006,"enqueue":3.698,"evict":0.272,"player_chunk":0.013,"prune":0.005,"publish":0.003,"queue_pages":6.843,"spawn":0.003,"wrap":0.008}
STREAMING_STEP_TIMING total=10.34ms {"drain_packets":0.006,"drain_pages":0.004,"enqueue":3.274,"evict":0.275,"player_chunk":0.018,"prune":0.003,"publish":0.004,"queue_pages":6.748,"spawn":0.001,"wrap":0.01}
STREAMING_STEP_TIMING total=10.37ms {"drain_packets":0.005,"drain_pages":0.004,"enqueue":3.279,"evict":0.273,"player_chunk":0.013,"prune":0.002,"publish":0.004,"queue_pages":6.783,"spawn":0.001,"wrap":0.008}
STREAMING_STEP_TIMING total=10.49ms {"drain_packets":0.008,"drain_pages":0.005,"enqueue":3.264,"evict":0.273,"player_chunk":0.015,"prune":0.002,"publish":0.003,"queue_pages":6.91,"spawn":0.002,"wrap":0.009}
STREAMING_STEP_TIMING total=10.77ms {"drain_packets":0.008,"drain_pages":0.005,"enqueue":3.323,"evict":0.308,"player_chunk":0.016,"prune":0.003,"publish":0.005,"queue_pages":7.09,"spawn":0.004,"wrap":0.01}
STREAMING_STEP_TIMING total=10.74ms {"drain_packets":0.013,"drain_pages":0.006,"enqueue":3.323,"evict":0.297,"player_chunk":0.016,"prune":0.003,"publish":0.006,"queue_pages":7.068,"spawn":0.001,"wrap":0.007}
STREAMING_STEP_TIMING total=10.90ms {"drain_packets":0.007,"drain_pages":0.005,"enqueue":3.302,"evict":0.282,"player_chunk":0.014,"prune":0.003,"publish":0.004,"queue_pages":7.269,"spawn":0.002,"wrap":0.007}
STREAMING_STEP_TIMING total=10.42ms {"drain_packets":0.005,"drain_pages":0.005,"enqueue":3.243,"evict":0.291,"player_chunk":0.016,"prune":0.001,"publish":0.006,"queue_pages":6.837,"spawn":0.002,"wrap":0.01}
STREAMING_STEP_TIMING total=10.55ms {"drain_packets":0.007,"drain_pages":0.005,"enqueue":3.363,"evict":0.28,"player_chunk":0.013,"prune":0.002,"publish":0.004,"queue_pages":6.862,"spawn":0.002,"wrap":0.008}
STREAMING_STEP_TIMING total=10.42ms {"drain_packets":0.006,"drain_pages":0.005,"enqueue":3.264,"evict":0.275,"player_chunk":0.018,"prune":0.003,"publish":0.004,"queue_pages":6.835,"spawn":0.002,"wrap":0.01}
STREAMING_STEP_TIMING total=10.52ms {"drain_packets":0.005,"drain_pages":0.003,"enqueue":3.246,"evict":0.283,"player_chunk":0.012,"prune":0.002,"publish":0.004,"queue_pages":6.956,"spawn":0.002,"wrap":0.007}
STREAMING_STEP_TIMING total=10.37ms {"drain_packets":0.006,"drain_pages":0.004,"enqueue":3.277,"evict":0.265,"player_chunk":0.017,"prune":0.002,"publish":0.003,"queue_pages":6.782,"spawn":0.002,"wrap":0.009}
STREAMING_STEP_TIMING total=11.38ms {"drain_packets":0.007,"drain_pages":0.005,"enqueue":3.303,"evict":0.353,"player_chunk":0.013,"prune":0.003,"publish":0.007,"queue_pages":7.68,"spawn":0.002,"wrap":0.008}
STREAMING_STEP_TIMING total=14.48ms {"drain_packets":0.011,"drain_pages":0.006,"enqueue":4.183,"evict":0.339,"player_chunk":0.019,"prune":0.005,"publish":0.006,"queue_pages":9.902,"spawn":0.002,"wrap":0.007}
STREAMING_STEP_TIMING total=10.55ms {"drain_packets":0.006,"drain_pages":0.005,"enqueue":3.259,"evict":0.291,"player_chunk":0.014,"prune":0.003,"publish":0.005,"queue_pages":6.952,"spawn":0.003,"wrap":0.009}
STREAMING_STEP_TIMING total=10.35ms {"drain_packets":0.007,"drain_pages":0.005,"enqueue":3.249,"evict":0.267,"player_chunk":0.017,"prune":0.003,"publish":0.003,"queue_pages":6.783,"spawn":0.001,"wrap":0.01}
STREAMING_STEP_TIMING total=10.36ms {"drain_packets":0.009,"drain_pages":0.005,"enqueue":3.274,"evict":0.275,"player_chunk":0.013,"prune":0.004,"publish":0.003,"queue_pages":6.763,"spawn":0.001,"wrap":0.008}
STREAMING_STEP_TIMING total=10.53ms {"drain_packets":0.006,"drain_pages":0.003,"enqueue":3.257,"evict":0.297,"player_chunk":0.017,"prune":0.002,"publish":0.006,"queue_pages":6.93,"spawn":0.002,"wrap":0.01}
STREAMING_STEP_TIMING total=14.45ms {"drain_packets":0.01,"drain_pages":0.007,"enqueue":5.165,"evict":0.31,"player_chunk":0.013,"prune":0.005,"publish":0.024,"queue_pages":8.908,"spawn":0.002,"wrap":0.008}
STREAMING_STEP_TIMING total=10.58ms {"drain_packets":0.011,"drain_pages":0.006,"enqueue":3.385,"evict":0.271,"player_chunk":0.018,"prune":0.005,"publish":0.003,"queue_pages":6.871,"spawn":0.002,"wrap":0.01}
STREAMING_STEP_TIMING total=11.68ms {"drain_packets":0.008,"drain_pages":0.004,"enqueue":3.504,"evict":0.342,"player_chunk":0.014,"prune":0.004,"publish":0.005,"queue_pages":7.786,"spawn":0.002,"wrap":0.009}
STREAMING_STEP_TIMING total=12.48ms {"drain_packets":0.008,"drain_pages":0.005,"enqueue":4.07,"evict":0.304,"player_chunk":0.019,"prune":0.003,"publish":0.007,"queue_pages":8.056,"spawn":0.002,"wrap":0.007}
STREAMING_STEP_TIMING total=10.32ms {"drain_packets":0.006,"drain_pages":0.005,"enqueue":3.243,"evict":0.27,"player_chunk":0.012,"prune":0.001,"publish":0.002,"queue_pages":6.774,"spawn":0.001,"wrap":0.009}
STREAMING_STEP_TIMING total=10.42ms {"drain_packets":0.008,"drain_pages":0.006,"enqueue":3.275,"evict":0.273,"player_chunk":0.012,"prune":0.004,"publish":0.004,"queue_pages":6.831,"spawn":0.001,"wrap":0.006}
STREAMING_STEP_TIMING total=10.51ms {"drain_packets":0.005,"drain_pages":0.005,"enqueue":3.29,"evict":0.293,"player_chunk":0.013,"prune":0.002,"publish":0.006,"queue_pages":6.881,"spawn":0.002,"wrap":0.008}
STREAMING_STEP_TIMING total=10.57ms {"drain_packets":0.005,"drain_pages":0.005,"enqueue":3.301,"evict":0.28,"player_chunk":0.017,"prune":0.002,"publish":0.003,"queue_pages":6.945,"spawn":0.002,"wrap":0.01}
STREAMING_STEP_TIMING total=10.45ms {"drain_packets":0.009,"drain_pages":0.005,"enqueue":3.283,"evict":0.272,"player_chunk":0.014,"prune":0.004,"publish":0.003,"queue_pages":6.845,"spawn":0.001,"wrap":0.008}
STREAMING_STEP_TIMING total=10.57ms {"drain_packets":0.008,"drain_pages":0.005,"enqueue":3.343,"evict":0.281,"player_chunk":0.017,"prune":0.003,"publish":0.003,"queue_pages":6.89,"spawn":0.002,"wrap":0.012}
STREAMING_STEP_TIMING total=10.46ms {"drain_packets":0.006,"drain_pages":0.004,"enqueue":3.255,"evict":0.277,"player_chunk":0.013,"prune":0.002,"publish":0.004,"queue_pages":6.89,"spawn":0.002,"wrap":0.008}
STREAMING_STEP_TIMING total=10.40ms {"drain_packets":0.008,"drain_pages":0.006,"enqueue":3.255,"evict":0.282,"player_chunk":0.013,"prune":0.004,"publish":0.003,"queue_pages":6.82,"spawn":0.002,"wrap":0.005}
STREAMING_STEP_TIMING total=10.49ms {"drain_packets":0.006,"drain_pages":0.005,"enqueue":3.294,"evict":0.301,"player_chunk":0.012,"prune":0.002,"publish":0.004,"queue_pages":6.856,"spawn":0.002,"wrap":0.008}
STREAMING_STEP_TIMING total=10.46ms {"drain_packets":0.006,"drain_pages":0.003,"enqueue":3.268,"evict":0.276,"player_chunk":0.015,"prune":0.001,"publish":0.003,"queue_pages":6.878,"spawn":0.002,"wrap":0.009}
STREAMING_STEP_TIMING total=10.48ms {"drain_packets":0.006,"drain_pages":0.004,"enqueue":3.306,"evict":0.275,"player_chunk":0.01,"prune":0.002,"publish":0.005,"queue_pages":6.862,"spawn":0.001,"wrap":0.007}
STREAMING_STEP_TIMING total=10.46ms {"drain_packets":0.005,"drain_pages":0.004,"enqueue":3.267,"evict":0.288,"player_chunk":0.017,"prune":0.002,"publish":0.004,"queue_pages":6.857,"spawn":0.002,"wrap":0.01}
STREAMING_STEP_TIMING total=10.56ms {"drain_packets":0.006,"drain_pages":0.004,"enqueue":3.33,"evict":0.268,"player_chunk":0.013,"prune":0.002,"publish":0.003,"queue_pages":6.921,"spawn":0.001,"wrap":0.007}
STREAMING_STEP_TIMING total=10.58ms {"drain_packets":0.007,"drain_pages":0.005,"enqueue":3.318,"evict":0.279,"player_chunk":0.012,"prune":0.002,"publish":0.004,"queue_pages":6.943,"spawn":0.001,"wrap":0.006}
STREAMING_STEP_TIMING total=10.44ms {"drain_packets":0.004,"drain_pages":0.004,"enqueue":3.263,"evict":0.307,"player_chunk":0.012,"prune":0.002,"publish":0.005,"queue_pages":6.835,"spawn":0.002,"wrap":0.007}
STREAMING_STEP_TIMING total=10.44ms {"drain_packets":0.007,"drain_pages":0.006,"enqueue":3.31,"evict":0.269,"player_chunk":0.016,"prune":0.003,"publish":0.002,"queue_pages":6.819,"spawn":0.002,"wrap":0.005}
STREAMING_STEP_TIMING total=10.47ms {"drain_packets":0.007,"drain_pages":0.004,"enqueue":3.254,"evict":0.284,"player_chunk":0.012,"prune":0.002,"publish":0.004,"queue_pages":6.89,"spawn":0.002,"wrap":0.006}
STREAMING_STEP_TIMING total=10.60ms {"drain_packets":0.005,"drain_pages":0.004,"enqueue":3.277,"evict":0.301,"player_chunk":0.016,"prune":0.001,"publish":0.005,"queue_pages":6.974,"spawn":0.001,"wrap":0.01}
STREAMING_STEP_TIMING total=10.44ms {"drain_packets":0.008,"drain_pages":0.004,"enqueue":3.301,"evict":0.267,"player_chunk":0.013,"prune":0.003,"publish":0.003,"queue_pages":6.83,"spawn":0.002,"wrap":0.009}
STREAMING_STEP_TIMING total=10.49ms {"drain_packets":0.008,"drain_pages":0.006,"enqueue":3.289,"evict":0.284,"player_chunk":0.014,"prune":0.002,"publish":0.004,"queue_pages":6.871,"spawn":0.001,"wrap":0.008}
STREAMING_STEP_TIMING total=10.51ms {"drain_packets":0.005,"drain_pages":0.003,"enqueue":3.256,"evict":0.295,"player_chunk":0.013,"prune":0.002,"publish":0.005,"queue_pages":6.923,"spawn":0.001,"wrap":0.008}
STREAMING_STEP_TIMING total=10.39ms {"drain_packets":0.009,"drain_pages":0.005,"enqueue":3.266,"evict":0.277,"player_chunk":0.023,"prune":0.003,"publish":0.004,"queue_pages":6.785,"spawn":0.004,"wrap":0.016}
STREAMING_STEP_TIMING total=10.44ms {"drain_packets":0.006,"drain_pages":0.006,"enqueue":3.262,"evict":0.288,"player_chunk":0.013,"prune":0.004,"publish":0.005,"queue_pages":6.844,"spawn":0.002,"wrap":0.008}
STREAMING_STEP_TIMING total=10.88ms {"drain_packets":0.006,"drain_pages":0.005,"enqueue":3.251,"evict":0.305,"player_chunk":0.016,"prune":0.002,"publish":0.006,"queue_pages":7.283,"spawn":0.001,"wrap":0.006}
STREAMING_STEP_TIMING total=10.41ms {"drain_packets":0.007,"drain_pages":0.005,"enqueue":3.261,"evict":0.279,"player_chunk":0.015,"prune":0.002,"publish":0.004,"queue_pages":6.822,"spawn":0.002,"wrap":0.008}
STREAMING_STEP_TIMING total=10.58ms {"drain_packets":0.01,"drain_pages":0.006,"enqueue":3.333,"evict":0.29,"player_chunk":0.017,"prune":0.006,"publish":0.005,"queue_pages":6.898,"spawn":0.002,"wrap":0.01}
STREAMING_STEP_TIMING total=10.58ms {"drain_packets":0.005,"drain_pages":0.005,"enqueue":3.281,"evict":0.295,"player_chunk":0.014,"prune":0.002,"publish":0.005,"queue_pages":6.957,"spawn":0.002,"wrap":0.008}
STREAMING_STEP_TIMING total=10.37ms {"drain_packets":0.006,"drain_pages":0.005,"enqueue":3.257,"evict":0.27,"player_chunk":0.018,"prune":0.002,"publish":0.003,"queue_pages":6.799,"spawn":0.001,"wrap":0.011}
STREAMING_STEP_TIMING total=10.52ms {"drain_packets":0.005,"drain_pages":0.004,"enqueue":3.226,"evict":0.292,"player_chunk":0.01,"prune":0.002,"publish":0.006,"queue_pages":6.965,"spawn":0.002,"wrap":0.006}
STREAMING_STEP_TIMING total=10.76ms {"drain_packets":0.006,"drain_pages":0.005,"enqueue":3.267,"evict":0.413,"player_chunk":0.018,"prune":0.002,"publish":0.006,"queue_pages":7.028,"spawn":0.002,"wrap":0.01}
STREAMING_STEP_TIMING total=10.80ms {"drain_packets":0.009,"drain_pages":0.005,"enqueue":3.41,"evict":0.281,"player_chunk":0.014,"prune":0.004,"publish":0.005,"queue_pages":7.055,"spawn":0.002,"wrap":0.009}
STREAMING_STEP_TIMING total=10.97ms {"drain_packets":0.009,"drain_pages":0.018,"enqueue":3.474,"evict":0.292,"player_chunk":0.016,"prune":0.002,"publish":0.005,"queue_pages":7.142,"spawn":0.001,"wrap":0.007}
STREAMING_STEP_TIMING total=10.85ms {"drain_packets":0.007,"drain_pages":0.005,"enqueue":3.384,"evict":0.287,"player_chunk":0.014,"prune":0.003,"publish":0.005,"queue_pages":7.136,"spawn":0.002,"wrap":0.008}
STREAMING_STEP_TIMING total=10.76ms {"drain_packets":0.006,"drain_pages":0.005,"enqueue":3.44,"evict":0.304,"player_chunk":0.02,"prune":0.003,"publish":0.006,"queue_pages":6.952,"spawn":0.002,"wrap":0.017}
STREAMING_STEP_TIMING total=10.67ms {"drain_packets":0.01,"drain_pages":0.007,"enqueue":3.292,"evict":0.278,"player_chunk":0.014,"prune":0.004,"publish":0.004,"queue_pages":7.052,"spawn":0.002,"wrap":0.008}
STREAMING_STEP_TIMING total=10.62ms {"drain_packets":0.006,"drain_pages":0.005,"enqueue":3.337,"evict":0.288,"player_chunk":0.018,"prune":0.003,"publish":0.005,"queue_pages":6.938,"spawn":0.002,"wrap":0.009}
STREAMING_STEP_TIMING total=10.53ms {"drain_packets":0.006,"drain_pages":0.005,"enqueue":3.277,"evict":0.281,"player_chunk":0.013,"prune":0.003,"publish":0.003,"queue_pages":6.932,"spawn":0.002,"wrap":0.008}
STREAMING_STEP_TIMING total=10.52ms {"drain_packets":0.007,"drain_pages":0.006,"enqueue":3.35,"evict":0.287,"player_chunk":0.013,"prune":0.003,"publish":0.005,"queue_pages":6.839,"spawn":0.002,"wrap":0.009}
STREAMING_STEP_TIMING total=12.56ms {"drain_packets":0.007,"drain_pages":0.005,"enqueue":4.066,"evict":0.358,"player_chunk":0.016,"prune":0.003,"publish":0.006,"queue_pages":8.087,"spawn":0.002,"wrap":0.01}
STREAMING_STEP_TIMING total=12.52ms {"drain_packets":0.007,"drain_pages":0.005,"enqueue":4.112,"evict":0.347,"player_chunk":0.019,"prune":0.002,"publish":0.004,"queue_pages":8.014,"spawn":0.002,"wrap":0.007}
STREAMING_STEP_TIMING total=11.58ms {"drain_packets":0.011,"drain_pages":0.006,"enqueue":4.177,"evict":0.278,"player_chunk":0.016,"prune":0.005,"publish":0.004,"queue_pages":7.068,"spawn":0.002,"wrap":0.009}
STREAMING_STEP_TIMING total=10.66ms {"drain_packets":0.005,"drain_pages":0.004,"enqueue":3.255,"evict":0.287,"player_chunk":0.017,"prune":0.002,"publish":0.005,"queue_pages":7.071,"spawn":0.002,"wrap":0.01}
STREAMING_STEP_TIMING total=10.47ms {"drain_packets":0.006,"drain_pages":0.004,"enqueue":3.242,"evict":0.288,"player_chunk":0.014,"prune":0.002,"publish":0.004,"queue_pages":6.899,"spawn":0.001,"wrap":0.008}
STREAMING_STEP_TIMING total=10.51ms {"drain_packets":0.007,"drain_pages":0.006,"enqueue":3.319,"evict":0.273,"player_chunk":0.017,"prune":0.003,"publish":0.004,"queue_pages":6.865,"spawn":0.001,"wrap":0.01}
STREAMING_STEP_TIMING total=10.80ms {"drain_packets":0.005,"drain_pages":0.003,"enqueue":3.246,"evict":0.313,"player_chunk":0.012,"prune":0.002,"publish":0.007,"queue_pages":7.2,"spawn":0.002,"wrap":0.007}
STREAMING_STEP_TIMING total=10.71ms {"drain_packets":0.005,"drain_pages":0.005,"enqueue":3.304,"evict":0.288,"player_chunk":0.017,"prune":0.002,"publish":0.004,"queue_pages":7.076,"spawn":0.002,"wrap":0.009}
STREAMING_STEP_TIMING total=10.62ms {"drain_packets":0.007,"drain_pages":0.005,"enqueue":3.391,"evict":0.269,"player_chunk":0.014,"prune":0.003,"publish":0.002,"queue_pages":6.916,"spawn":0.002,"wrap":0.009}
STREAMING_STEP_TIMING total=10.56ms {"drain_packets":0.004,"drain_pages":0.003,"enqueue":3.307,"evict":0.287,"player_chunk":0.013,"prune":0.002,"publish":0.005,"queue_pages":6.929,"spawn":0.001,"wrap":0.005}
[FrameBudget] streaming=11.2ms topology=0.0ms visual=0.0ms spawn=0.0ms total=11.2ms/6.0ms world.streaming_v0=11.2ms(60)
STREAMING_STEP_TIMING total=10.48ms {"drain_packets":0.006,"drain_pages":0.005,"enqueue":3.273,"evict":0.287,"player_chunk":0.013,"prune":0.002,"publish":0.005,"queue_pages":6.877,"spawn":0.001,"wrap":0.008}
STREAMING_STEP_TIMING total=10.60ms {"drain_packets":0.006,"drain_pages":0.005,"enqueue":3.322,"evict":0.275,"player_chunk":0.018,"prune":0.002,"publish":0.003,"queue_pages":6.955,"spawn":0.001,"wrap":0.01}
STREAMING_STEP_TIMING total=10.72ms {"drain_packets":0.006,"drain_pages":0.006,"enqueue":3.327,"evict":0.286,"player_chunk":0.012,"prune":0.002,"publish":0.005,"queue_pages":7.067,"spawn":0.002,"wrap":0.006}
STREAMING_STEP_TIMING total=10.36ms {"drain_packets":0.006,"drain_pages":0.004,"enqueue":3.228,"evict":0.285,"player_chunk":0.018,"prune":0.002,"publish":0.004,"queue_pages":6.795,"spawn":0.002,"wrap":0.009}
STREAMING_STEP_TIMING total=10.49ms {"drain_packets":0.007,"drain_pages":0.005,"enqueue":3.275,"evict":0.274,"player_chunk":0.013,"prune":0.002,"publish":0.004,"queue_pages":6.904,"spawn":0.002,"wrap":0.008}
STREAMING_STEP_TIMING total=10.41ms {"drain_packets":0.005,"drain_pages":0.003,"enqueue":3.271,"evict":0.277,"player_chunk":0.014,"prune":0.003,"publish":0.004,"queue_pages":6.819,"spawn":0.002,"wrap":0.008}
STREAMING_STEP_TIMING total=10.57ms {"drain_packets":0.005,"drain_pages":0.004,"enqueue":3.228,"evict":0.299,"player_chunk":0.014,"prune":0.002,"publish":0.007,"queue_pages":6.995,"spawn":0.002,"wrap":0.007}
STREAMING_STEP_TIMING total=10.58ms {"drain_packets":0.009,"drain_pages":0.005,"enqueue":3.407,"evict":0.274,"player_chunk":0.017,"prune":0.003,"publish":0.003,"queue_pages":6.854,"spawn":0.002,"wrap":0.005}
STREAMING_STEP_TIMING total=10.68ms {"drain_packets":0.004,"drain_pages":0.004,"enqueue":3.257,"evict":0.29,"player_chunk":0.013,"prune":0.002,"publish":0.005,"queue_pages":7.091,"spawn":0.001,"wrap":0.008}
STREAMING_STEP_TIMING total=10.47ms {"drain_packets":0.005,"drain_pages":0.006,"enqueue":3.268,"evict":0.286,"player_chunk":0.017,"prune":0.002,"publish":0.004,"queue_pages":6.865,"spawn":0.002,"wrap":0.01}
STREAMING_STEP_TIMING total=10.42ms {"drain_packets":0.007,"drain_pages":0.005,"enqueue":3.239,"evict":0.277,"player_chunk":0.014,"prune":0.003,"publish":0.004,"queue_pages":6.86,"spawn":0.002,"wrap":0.008}
STREAMING_STEP_TIMING total=10.63ms {"drain_packets":0.005,"drain_pages":0.004,"enqueue":3.294,"evict":0.291,"player_chunk":0.015,"prune":0.002,"publish":0.006,"queue_pages":7.005,"spawn":0.002,"wrap":0.008}
STREAMING_STEP_TIMING total=10.58ms {"drain_packets":0.008,"drain_pages":0.005,"enqueue":3.385,"evict":0.328,"player_chunk":0.013,"prune":0.003,"publish":0.004,"queue_pages":6.818,"spawn":0.002,"wrap":0.008}
STREAMING_STEP_TIMING total=10.64ms {"drain_packets":0.007,"drain_pages":0.005,"enqueue":3.347,"evict":0.285,"player_chunk":0.017,"prune":0.003,"publish":0.004,"queue_pages":6.961,"spawn":0.002,"wrap":0.012}
STREAMING_STEP_TIMING total=10.43ms {"drain_packets":0.006,"drain_pages":0.003,"enqueue":3.269,"evict":0.293,"player_chunk":0.013,"prune":0.001,"publish":0.005,"queue_pages":6.825,"spawn":0.002,"wrap":0.008}
STREAMING_STEP_TIMING total=10.79ms {"drain_packets":0.006,"drain_pages":0.005,"enqueue":3.377,"evict":0.325,"player_chunk":0.017,"prune":0.003,"publish":0.005,"queue_pages":7.041,"spawn":0.002,"wrap":0.006}
STREAMING_STEP_TIMING total=10.49ms {"drain_packets":0.008,"drain_pages":0.005,"enqueue":3.283,"evict":0.27,"player_chunk":0.014,"prune":0.002,"publish":0.003,"queue_pages":6.891,"spawn":0.002,"wrap":0.008}
STREAMING_STEP_TIMING total=10.57ms {"drain_packets":0.004,"drain_pages":0.004,"enqueue":3.267,"evict":0.294,"player_chunk":0.015,"prune":0.002,"publish":0.006,"queue_pages":6.967,"spawn":0.002,"wrap":0.008}
STREAMING_STEP_TIMING total=10.39ms {"drain_packets":0.007,"drain_pages":0.004,"enqueue":3.262,"evict":0.266,"player_chunk":0.013,"prune":0.001,"publish":0.003,"queue_pages":6.818,"spawn":0.002,"wrap":0.008}
STREAMING_STEP_TIMING total=10.70ms {"drain_packets":0.011,"drain_pages":0.006,"enqueue":3.569,"evict":0.27,"player_chunk":0.016,"prune":0.005,"publish":0.004,"queue_pages":6.801,"spawn":0.002,"wrap":0.01}
STREAMING_STEP_TIMING total=10.71ms {"drain_packets":0.005,"drain_pages":0.003,"enqueue":3.237,"evict":0.296,"player_chunk":0.019,"prune":0.002,"publish":0.006,"queue_pages":7.134,"spawn":0.002,"wrap":0.007}
STREAMING_STEP_TIMING total=10.36ms {"drain_packets":0.007,"drain_pages":0.004,"enqueue":3.255,"evict":0.274,"player_chunk":0.017,"prune":0.003,"publish":0.003,"queue_pages":6.779,"spawn":0.002,"wrap":0.011}
STREAMING_STEP_TIMING total=14.71ms {"drain_packets":0.012,"drain_pages":0.008,"enqueue":5.222,"evict":0.284,"player_chunk":0.023,"prune":0.007,"publish":0.005,"queue_pages":9.13,"spawn":0.003,"wrap":0.015}
STREAMING_STEP_TIMING total=10.49ms {"drain_packets":0.009,"drain_pages":0.005,"enqueue":3.423,"evict":0.273,"player_chunk":0.017,"prune":0.005,"publish":0.003,"queue_pages":6.748,"spawn":0.001,"wrap":0.006}
STREAMING_STEP_TIMING total=10.72ms {"drain_packets":0.006,"drain_pages":0.005,"enqueue":3.261,"evict":0.303,"player_chunk":0.015,"prune":0.001,"publish":0.006,"queue_pages":7.11,"spawn":0.001,"wrap":0.008}
STREAMING_STEP_TIMING total=10.53ms {"drain_packets":0.006,"drain_pages":0.005,"enqueue":3.306,"evict":0.27,"player_chunk":0.018,"prune":0.001,"publish":0.002,"queue_pages":6.904,"spawn":0.002,"wrap":0.01}
STREAMING_STEP_TIMING total=10.62ms {"drain_packets":0.009,"drain_pages":0.005,"enqueue":3.434,"evict":0.28,"player_chunk":0.014,"prune":0.004,"publish":0.004,"queue_pages":6.854,"spawn":0.003,"wrap":0.008}
STREAMING_STEP_TIMING total=14.33ms {"drain_packets":0.006,"drain_pages":0.005,"enqueue":3.283,"evict":0.454,"player_chunk":0.018,"prune":0.004,"publish":0.008,"queue_pages":10.54,"spawn":0.002,"wrap":0.01}
STREAMING_STEP_TIMING total=14.32ms {"drain_packets":0.007,"drain_pages":0.005,"enqueue":3.694,"evict":0.455,"player_chunk":0.02,"prune":0.003,"publish":0.007,"queue_pages":10.113,"spawn":0.002,"wrap":0.012}
STREAMING_STEP_TIMING total=13.48ms {"drain_packets":0.008,"drain_pages":0.006,"enqueue":4.986,"evict":0.363,"player_chunk":0.025,"prune":0.003,"publish":0.006,"queue_pages":8.06,"spawn":0.002,"wrap":0.016}
STREAMING_STEP_TIMING total=11.99ms {"drain_packets":0.009,"drain_pages":0.006,"enqueue":4.162,"evict":0.296,"player_chunk":0.015,"prune":0.004,"publish":0.005,"queue_pages":7.483,"spawn":0.002,"wrap":0.009}
STREAMING_STEP_TIMING total=10.71ms {"drain_packets":0.009,"drain_pages":0.005,"enqueue":3.349,"evict":0.276,"player_chunk":0.018,"prune":0.003,"publish":0.003,"queue_pages":7.035,"spawn":0.002,"wrap":0.007}
STREAMING_STEP_TIMING total=10.37ms {"drain_packets":0.006,"drain_pages":0.005,"enqueue":3.238,"evict":0.282,"player_chunk":0.014,"prune":0.002,"publish":0.004,"queue_pages":6.804,"spawn":0.001,"wrap":0.009}
STREAMING_STEP_TIMING total=10.48ms {"drain_packets":0.006,"drain_pages":0.005,"enqueue":3.276,"evict":0.276,"player_chunk":0.017,"prune":0.002,"publish":0.003,"queue_pages":6.878,"spawn":0.002,"wrap":0.011}
STREAMING_STEP_TIMING total=11.27ms {"drain_packets":0.008,"drain_pages":0.005,"enqueue":3.285,"evict":0.439,"player_chunk":0.013,"prune":0.002,"publish":0.006,"queue_pages":7.501,"spawn":0.002,"wrap":0.009}
STREAMING_STEP_TIMING total=14.76ms {"drain_packets":0.011,"drain_pages":0.007,"enqueue":5.373,"evict":0.312,"player_chunk":0.023,"prune":0.004,"publish":0.006,"queue_pages":9.007,"spawn":0.002,"wrap":0.015}
STREAMING_STEP_TIMING total=10.57ms {"drain_packets":0.006,"drain_pages":0.005,"enqueue":3.273,"evict":0.305,"player_chunk":0.014,"prune":0.002,"publish":0.006,"queue_pages":6.954,"spawn":0.001,"wrap":0.008}
STREAMING_STEP_TIMING total=10.56ms {"drain_packets":0.005,"drain_pages":0.005,"enqueue":3.27,"evict":0.275,"player_chunk":0.018,"prune":0.002,"publish":0.003,"queue_pages":6.967,"spawn":0.002,"wrap":0.01}
STREAMING_STEP_TIMING total=10.70ms {"drain_packets":0.01,"drain_pages":0.005,"enqueue":3.387,"evict":0.279,"player_chunk":0.011,"prune":0.004,"publish":0.004,"queue_pages":6.988,"spawn":0.001,"wrap":0.007}
STREAMING_STEP_TIMING total=10.73ms {"drain_packets":0.006,"drain_pages":0.004,"enqueue":3.344,"evict":0.288,"player_chunk":0.015,"prune":0.002,"publish":0.005,"queue_pages":7.055,"spawn":0.002,"wrap":0.006}
STREAMING_STEP_TIMING total=10.60ms {"drain_packets":0.007,"drain_pages":0.004,"enqueue":3.377,"evict":0.272,"player_chunk":0.015,"prune":0.002,"publish":0.003,"queue_pages":6.888,"spawn":0.001,"wrap":0.025}
STREAMING_STEP_TIMING total=10.61ms {"drain_packets":0.009,"drain_pages":0.006,"enqueue":3.291,"evict":0.288,"player_chunk":0.012,"prune":0.003,"publish":0.005,"queue_pages":6.985,"spawn":0.001,"wrap":0.007}
STREAMING_STEP_TIMING total=10.69ms {"drain_packets":0.007,"drain_pages":0.005,"enqueue":3.289,"evict":0.291,"player_chunk":0.014,"prune":0.003,"publish":0.005,"queue_pages":7.067,"spawn":0.002,"wrap":0.008}
STREAMING_STEP_TIMING total=10.45ms {"drain_packets":0.007,"drain_pages":0.005,"enqueue":3.254,"evict":0.279,"player_chunk":0.018,"prune":0.002,"publish":0.004,"queue_pages":6.871,"spawn":0.002,"wrap":0.01}
STREAMING_STEP_TIMING total=10.47ms {"drain_packets":0.009,"drain_pages":0.006,"enqueue":3.318,"evict":0.282,"player_chunk":0.013,"prune":0.003,"publish":0.004,"queue_pages":6.825,"spawn":0.001,"wrap":0.008}
STREAMING_STEP_TIMING total=10.82ms {"drain_packets":0.006,"drain_pages":0.005,"enqueue":3.254,"evict":0.295,"player_chunk":0.017,"prune":0.002,"publish":0.006,"queue_pages":7.219,"spawn":0.002,"wrap":0.009}
STREAMING_STEP_TIMING total=10.34ms {"drain_packets":0.006,"drain_pages":0.005,"enqueue":3.25,"evict":0.273,"player_chunk":0.014,"prune":0.002,"publish":0.003,"queue_pages":6.776,"spawn":0.002,"wrap":0.007}
STREAMING_STEP_TIMING total=14.19ms {"drain_packets":0.009,"drain_pages":0.006,"enqueue":3.331,"evict":0.446,"player_chunk":0.014,"prune":0.003,"publish":0.006,"queue_pages":10.36,"spawn":0.001,"wrap":0.006}
STREAMING_STEP_TIMING total=13.60ms {"drain_packets":0.011,"drain_pages":0.007,"enqueue":5.209,"evict":0.331,"player_chunk":0.02,"prune":0.006,"publish":0.005,"queue_pages":7.994,"spawn":0.002,"wrap":0.013}
STREAMING_STEP_TIMING total=12.68ms {"drain_packets":0.008,"drain_pages":0.005,"enqueue":4.089,"evict":0.34,"player_chunk":0.02,"prune":0.003,"publish":0.006,"queue_pages":8.193,"spawn":0.002,"wrap":0.011}
STREAMING_STEP_TIMING total=12.01ms {"drain_packets":0.006,"drain_pages":0.005,"enqueue":4.059,"evict":0.295,"player_chunk":0.015,"prune":0.002,"publish":0.006,"queue_pages":7.607,"spawn":0.003,"wrap":0.008}
STREAMING_STEP_TIMING total=10.46ms {"drain_packets":0.007,"drain_pages":0.004,"enqueue":3.256,"evict":0.275,"player_chunk":0.017,"prune":0.002,"publish":0.003,"queue_pages":6.881,"spawn":0.001,"wrap":0.011}
STREAMING_STEP_TIMING total=10.58ms {"drain_packets":0.008,"drain_pages":0.005,"enqueue":3.368,"evict":0.277,"player_chunk":0.014,"prune":0.004,"publish":0.005,"queue_pages":6.887,"spawn":0.002,"wrap":0.007}
STREAMING_STEP_TIMING total=10.61ms {"drain_packets":0.006,"drain_pages":0.005,"enqueue":3.291,"evict":0.29,"player_chunk":0.023,"prune":0.002,"publish":0.005,"queue_pages":6.973,"spawn":0.002,"wrap":0.009}
STREAMING_STEP_TIMING total=10.50ms {"drain_packets":0.007,"drain_pages":0.004,"enqueue":3.294,"evict":0.271,"player_chunk":0.014,"prune":0.002,"publish":0.003,"queue_pages":6.895,"spawn":0.002,"wrap":0.008}
STREAMING_STEP_TIMING total=10.57ms {"drain_packets":0.008,"drain_pages":0.005,"enqueue":3.399,"evict":0.272,"player_chunk":0.015,"prune":0.003,"publish":0.003,"queue_pages":6.85,"spawn":0.002,"wrap":0.01}
STREAMING_STEP_TIMING total=10.39ms {"drain_packets":0.005,"drain_pages":0.004,"enqueue":3.245,"evict":0.284,"player_chunk":0.012,"prune":0.002,"publish":0.005,"queue_pages":6.821,"spawn":0.002,"wrap":0.008}
STREAMING_STEP_TIMING total=10.59ms {"drain_packets":0.006,"drain_pages":0.005,"enqueue":3.257,"evict":0.28,"player_chunk":0.019,"prune":0.002,"publish":0.004,"queue_pages":7.006,"spawn":0.002,"wrap":0.01}
STREAMING_STEP_TIMING total=10.87ms {"drain_packets":0.011,"drain_pages":0.013,"enqueue":3.724,"evict":0.28,"player_chunk":0.012,"prune":0.005,"publish":0.004,"queue_pages":6.805,"spawn":0.002,"wrap":0.007}
STREAMING_STEP_TIMING total=10.55ms {"drain_packets":0.006,"drain_pages":0.005,"enqueue":3.261,"evict":0.292,"player_chunk":0.017,"prune":0.002,"publish":0.005,"queue_pages":6.945,"spawn":0.002,"wrap":0.01}
STREAMING_STEP_TIMING total=10.53ms {"drain_packets":0.005,"drain_pages":0.005,"enqueue":3.261,"evict":0.278,"player_chunk":0.013,"prune":0.002,"publish":0.003,"queue_pages":6.954,"spawn":0.001,"wrap":0.008}
STREAMING_STEP_TIMING total=10.42ms {"drain_packets":0.006,"drain_pages":0.006,"enqueue":3.248,"evict":0.283,"player_chunk":0.012,"prune":0.002,"publish":0.004,"queue_pages":6.85,"spawn":0.001,"wrap":0.006}
STREAMING_STEP_TIMING total=10.43ms {"drain_packets":0.006,"drain_pages":0.004,"enqueue":3.265,"evict":0.289,"player_chunk":0.013,"prune":0.003,"publish":0.005,"queue_pages":6.834,"spawn":0.001,"wrap":0.008}
STREAMING_STEP_TIMING total=10.41ms {"drain_packets":0.005,"drain_pages":0.004,"enqueue":3.253,"evict":0.282,"player_chunk":0.016,"prune":0.002,"publish":0.005,"queue_pages":6.835,"spawn":0.002,"wrap":0.006}
STREAMING_STEP_TIMING total=10.94ms {"drain_packets":0.011,"drain_pages":0.007,"enqueue":3.406,"evict":0.287,"player_chunk":0.014,"prune":0.004,"publish":0.006,"queue_pages":7.195,"spawn":0.002,"wrap":0.008}
STREAMING_STEP_TIMING total=11.07ms {"drain_packets":0.007,"drain_pages":0.006,"enqueue":3.372,"evict":0.299,"player_chunk":0.017,"prune":0.003,"publish":0.006,"queue_pages":7.349,"spawn":0.002,"wrap":0.011}
STREAMING_STEP_TIMING total=10.54ms {"drain_packets":0.007,"drain_pages":0.005,"enqueue":3.29,"evict":0.3,"player_chunk":0.014,"prune":0.003,"publish":0.006,"queue_pages":6.907,"spawn":0.002,"wrap":0.007}
STREAMING_STEP_TIMING total=10.59ms {"drain_packets":0.007,"drain_pages":0.005,"enqueue":3.341,"evict":0.281,"player_chunk":0.018,"prune":0.003,"publish":0.004,"queue_pages":6.92,"spawn":0.001,"wrap":0.011}
STREAMING_STEP_TIMING total=10.36ms {"drain_packets":0.006,"drain_pages":0.005,"enqueue":3.239,"evict":0.277,"player_chunk":0.014,"prune":0.002,"publish":0.003,"queue_pages":6.804,"spawn":0.002,"wrap":0.008}
STREAMING_STEP_TIMING total=10.43ms {"drain_packets":0.006,"drain_pages":0.005,"enqueue":3.294,"evict":0.277,"player_chunk":0.016,"prune":0.002,"publish":0.003,"queue_pages":6.814,"spawn":0.002,"wrap":0.011}
STREAMING_STEP_TIMING total=10.55ms {"drain_packets":0.005,"drain_pages":0.004,"enqueue":3.243,"evict":0.282,"player_chunk":0.013,"prune":0.002,"publish":0.003,"queue_pages":6.984,"spawn":0.001,"wrap":0.008}
STREAMING_STEP_TIMING total=10.66ms {"drain_packets":0.005,"drain_pages":0.005,"enqueue":3.31,"evict":0.275,"player_chunk":0.016,"prune":0.002,"publish":0.003,"queue_pages":7.037,"spawn":0.002,"wrap":0.006}
STREAMING_STEP_TIMING total=10.36ms {"drain_packets":0.007,"drain_pages":0.005,"enqueue":3.241,"evict":0.269,"player_chunk":0.012,"prune":0.004,"publish":0.004,"queue_pages":6.803,"spawn":0.002,"wrap":0.007}
STREAMING_STEP_TIMING total=10.57ms {"drain_packets":0.005,"drain_pages":0.003,"enqueue":3.253,"evict":0.283,"player_chunk":0.016,"prune":0.002,"publish":0.004,"queue_pages":6.992,"spawn":0.002,"wrap":0.009}
STREAMING_STEP_TIMING total=10.46ms {"drain_packets":0.005,"drain_pages":0.004,"enqueue":3.258,"evict":0.276,"player_chunk":0.013,"prune":0.002,"publish":0.004,"queue_pages":6.883,"spawn":0.002,"wrap":0.007}
STREAMING_STEP_TIMING total=10.60ms {"drain_packets":0.006,"drain_pages":0.004,"enqueue":3.332,"evict":0.269,"player_chunk":0.017,"prune":0.002,"publish":0.003,"queue_pages":6.958,"spawn":0.002,"wrap":0.01}
STREAMING_STEP_TIMING total=10.55ms {"drain_packets":0.004,"drain_pages":0.003,"enqueue":3.274,"evict":0.29,"player_chunk":0.011,"prune":0.002,"publish":0.006,"queue_pages":6.955,"spawn":0.001,"wrap":0.006}
STREAMING_STEP_TIMING total=10.46ms {"drain_packets":0.006,"drain_pages":0.004,"enqueue":3.263,"evict":0.279,"player_chunk":0.017,"prune":0.002,"publish":0.003,"queue_pages":6.872,"spawn":0.002,"wrap":0.01}
STREAMING_STEP_TIMING total=10.76ms {"drain_packets":0.007,"drain_pages":0.005,"enqueue":3.326,"evict":0.285,"player_chunk":0.014,"prune":0.002,"publish":0.003,"queue_pages":7.1,"spawn":0.002,"wrap":0.01}
STREAMING_STEP_TIMING total=11.04ms {"drain_packets":0.005,"drain_pages":0.004,"enqueue":3.335,"evict":0.298,"player_chunk":0.014,"prune":0.001,"publish":0.005,"queue_pages":7.366,"spawn":0.001,"wrap":0.006}
STREAMING_STEP_TIMING total=10.60ms {"drain_packets":0.006,"drain_pages":0.005,"enqueue":3.285,"evict":0.286,"player_chunk":0.013,"prune":0.002,"publish":0.005,"queue_pages":6.983,"spawn":0.002,"wrap":0.008}
STREAMING_STEP_TIMING total=10.57ms {"drain_packets":0.007,"drain_pages":0.004,"enqueue":3.336,"evict":0.273,"player_chunk":0.018,"prune":0.002,"publish":0.003,"queue_pages":6.914,"spawn":0.002,"wrap":0.01}
STREAMING_STEP_TIMING total=11.60ms {"drain_packets":0.006,"drain_pages":0.004,"enqueue":3.275,"evict":0.343,"player_chunk":0.012,"prune":0.002,"publish":0.005,"queue_pages":7.939,"spawn":0.002,"wrap":0.007}
STREAMING_STEP_TIMING total=12.31ms {"drain_packets":0.006,"drain_pages":0.005,"enqueue":4.046,"evict":0.291,"player_chunk":0.018,"prune":0.002,"publish":0.005,"queue_pages":7.921,"spawn":0.002,"wrap":0.01}
STREAMING_STEP_TIMING total=10.57ms {"drain_packets":0.006,"drain_pages":0.004,"enqueue":3.296,"evict":0.271,"player_chunk":0.013,"prune":0.002,"publish":0.002,"queue_pages":6.965,"spawn":0.002,"wrap":0.008}
STREAMING_STEP_TIMING total=10.46ms {"drain_packets":0.008,"drain_pages":0.006,"enqueue":3.258,"evict":0.274,"player_chunk":0.012,"prune":0.004,"publish":0.003,"queue_pages":6.887,"spawn":0.002,"wrap":0.007}
STREAMING_STEP_TIMING total=10.48ms {"drain_packets":0.005,"drain_pages":0.003,"enqueue":3.241,"evict":0.294,"player_chunk":0.012,"prune":0.001,"publish":0.006,"queue_pages":6.908,"spawn":0.002,"wrap":0.007}
STREAMING_STEP_TIMING total=10.64ms {"drain_packets":0.005,"drain_pages":0.005,"enqueue":3.312,"evict":0.276,"player_chunk":0.016,"prune":0.002,"publish":0.003,"queue_pages":7.007,"spawn":0.002,"wrap":0.006}
STREAMING_STEP_TIMING total=10.79ms {"drain_packets":0.009,"drain_pages":0.005,"enqueue":3.375,"evict":0.279,"player_chunk":0.011,"prune":0.004,"publish":0.003,"queue_pages":7.097,"spawn":0.002,"wrap":0.006}
STREAMING_STEP_TIMING total=10.75ms {"drain_packets":0.004,"drain_pages":0.003,"enqueue":3.308,"evict":0.295,"player_chunk":0.016,"prune":0.002,"publish":0.005,"queue_pages":7.106,"spawn":0.002,"wrap":0.01}
STREAMING_STEP_TIMING total=10.45ms {"drain_packets":0.005,"drain_pages":0.005,"enqueue":3.246,"evict":0.286,"player_chunk":0.013,"prune":0.002,"publish":0.004,"queue_pages":6.876,"spawn":0.001,"wrap":0.008}
STREAMING_STEP_TIMING total=11.56ms {"drain_packets":0.011,"drain_pages":0.005,"enqueue":4.267,"evict":0.292,"player_chunk":0.017,"prune":0.006,"publish":0.006,"queue_pages":6.943,"spawn":0.002,"wrap":0.01}
STREAMING_STEP_TIMING total=10.68ms {"drain_packets":0.01,"drain_pages":0.005,"enqueue":3.359,"evict":0.308,"player_chunk":0.014,"prune":0.004,"publish":0.005,"queue_pages":6.966,"spawn":0.002,"wrap":0.009}
STREAMING_STEP_TIMING total=10.62ms {"drain_packets":0.006,"drain_pages":0.005,"enqueue":3.297,"evict":0.276,"player_chunk":0.019,"prune":0.002,"publish":0.003,"queue_pages":7.0,"spawn":0.001,"wrap":0.011}
STREAMING_STEP_TIMING total=10.61ms {"drain_packets":0.01,"drain_pages":0.005,"enqueue":3.396,"evict":0.278,"player_chunk":0.013,"prune":0.003,"publish":0.003,"queue_pages":6.893,"spawn":0.001,"wrap":0.007}
STREAMING_STEP_TIMING total=10.52ms {"drain_packets":0.005,"drain_pages":0.004,"enqueue":3.252,"evict":0.285,"player_chunk":0.027,"prune":0.002,"publish":0.006,"queue_pages":6.925,"spawn":0.003,"wrap":0.013}
STREAMING_STEP_TIMING total=11.45ms {"drain_packets":0.006,"drain_pages":0.005,"enqueue":3.254,"evict":0.473,"player_chunk":0.013,"prune":0.001,"publish":0.004,"queue_pages":7.678,"spawn":0.002,"wrap":0.008}
STREAMING_STEP_TIMING total=12.74ms {"drain_packets":0.01,"drain_pages":0.006,"enqueue":4.282,"evict":0.33,"player_chunk":0.017,"prune":0.003,"publish":0.004,"queue_pages":8.073,"spawn":0.002,"wrap":0.011}
STREAMING_STEP_TIMING total=12.75ms {"drain_packets":0.007,"drain_pages":0.005,"enqueue":4.312,"evict":0.289,"player_chunk":0.015,"prune":0.003,"publish":0.004,"queue_pages":8.106,"spawn":0.002,"wrap":0.008}
STREAMING_STEP_TIMING total=10.64ms {"drain_packets":0.005,"drain_pages":0.005,"enqueue":3.284,"evict":0.339,"player_chunk":0.016,"prune":0.002,"publish":0.006,"queue_pages":6.964,"spawn":0.001,"wrap":0.011}
STREAMING_STEP_TIMING total=10.93ms {"drain_packets":0.01,"drain_pages":0.005,"enqueue":3.248,"evict":0.268,"player_chunk":0.013,"prune":0.002,"publish":0.003,"queue_pages":7.366,"spawn":0.002,"wrap":0.008}
STREAMING_STEP_TIMING total=11.00ms {"drain_packets":0.009,"drain_pages":0.006,"enqueue":3.583,"evict":0.286,"player_chunk":0.012,"prune":0.006,"publish":0.004,"queue_pages":7.083,"spawn":0.002,"wrap":0.008}
STREAMING_STEP_TIMING total=10.91ms {"drain_packets":0.007,"drain_pages":0.004,"enqueue":3.265,"evict":0.286,"player_chunk":0.014,"prune":0.002,"publish":0.006,"queue_pages":7.311,"spawn":0.002,"wrap":0.007}
STREAMING_STEP_TIMING total=10.43ms {"drain_packets":0.006,"drain_pages":0.004,"enqueue":3.271,"evict":0.267,"player_chunk":0.02,"prune":0.003,"publish":0.002,"queue_pages":6.844,"spawn":0.002,"wrap":0.006}
STREAMING_STEP_TIMING total=10.69ms {"drain_packets":0.009,"drain_pages":0.006,"enqueue":3.519,"evict":0.278,"player_chunk":0.011,"prune":0.004,"publish":0.004,"queue_pages":6.848,"spawn":0.002,"wrap":0.007}
STREAMING_STEP_TIMING total=10.45ms {"drain_packets":0.005,"drain_pages":0.004,"enqueue":3.243,"evict":0.284,"player_chunk":0.017,"prune":0.002,"publish":0.003,"queue_pages":6.876,"spawn":0.002,"wrap":0.01}
STREAMING_STEP_TIMING total=10.40ms {"drain_packets":0.006,"drain_pages":0.004,"enqueue":3.236,"evict":0.272,"player_chunk":0.014,"prune":0.001,"publish":0.003,"queue_pages":6.856,"spawn":0.002,"wrap":0.009}
STREAMING_STEP_TIMING total=10.59ms {"drain_packets":0.008,"drain_pages":0.006,"enqueue":3.327,"evict":0.288,"player_chunk":0.011,"prune":0.003,"publish":0.006,"queue_pages":6.927,"spawn":0.002,"wrap":0.006}
STREAMING_STEP_TIMING total=10.66ms {"drain_packets":0.005,"drain_pages":0.005,"enqueue":3.302,"evict":0.303,"player_chunk":0.015,"prune":0.002,"publish":0.006,"queue_pages":7.01,"spawn":0.002,"wrap":0.009}
STREAMING_STEP_TIMING total=10.54ms {"drain_packets":0.008,"drain_pages":0.005,"enqueue":3.361,"evict":0.275,"player_chunk":0.018,"prune":0.003,"publish":0.003,"queue_pages":6.853,"spawn":0.002,"wrap":0.01}
STREAMING_STEP_TIMING total=10.48ms {"drain_packets":0.008,"drain_pages":0.005,"enqueue":3.307,"evict":0.277,"player_chunk":0.014,"prune":0.003,"publish":0.003,"queue_pages":6.849,"spawn":0.002,"wrap":0.008}
STREAMING_STEP_TIMING total=10.45ms {"drain_packets":0.005,"drain_pages":0.004,"enqueue":3.221,"evict":0.289,"player_chunk":0.017,"prune":0.002,"publish":0.005,"queue_pages":6.895,"spawn":0.001,"wrap":0.006}
STREAMING_STEP_TIMING total=10.31ms {"drain_packets":0.005,"drain_pages":0.005,"enqueue":3.231,"evict":0.269,"player_chunk":0.014,"prune":0.002,"publish":0.002,"queue_pages":6.775,"spawn":0.001,"wrap":0.008}
STREAMING_STEP_TIMING total=12.10ms {"drain_packets":0.011,"drain_pages":0.006,"enqueue":3.488,"evict":0.343,"player_chunk":0.011,"prune":0.004,"publish":0.005,"queue_pages":8.223,"spawn":0.002,"wrap":0.006}
STREAMING_STEP_TIMING total=12.65ms {"drain_packets":0.007,"drain_pages":0.005,"enqueue":4.048,"evict":0.351,"player_chunk":0.014,"prune":0.002,"publish":0.006,"queue_pages":8.208,"spawn":0.002,"wrap":0.009}
STREAMING_STEP_TIMING total=12.37ms {"drain_packets":0.007,"drain_pages":0.005,"enqueue":4.058,"evict":0.31,"player_chunk":0.02,"prune":0.002,"publish":0.007,"queue_pages":7.945,"spawn":0.002,"wrap":0.012}
STREAMING_STEP_TIMING total=17.29ms {"drain_packets":0.006,"drain_pages":0.005,"enqueue":3.315,"evict":0.296,"player_chunk":0.014,"prune":0.029,"publish":6.729,"queue_pages":6.882,"spawn":0.002,"wrap":0.008}
STREAMING_STEP_TIMING total=26.60ms {"drain_packets":0.372,"drain_pages":0.005,"enqueue":3.299,"evict":0.233,"player_chunk":0.014,"prune":0.028,"publish":15.522,"queue_pages":7.12,"spawn":0.002,"wrap":0.008}
STREAMING_STEP_TIMING total=17.16ms {"drain_packets":0.076,"drain_pages":0.007,"enqueue":3.372,"evict":0.262,"player_chunk":0.013,"prune":0.04,"publish":6.435,"queue_pages":6.947,"spawn":0.002,"wrap":0.007}
STREAMING_STEP_TIMING total=26.26ms {"drain_packets":0.058,"drain_pages":0.006,"enqueue":3.366,"evict":0.3,"player_chunk":0.017,"prune":0.024,"publish":15.348,"queue_pages":7.13,"spawn":0.002,"wrap":0.007}
[FrameBudget] streaming=11.8ms topology=0.0ms visual=0.0ms spawn=0.0ms total=11.8ms/6.0ms world.streaming_v0=11.8ms(60)
STREAMING_STEP_TIMING total=17.43ms {"drain_packets":0.058,"drain_pages":0.005,"enqueue":3.302,"evict":0.41,"player_chunk":0.013,"prune":0.023,"publish":6.654,"queue_pages":6.954,"spawn":0.002,"wrap":0.007}
STREAMING_STEP_TIMING total=28.79ms {"drain_packets":0.076,"drain_pages":0.007,"enqueue":4.158,"evict":0.347,"player_chunk":0.016,"prune":0.025,"publish":16.066,"queue_pages":8.082,"spawn":0.002,"wrap":0.009}
STREAMING_STEP_TIMING total=17.30ms {"drain_packets":0.059,"drain_pages":0.006,"enqueue":3.303,"evict":0.379,"player_chunk":0.014,"prune":0.02,"publish":6.419,"queue_pages":7.082,"spawn":0.003,"wrap":0.008}
STREAMING_STEP_TIMING total=27.93ms {"drain_packets":0.058,"drain_pages":0.006,"enqueue":3.341,"evict":0.278,"player_chunk":0.014,"prune":0.016,"publish":16.855,"queue_pages":7.348,"spawn":0.002,"wrap":0.006}
STREAMING_STEP_TIMING total=17.03ms {"drain_packets":0.057,"drain_pages":0.005,"enqueue":3.331,"evict":0.283,"player_chunk":0.013,"prune":0.016,"publish":6.46,"queue_pages":6.856,"spawn":0.001,"wrap":0.009}
STREAMING_STEP_TIMING total=25.82ms {"drain_packets":0.007,"drain_pages":0.004,"enqueue":3.325,"evict":0.275,"player_chunk":0.018,"prune":0.011,"publish":15.262,"queue_pages":6.909,"spawn":0.002,"wrap":0.01}
STREAMING_STEP_TIMING total=17.09ms {"drain_packets":0.009,"drain_pages":0.006,"enqueue":3.389,"evict":0.293,"player_chunk":0.014,"prune":0.014,"publish":6.45,"queue_pages":6.905,"spawn":0.002,"wrap":0.007}
STREAMING_STEP_TIMING total=26.52ms {"drain_packets":0.008,"drain_pages":0.005,"enqueue":3.486,"evict":0.297,"player_chunk":0.018,"prune":0.011,"publish":15.763,"queue_pages":6.917,"spawn":0.002,"wrap":0.007}
STREAMING_STEP_TIMING total=17.04ms {"drain_packets":0.006,"drain_pages":0.005,"enqueue":3.297,"evict":0.286,"player_chunk":0.013,"prune":0.008,"publish":6.438,"queue_pages":6.97,"spawn":0.003,"wrap":0.008}
STREAMING_STEP_TIMING total=25.87ms {"drain_packets":0.006,"drain_pages":0.005,"enqueue":3.311,"evict":0.292,"player_chunk":0.018,"prune":0.002,"publish":15.369,"queue_pages":6.851,"spawn":0.002,"wrap":0.01}
STREAMING_STEP_TIMING total=10.72ms {"drain_packets":0.006,"drain_pages":0.005,"enqueue":3.305,"evict":0.275,"player_chunk":0.014,"prune":0.002,"publish":0.003,"queue_pages":7.102,"spawn":0.002,"wrap":0.008}
STREAMING_STEP_TIMING total=10.59ms {"drain_packets":0.008,"drain_pages":0.005,"enqueue":3.325,"evict":0.283,"player_chunk":0.016,"prune":0.003,"publish":0.003,"queue_pages":6.938,"spawn":0.002,"wrap":0.006}
STREAMING_STEP_TIMING total=10.48ms {"drain_packets":0.005,"drain_pages":0.003,"enqueue":3.301,"evict":0.292,"player_chunk":0.012,"prune":0.001,"publish":0.005,"queue_pages":6.852,"spawn":0.001,"wrap":0.008}
STREAMING_STEP_TIMING total=10.55ms {"drain_packets":0.005,"drain_pages":0.005,"enqueue":3.287,"evict":0.276,"player_chunk":0.017,"prune":0.002,"publish":0.003,"queue_pages":6.939,"spawn":0.001,"wrap":0.009}
STREAMING_STEP_TIMING total=10.67ms {"drain_packets":0.007,"drain_pages":0.004,"enqueue":3.281,"evict":0.284,"player_chunk":0.012,"prune":0.003,"publish":0.003,"queue_pages":7.065,"spawn":0.002,"wrap":0.007}
STREAMING_STEP_TIMING total=10.48ms {"drain_packets":0.004,"drain_pages":0.004,"enqueue":3.321,"evict":0.297,"player_chunk":0.017,"prune":0.003,"publish":0.006,"queue_pages":6.814,"spawn":0.001,"wrap":0.009}
STREAMING_STEP_TIMING total=12.45ms {"drain_packets":0.005,"drain_pages":0.005,"enqueue":3.31,"evict":0.3,"player_chunk":0.014,"prune":0.002,"publish":0.006,"queue_pages":8.802,"spawn":0.001,"wrap":0.008}
STREAMING_STEP_TIMING total=10.68ms {"drain_packets":0.007,"drain_pages":0.005,"enqueue":3.376,"evict":0.282,"player_chunk":0.017,"prune":0.002,"publish":0.004,"queue_pages":6.969,"spawn":0.002,"wrap":0.011}
STREAMING_STEP_TIMING total=10.86ms {"drain_packets":0.005,"drain_pages":0.005,"enqueue":3.279,"evict":0.304,"player_chunk":0.019,"prune":0.002,"publish":0.006,"queue_pages":7.223,"spawn":0.002,"wrap":0.008}
STREAMING_STEP_TIMING total=10.73ms {"drain_packets":0.007,"drain_pages":0.005,"enqueue":3.417,"evict":0.284,"player_chunk":0.016,"prune":0.003,"publish":0.004,"queue_pages":6.989,"spawn":0.001,"wrap":0.006}
STREAMING_STEP_TIMING total=10.50ms {"drain_packets":0.007,"drain_pages":0.004,"enqueue":3.344,"evict":0.279,"player_chunk":0.014,"prune":0.002,"publish":0.003,"queue_pages":6.833,"spawn":0.002,"wrap":0.008}
STREAMING_STEP_TIMING total=10.61ms {"drain_packets":0.005,"drain_pages":0.004,"enqueue":3.327,"evict":0.29,"player_chunk":0.012,"prune":0.003,"publish":0.006,"queue_pages":6.946,"spawn":0.002,"wrap":0.008}
STREAMING_STEP_TIMING total=10.51ms {"drain_packets":0.006,"drain_pages":0.004,"enqueue":3.251,"evict":0.296,"player_chunk":0.013,"prune":0.002,"publish":0.005,"queue_pages":6.92,"spawn":0.002,"wrap":0.008}
STREAMING_STEP_TIMING total=10.54ms {"drain_packets":0.007,"drain_pages":0.006,"enqueue":3.309,"evict":0.281,"player_chunk":0.018,"prune":0.003,"publish":0.004,"queue_pages":6.902,"spawn":0.002,"wrap":0.01}
STREAMING_STEP_TIMING total=10.55ms {"drain_packets":0.005,"drain_pages":0.003,"enqueue":3.261,"evict":0.285,"player_chunk":0.013,"prune":0.002,"publish":0.004,"queue_pages":6.962,"spawn":0.001,"wrap":0.007}
STREAMING_STEP_TIMING total=10.65ms {"drain_packets":0.006,"drain_pages":0.004,"enqueue":3.309,"evict":0.292,"player_chunk":0.017,"prune":0.002,"publish":0.005,"queue_pages":7.006,"spawn":0.001,"wrap":0.01}
STREAMING_STEP_TIMING total=10.59ms {"drain_packets":0.008,"drain_pages":0.005,"enqueue":3.379,"evict":0.288,"player_chunk":0.013,"prune":0.004,"publish":0.005,"queue_pages":6.873,"spawn":0.001,"wrap":0.008}
STREAMING_STEP_TIMING total=10.73ms {"drain_packets":0.006,"drain_pages":0.005,"enqueue":3.292,"evict":0.307,"player_chunk":0.017,"prune":0.001,"publish":0.006,"queue_pages":7.092,"spawn":0.001,"wrap":0.006}
STREAMING_STEP_TIMING total=10.64ms {"drain_packets":0.006,"drain_pages":0.005,"enqueue":3.258,"evict":0.311,"player_chunk":0.013,"prune":0.002,"publish":0.004,"queue_pages":7.024,"spawn":0.002,"wrap":0.008}
STREAMING_STEP_TIMING total=10.61ms {"drain_packets":0.007,"drain_pages":0.005,"enqueue":3.443,"evict":0.284,"player_chunk":0.017,"prune":0.003,"publish":0.004,"queue_pages":6.837,"spawn":0.002,"wrap":0.011}
STREAMING_STEP_TIMING total=12.80ms {"drain_packets":0.008,"drain_pages":0.005,"enqueue":3.364,"evict":0.476,"player_chunk":0.014,"prune":0.003,"publish":0.007,"queue_pages":8.91,"spawn":0.002,"wrap":0.007}
STREAMING_STEP_TIMING total=10.71ms {"drain_packets":0.006,"drain_pages":0.006,"enqueue":3.303,"evict":0.3,"player_chunk":0.018,"prune":0.002,"publish":0.005,"queue_pages":7.052,"spawn":0.002,"wrap":0.01}
STREAMING_STEP_TIMING total=10.37ms {"drain_packets":0.006,"drain_pages":0.005,"enqueue":3.247,"evict":0.276,"player_chunk":0.014,"prune":0.001,"publish":0.002,"queue_pages":6.808,"spawn":0.002,"wrap":0.008}
STREAMING_STEP_TIMING total=10.66ms {"drain_packets":0.009,"drain_pages":0.005,"enqueue":3.433,"evict":0.287,"player_chunk":0.01,"prune":0.004,"publish":0.005,"queue_pages":6.894,"spawn":0.001,"wrap":0.007}
STREAMING_STEP_TIMING total=10.73ms {"drain_packets":0.005,"drain_pages":0.004,"enqueue":3.273,"evict":0.305,"player_chunk":0.013,"prune":0.002,"publish":0.005,"queue_pages":7.113,"spawn":0.001,"wrap":0.008}
STREAMING_STEP_TIMING total=10.44ms {"drain_packets":0.006,"drain_pages":0.005,"enqueue":3.258,"evict":0.275,"player_chunk":0.017,"prune":0.002,"publish":0.003,"queue_pages":6.86,"spawn":0.002,"wrap":0.007}
STREAMING_STEP_TIMING total=10.65ms {"drain_packets":0.01,"drain_pages":0.006,"enqueue":3.487,"evict":0.278,"player_chunk":0.01,"prune":0.005,"publish":0.003,"queue_pages":6.84,"spawn":0.001,"wrap":0.006}
STREAMING_STEP_TIMING total=10.48ms {"drain_packets":0.005,"drain_pages":0.003,"enqueue":3.256,"evict":0.304,"player_chunk":0.018,"prune":0.002,"publish":0.006,"queue_pages":6.87,"spawn":0.002,"wrap":0.01}
STREAMING_STEP_TIMING total=10.48ms {"drain_packets":0.006,"drain_pages":0.005,"enqueue":3.268,"evict":0.277,"player_chunk":0.015,"prune":0.002,"publish":0.003,"queue_pages":6.887,"spawn":0.003,"wrap":0.008}
STREAMING_STEP_TIMING total=10.58ms {"drain_packets":0.009,"drain_pages":0.005,"enqueue":3.339,"evict":0.283,"player_chunk":0.012,"prune":0.006,"publish":0.003,"queue_pages":6.91,"spawn":0.002,"wrap":0.006}
STREAMING_STEP_TIMING total=10.54ms {"drain_packets":0.005,"drain_pages":0.005,"enqueue":3.305,"evict":0.301,"player_chunk":0.014,"prune":0.002,"publish":0.005,"queue_pages":6.893,"spawn":0.002,"wrap":0.007}
STREAMING_STEP_TIMING total=10.58ms {"drain_packets":0.007,"drain_pages":0.005,"enqueue":3.35,"evict":0.278,"player_chunk":0.018,"prune":0.002,"publish":0.003,"queue_pages":6.906,"spawn":0.002,"wrap":0.009}
STREAMING_STEP_TIMING total=10.58ms {"drain_packets":0.008,"drain_pages":0.005,"enqueue":3.312,"evict":0.285,"player_chunk":0.012,"prune":0.004,"publish":0.003,"queue_pages":6.944,"spawn":0.002,"wrap":0.007}
STREAMING_STEP_TIMING total=10.63ms {"drain_packets":0.005,"drain_pages":0.004,"enqueue":3.356,"evict":0.287,"player_chunk":0.016,"prune":0.002,"publish":0.005,"queue_pages":6.948,"spawn":0.002,"wrap":0.005}
STREAMING_STEP_TIMING total=10.45ms {"drain_packets":0.005,"drain_pages":0.005,"enqueue":3.263,"evict":0.276,"player_chunk":0.013,"prune":0.002,"publish":0.003,"queue_pages":6.869,"spawn":0.002,"wrap":0.007}
STREAMING_STEP_TIMING total=10.57ms {"drain_packets":0.007,"drain_pages":0.005,"enqueue":3.296,"evict":0.286,"player_chunk":0.014,"prune":0.003,"publish":0.004,"queue_pages":6.947,"spawn":0.001,"wrap":0.008}
STREAMING_STEP_TIMING total=10.59ms {"drain_packets":0.006,"drain_pages":0.005,"enqueue":3.291,"evict":0.294,"player_chunk":0.014,"prune":0.003,"publish":0.006,"queue_pages":6.962,"spawn":0.002,"wrap":0.007}
STREAMING_STEP_TIMING total=10.62ms {"drain_packets":0.006,"drain_pages":0.005,"enqueue":3.282,"evict":0.285,"player_chunk":0.018,"prune":0.002,"publish":0.004,"queue_pages":7.008,"spawn":0.002,"wrap":0.01}
STREAMING_STEP_TIMING total=10.48ms {"drain_packets":0.009,"drain_pages":0.005,"enqueue":3.29,"evict":0.286,"player_chunk":0.013,"prune":0.004,"publish":0.004,"queue_pages":6.859,"spawn":0.002,"wrap":0.008}
STREAMING_STEP_TIMING total=10.45ms {"drain_packets":0.005,"drain_pages":0.005,"enqueue":3.275,"evict":0.289,"player_chunk":0.017,"prune":0.004,"publish":0.005,"queue_pages":6.834,"spawn":0.002,"wrap":0.009}
STREAMING_STEP_TIMING total=10.44ms {"drain_packets":0.006,"drain_pages":0.005,"enqueue":3.263,"evict":0.273,"player_chunk":0.013,"prune":0.002,"publish":0.002,"queue_pages":6.867,"spawn":0.002,"wrap":0.007}
STREAMING_STEP_TIMING total=10.63ms {"drain_packets":0.005,"drain_pages":0.004,"enqueue":3.266,"evict":0.283,"player_chunk":0.011,"prune":0.002,"publish":0.004,"queue_pages":7.05,"spawn":0.001,"wrap":0.005}
STREAMING_STEP_TIMING total=10.51ms {"drain_packets":0.005,"drain_pages":0.004,"enqueue":3.293,"evict":0.285,"player_chunk":0.013,"prune":0.003,"publish":0.004,"queue_pages":6.89,"spawn":0.002,"wrap":0.007}
STREAMING_STEP_TIMING total=10.58ms {"drain_packets":0.007,"drain_pages":0.005,"enqueue":3.27,"evict":0.282,"player_chunk":0.019,"prune":0.002,"publish":0.003,"queue_pages":6.978,"spawn":0.002,"wrap":0.01}
STREAMING_STEP_TIMING total=10.56ms {"drain_packets":0.007,"drain_pages":0.007,"enqueue":3.273,"evict":0.292,"player_chunk":0.012,"prune":0.003,"publish":0.005,"queue_pages":6.95,"spawn":0.001,"wrap":0.008}
STREAMING_STEP_TIMING total=10.42ms {"drain_packets":0.006,"drain_pages":0.004,"enqueue":3.256,"evict":0.29,"player_chunk":0.018,"prune":0.002,"publish":0.004,"queue_pages":6.828,"spawn":0.002,"wrap":0.011}
STREAMING_STEP_TIMING total=10.58ms {"drain_packets":0.007,"drain_pages":0.005,"enqueue":3.297,"evict":0.282,"player_chunk":0.013,"prune":0.003,"publish":0.005,"queue_pages":6.959,"spawn":0.002,"wrap":0.008}
STREAMING_STEP_TIMING total=10.68ms {"drain_packets":0.006,"drain_pages":0.005,"enqueue":3.294,"evict":0.311,"player_chunk":0.016,"prune":0.002,"publish":0.006,"queue_pages":7.028,"spawn":0.001,"wrap":0.011}
STREAMING_STEP_TIMING total=10.71ms {"drain_packets":0.006,"drain_pages":0.005,"enqueue":3.336,"evict":0.294,"player_chunk":0.012,"prune":0.002,"publish":0.005,"queue_pages":7.042,"spawn":0.002,"wrap":0.008}
STREAMING_STEP_TIMING total=10.46ms {"drain_packets":0.007,"drain_pages":0.005,"enqueue":3.311,"evict":0.278,"player_chunk":0.017,"prune":0.004,"publish":0.004,"queue_pages":6.823,"spawn":0.002,"wrap":0.006}
STREAMING_STEP_TIMING total=10.70ms {"drain_packets":0.007,"drain_pages":0.005,"enqueue":3.282,"evict":0.298,"player_chunk":0.013,"prune":0.002,"publish":0.005,"queue_pages":7.076,"spawn":0.002,"wrap":0.008}
STREAMING_STEP_TIMING total=10.51ms {"drain_packets":0.005,"drain_pages":0.005,"enqueue":3.28,"evict":0.337,"player_chunk":0.018,"prune":0.002,"publish":0.005,"queue_pages":6.844,"spawn":0.002,"wrap":0.009}
STREAMING_STEP_TIMING total=10.49ms {"drain_packets":0.007,"drain_pages":0.005,"enqueue":3.325,"evict":0.282,"player_chunk":0.015,"prune":0.003,"publish":0.004,"queue_pages":6.832,"spawn":0.003,"wrap":0.008}
STREAMING_STEP_TIMING total=10.57ms {"drain_packets":0.006,"drain_pages":0.005,"enqueue":3.274,"evict":0.296,"player_chunk":0.018,"prune":0.002,"publish":0.005,"queue_pages":6.953,"spawn":0.001,"wrap":0.01}
STREAMING_STEP_TIMING total=10.57ms {"drain_packets":0.007,"drain_pages":0.004,"enqueue":3.268,"evict":0.295,"player_chunk":0.014,"prune":0.002,"publish":0.005,"queue_pages":6.964,"spawn":0.002,"wrap":0.008}
STREAMING_STEP_TIMING total=10.59ms {"drain_packets":0.008,"drain_pages":0.006,"enqueue":3.345,"evict":0.285,"player_chunk":0.018,"prune":0.002,"publish":0.004,"queue_pages":6.909,"spawn":0.001,"wrap":0.01}
STREAMING_STEP_TIMING total=10.61ms {"drain_packets":0.007,"drain_pages":0.006,"enqueue":3.314,"evict":0.306,"player_chunk":0.012,"prune":0.002,"publish":0.006,"queue_pages":6.946,"spawn":0.002,"wrap":0.008}
STREAMING_STEP_TIMING total=10.62ms {"drain_packets":0.006,"drain_pages":0.005,"enqueue":3.313,"evict":0.306,"player_chunk":0.016,"prune":0.003,"publish":0.005,"queue_pages":6.952,"spawn":0.002,"wrap":0.006}
STREAMING_STEP_TIMING total=10.60ms {"drain_packets":0.008,"drain_pages":0.005,"enqueue":3.372,"evict":0.281,"player_chunk":0.014,"prune":0.004,"publish":0.003,"queue_pages":6.903,"spawn":0.002,"wrap":0.007}
STREAMING_STEP_TIMING total=10.69ms {"drain_packets":0.008,"drain_pages":0.006,"enqueue":3.345,"evict":0.293,"player_chunk":0.017,"prune":0.003,"publish":0.005,"queue_pages":6.998,"spawn":0.002,"wrap":0.01}
STREAMING_STEP_TIMING total=10.56ms {"drain_packets":0.006,"drain_pages":0.005,"enqueue":3.283,"evict":0.294,"player_chunk":0.013,"prune":0.003,"publish":0.005,"queue_pages":6.934,"spawn":0.001,"wrap":0.009}
STREAMING_STEP_TIMING total=10.66ms {"drain_packets":0.007,"drain_pages":0.005,"enqueue":3.393,"evict":0.295,"player_chunk":0.018,"prune":0.003,"publish":0.004,"queue_pages":6.92,"spawn":0.002,"wrap":0.01}
STREAMING_STEP_TIMING total=10.85ms {"drain_packets":0.011,"drain_pages":0.006,"enqueue":3.462,"evict":0.291,"player_chunk":0.013,"prune":0.006,"publish":0.006,"queue_pages":7.046,"spawn":0.001,"wrap":0.008}
STREAMING_STEP_TIMING total=10.41ms {"drain_packets":0.007,"drain_pages":0.004,"enqueue":3.249,"evict":0.331,"player_chunk":0.018,"prune":0.001,"publish":0.004,"queue_pages":6.778,"spawn":0.002,"wrap":0.01}
STREAMING_STEP_TIMING total=10.39ms {"drain_packets":0.007,"drain_pages":0.005,"enqueue":3.281,"evict":0.303,"player_chunk":0.013,"prune":0.002,"publish":0.004,"queue_pages":6.761,"spawn":0.002,"wrap":0.008}
STREAMING_STEP_TIMING total=10.40ms {"drain_packets":0.006,"drain_pages":0.004,"enqueue":3.248,"evict":0.286,"player_chunk":0.016,"prune":0.001,"publish":0.004,"queue_pages":6.827,"spawn":0.002,"wrap":0.006}
STREAMING_STEP_TIMING total=10.35ms {"drain_packets":0.006,"drain_pages":0.004,"enqueue":3.24,"evict":0.275,"player_chunk":0.013,"prune":0.001,"publish":0.004,"queue_pages":6.79,"spawn":0.002,"wrap":0.008}
STREAMING_STEP_TIMING total=10.48ms {"drain_packets":0.006,"drain_pages":0.005,"enqueue":3.236,"evict":0.299,"player_chunk":0.016,"prune":0.002,"publish":0.007,"queue_pages":6.9,"spawn":0.002,"wrap":0.009}
STREAMING_STEP_TIMING total=10.61ms {"drain_packets":0.007,"drain_pages":0.005,"enqueue":3.291,"evict":0.296,"player_chunk":0.014,"prune":0.002,"publish":0.006,"queue_pages":6.973,"spawn":0.002,"wrap":0.009}
STREAMING_STEP_TIMING total=10.43ms {"drain_packets":0.007,"drain_pages":0.005,"enqueue":3.303,"evict":0.291,"player_chunk":0.017,"prune":0.003,"publish":0.004,"queue_pages":6.789,"spawn":0.002,"wrap":0.01}
STREAMING_STEP_TIMING total=10.60ms {"drain_packets":0.007,"drain_pages":0.005,"enqueue":3.286,"evict":0.309,"player_chunk":0.014,"prune":0.003,"publish":0.006,"queue_pages":6.954,"spawn":0.002,"wrap":0.008}
STREAMING_STEP_TIMING total=10.44ms {"drain_packets":0.006,"drain_pages":0.005,"enqueue":3.281,"evict":0.285,"player_chunk":0.018,"prune":0.002,"publish":0.005,"queue_pages":6.82,"spawn":0.002,"wrap":0.01}
STREAMING_STEP_TIMING total=10.53ms {"drain_packets":0.008,"drain_pages":0.005,"enqueue":3.32,"evict":0.28,"player_chunk":0.013,"prune":0.003,"publish":0.003,"queue_pages":6.887,"spawn":0.001,"wrap":0.008}
STREAMING_STEP_TIMING total=10.90ms {"drain_packets":0.01,"drain_pages":0.005,"enqueue":3.579,"evict":0.301,"player_chunk":0.022,"prune":0.005,"publish":0.006,"queue_pages":6.96,"spawn":0.001,"wrap":0.009}
STREAMING_STEP_TIMING total=10.65ms {"drain_packets":0.006,"drain_pages":0.006,"enqueue":3.321,"evict":0.295,"player_chunk":0.014,"prune":0.002,"publish":0.005,"queue_pages":6.991,"spawn":0.002,"wrap":0.009}
STREAMING_STEP_TIMING total=10.51ms {"drain_packets":0.007,"drain_pages":0.005,"enqueue":3.262,"evict":0.29,"player_chunk":0.018,"prune":0.002,"publish":0.005,"queue_pages":6.904,"spawn":0.001,"wrap":0.01}
STREAMING_STEP_TIMING total=10.47ms {"drain_packets":0.009,"drain_pages":0.005,"enqueue":3.327,"evict":0.283,"player_chunk":0.014,"prune":0.005,"publish":0.004,"queue_pages":6.798,"spawn":0.003,"wrap":0.016}
STREAMING_STEP_TIMING total=10.50ms {"drain_packets":0.006,"drain_pages":0.005,"enqueue":3.245,"evict":0.296,"player_chunk":0.017,"prune":0.001,"publish":0.005,"queue_pages":6.915,"spawn":0.002,"wrap":0.009}
STREAMING_STEP_TIMING total=10.46ms {"drain_packets":0.008,"drain_pages":0.004,"enqueue":3.247,"evict":0.334,"player_chunk":0.013,"prune":0.003,"publish":0.004,"queue_pages":6.833,"spawn":0.002,"wrap":0.008}
STREAMING_STEP_TIMING total=10.55ms {"drain_packets":0.008,"drain_pages":0.005,"enqueue":3.321,"evict":0.283,"player_chunk":0.019,"prune":0.002,"publish":0.004,"queue_pages":6.889,"spawn":0.002,"wrap":0.01}
STREAMING_STEP_TIMING total=10.55ms {"drain_packets":0.006,"drain_pages":0.004,"enqueue":3.271,"evict":0.3,"player_chunk":0.013,"prune":0.002,"publish":0.006,"queue_pages":6.939,"spawn":0.002,"wrap":0.008}
STREAMING_STEP_TIMING total=10.51ms {"drain_packets":0.006,"drain_pages":0.005,"enqueue":3.289,"evict":0.273,"player_chunk":0.017,"prune":0.002,"publish":0.003,"queue_pages":6.9,"spawn":0.002,"wrap":0.006}
STREAMING_STEP_TIMING total=10.59ms {"drain_packets":0.008,"drain_pages":0.006,"enqueue":3.433,"evict":0.277,"player_chunk":0.014,"prune":0.005,"publish":0.003,"queue_pages":6.833,"spawn":0.002,"wrap":0.008}
STREAMING_STEP_TIMING total=10.90ms {"drain_packets":0.006,"drain_pages":0.003,"enqueue":3.251,"evict":0.299,"player_chunk":0.017,"prune":0.001,"publish":0.006,"queue_pages":7.305,"spawn":0.001,"wrap":0.01}
STREAMING_STEP_TIMING total=10.62ms {"drain_packets":0.006,"drain_pages":0.004,"enqueue":3.259,"evict":0.278,"player_chunk":0.014,"prune":0.002,"publish":0.003,"queue_pages":7.042,"spawn":0.003,"wrap":0.007}
STREAMING_STEP_TIMING total=10.73ms {"drain_packets":0.008,"drain_pages":0.004,"enqueue":3.473,"evict":0.282,"player_chunk":0.016,"prune":0.002,"publish":0.003,"queue_pages":6.929,"spawn":0.002,"wrap":0.009}
STREAMING_STEP_TIMING total=10.99ms {"drain_packets":0.005,"drain_pages":0.004,"enqueue":3.306,"evict":0.295,"player_chunk":0.012,"prune":0.002,"publish":0.006,"queue_pages":7.349,"spawn":0.001,"wrap":0.008}
STREAMING_STEP_TIMING total=10.52ms {"drain_packets":0.006,"drain_pages":0.004,"enqueue":3.268,"evict":0.305,"player_chunk":0.016,"prune":0.001,"publish":0.006,"queue_pages":6.905,"spawn":0.002,"wrap":0.009}
STREAMING_STEP_TIMING total=10.69ms {"drain_packets":0.012,"drain_pages":0.005,"enqueue":3.391,"evict":0.294,"player_chunk":0.015,"prune":0.008,"publish":0.005,"queue_pages":6.953,"spawn":0.002,"wrap":0.008}
STREAMING_STEP_TIMING total=10.53ms {"drain_packets":0.007,"drain_pages":0.004,"enqueue":3.307,"evict":0.293,"player_chunk":0.017,"prune":0.002,"publish":0.006,"queue_pages":6.888,"spawn":0.002,"wrap":0.006}
STREAMING_STEP_TIMING total=10.45ms {"drain_packets":0.008,"drain_pages":0.005,"enqueue":3.277,"evict":0.289,"player_chunk":0.014,"prune":0.005,"publish":0.003,"queue_pages":6.84,"spawn":0.001,"wrap":0.008}
STREAMING_STEP_TIMING total=10.53ms {"drain_packets":0.009,"drain_pages":0.005,"enqueue":3.287,"evict":0.345,"player_chunk":0.017,"prune":0.003,"publish":0.003,"queue_pages":6.848,"spawn":0.003,"wrap":0.01}
STREAMING_STEP_TIMING total=10.60ms {"drain_packets":0.009,"drain_pages":0.005,"enqueue":3.329,"evict":0.288,"player_chunk":0.021,"prune":0.002,"publish":0.004,"queue_pages":6.929,"spawn":0.003,"wrap":0.012}
STREAMING_STEP_TIMING total=10.57ms {"drain_packets":0.007,"drain_pages":0.005,"enqueue":3.36,"evict":0.285,"player_chunk":0.018,"prune":0.003,"publish":0.004,"queue_pages":6.875,"spawn":0.002,"wrap":0.01}
STREAMING_STEP_TIMING total=10.59ms {"drain_packets":0.008,"drain_pages":0.005,"enqueue":3.318,"evict":0.288,"player_chunk":0.014,"prune":0.004,"publish":0.003,"queue_pages":6.942,"spawn":0.002,"wrap":0.008}
STREAMING_STEP_TIMING total=10.69ms {"drain_packets":0.007,"drain_pages":0.005,"enqueue":3.285,"evict":0.291,"player_chunk":0.019,"prune":0.002,"publish":0.005,"queue_pages":7.066,"spawn":0.002,"wrap":0.01}
STREAMING_STEP_TIMING total=10.52ms {"drain_packets":0.007,"drain_pages":0.005,"enqueue":3.348,"evict":0.309,"player_chunk":0.013,"prune":0.002,"publish":0.004,"queue_pages":6.823,"spawn":0.002,"wrap":0.008}
STREAMING_STEP_TIMING total=10.51ms {"drain_packets":0.007,"drain_pages":0.006,"enqueue":3.271,"evict":0.283,"player_chunk":0.017,"prune":0.002,"publish":0.004,"queue_pages":6.909,"spawn":0.001,"wrap":0.007}
STREAMING_STEP_TIMING total=10.69ms {"drain_packets":0.005,"drain_pages":0.006,"enqueue":3.283,"evict":0.302,"player_chunk":0.013,"prune":0.002,"publish":0.005,"queue_pages":7.059,"spawn":0.002,"wrap":0.007}
STREAMING_STEP_TIMING total=10.49ms {"drain_packets":0.007,"drain_pages":0.005,"enqueue":3.299,"evict":0.279,"player_chunk":0.016,"prune":0.003,"publish":0.004,"queue_pages":6.863,"spawn":0.002,"wrap":0.009}
STREAMING_STEP_TIMING total=11.03ms {"drain_packets":0.009,"drain_pages":0.006,"enqueue":3.311,"evict":0.3,"player_chunk":0.013,"prune":0.004,"publish":0.006,"queue_pages":7.373,"spawn":0.002,"wrap":0.008}
STREAMING_STEP_TIMING total=12.07ms {"drain_packets":0.009,"drain_pages":0.006,"enqueue":3.282,"evict":0.392,"player_chunk":0.018,"prune":0.004,"publish":0.007,"queue_pages":8.334,"spawn":0.002,"wrap":0.011}
STREAMING_STEP_TIMING total=12.66ms {"drain_packets":0.008,"drain_pages":0.006,"enqueue":4.114,"evict":0.355,"player_chunk":0.016,"prune":0.004,"publish":0.005,"queue_pages":8.139,"spawn":0.002,"wrap":0.009}
STREAMING_STEP_TIMING total=12.57ms {"drain_packets":0.007,"drain_pages":0.006,"enqueue":4.117,"evict":0.343,"player_chunk":0.032,"prune":0.003,"publish":0.004,"queue_pages":8.047,"spawn":0.002,"wrap":0.012}
STREAMING_STEP_TIMING total=11.88ms {"drain_packets":0.01,"drain_pages":0.006,"enqueue":4.133,"evict":0.287,"player_chunk":0.016,"prune":0.003,"publish":0.003,"queue_pages":7.407,"spawn":0.003,"wrap":0.008}
STREAMING_STEP_TIMING total=10.70ms {"drain_packets":0.007,"drain_pages":0.005,"enqueue":3.417,"evict":0.302,"player_chunk":0.015,"prune":0.002,"publish":0.005,"queue_pages":6.941,"spawn":0.001,"wrap":0.006}
STREAMING_STEP_TIMING total=10.62ms {"drain_packets":0.006,"drain_pages":0.004,"enqueue":3.273,"evict":0.301,"player_chunk":0.013,"prune":0.002,"publish":0.005,"queue_pages":7.005,"spawn":0.002,"wrap":0.008}
STREAMING_STEP_TIMING total=10.56ms {"drain_packets":0.006,"drain_pages":0.005,"enqueue":3.334,"evict":0.271,"player_chunk":0.017,"prune":0.003,"publish":0.003,"queue_pages":6.906,"spawn":0.002,"wrap":0.009}
STREAMING_STEP_TIMING total=10.50ms {"drain_packets":0.005,"drain_pages":0.005,"enqueue":3.258,"evict":0.282,"player_chunk":0.011,"prune":0.002,"publish":0.004,"queue_pages":6.922,"spawn":0.001,"wrap":0.007}
STREAMING_STEP_TIMING total=11.55ms {"drain_packets":0.005,"drain_pages":0.003,"enqueue":3.276,"evict":0.526,"player_chunk":0.016,"prune":0.002,"publish":0.007,"queue_pages":7.702,"spawn":0.002,"wrap":0.009}
[FrameBudget] streaming=12.3ms topology=0.0ms visual=0.0ms spawn=0.0ms total=12.3ms/6.0ms world.streaming_v0=12.3ms(60)
STREAMING_STEP_TIMING total=10.56ms {"drain_packets":0.007,"drain_pages":0.006,"enqueue":3.306,"evict":0.284,"player_chunk":0.016,"prune":0.003,"publish":0.004,"queue_pages":6.917,"spawn":0.002,"wrap":0.009}
STREAMING_STEP_TIMING total=10.57ms {"drain_packets":0.008,"drain_pages":0.005,"enqueue":3.273,"evict":0.289,"player_chunk":0.016,"prune":0.002,"publish":0.005,"queue_pages":6.954,"spawn":0.001,"wrap":0.011}
STREAMING_STEP_TIMING total=10.68ms {"drain_packets":0.006,"drain_pages":0.004,"enqueue":3.278,"evict":0.303,"player_chunk":0.013,"prune":0.002,"publish":0.006,"queue_pages":7.06,"spawn":0.002,"wrap":0.008}
STREAMING_STEP_TIMING total=10.53ms {"drain_packets":0.007,"drain_pages":0.005,"enqueue":3.367,"evict":0.277,"player_chunk":0.018,"prune":0.003,"publish":0.003,"queue_pages":6.844,"spawn":0.002,"wrap":0.006}
STREAMING_STEP_TIMING total=10.66ms {"drain_packets":0.009,"drain_pages":0.005,"enqueue":3.439,"evict":0.287,"player_chunk":0.013,"prune":0.004,"publish":0.005,"queue_pages":6.887,"spawn":0.002,"wrap":0.008}
STREAMING_STEP_TIMING total=10.49ms {"drain_packets":0.006,"drain_pages":0.004,"enqueue":3.263,"evict":0.3,"player_chunk":0.018,"prune":0.002,"publish":0.007,"queue_pages":6.883,"spawn":0.001,"wrap":0.01}
STREAMING_STEP_TIMING total=10.45ms {"drain_packets":0.006,"drain_pages":0.004,"enqueue":3.255,"evict":0.282,"player_chunk":0.014,"prune":0.002,"publish":0.002,"queue_pages":6.871,"spawn":0.002,"wrap":0.009}
STREAMING_STEP_TIMING total=10.51ms {"drain_packets":0.009,"drain_pages":0.005,"enqueue":3.281,"evict":0.285,"player_chunk":0.012,"prune":0.003,"publish":0.004,"queue_pages":6.897,"spawn":0.001,"wrap":0.007}
STREAMING_STEP_TIMING total=10.69ms {"drain_packets":0.006,"drain_pages":0.004,"enqueue":3.286,"evict":0.3,"player_chunk":0.014,"prune":0.002,"publish":0.006,"queue_pages":7.057,"spawn":0.002,"wrap":0.008}
STREAMING_STEP_TIMING total=10.41ms {"drain_packets":0.006,"drain_pages":0.004,"enqueue":3.26,"evict":0.271,"player_chunk":0.016,"prune":0.001,"publish":0.003,"queue_pages":6.832,"spawn":0.002,"wrap":0.01}
STREAMING_STEP_TIMING total=10.57ms {"drain_packets":0.008,"drain_pages":0.005,"enqueue":3.321,"evict":0.284,"player_chunk":0.011,"prune":0.002,"publish":0.005,"queue_pages":6.921,"spawn":0.001,"wrap":0.006}
STREAMING_STEP_TIMING total=10.52ms {"drain_packets":0.006,"drain_pages":0.004,"enqueue":3.327,"evict":0.301,"player_chunk":0.021,"prune":0.002,"publish":0.006,"queue_pages":6.838,"spawn":0.002,"wrap":0.007}
STREAMING_STEP_TIMING total=10.42ms {"drain_packets":0.006,"drain_pages":0.005,"enqueue":3.26,"evict":0.285,"player_chunk":0.013,"prune":0.002,"publish":0.003,"queue_pages":6.835,"spawn":0.002,"wrap":0.008}
STREAMING_STEP_TIMING total=10.56ms {"drain_packets":0.006,"drain_pages":0.003,"enqueue":3.273,"evict":0.297,"player_chunk":0.011,"prune":0.002,"publish":0.005,"queue_pages":6.948,"spawn":0.001,"wrap":0.007}
STREAMING_STEP_TIMING total=10.46ms {"drain_packets":0.006,"drain_pages":0.004,"enqueue":3.262,"evict":0.29,"player_chunk":0.014,"prune":0.003,"publish":0.003,"queue_pages":6.868,"spawn":0.002,"wrap":0.007}
STREAMING_STEP_TIMING total=10.58ms {"drain_packets":0.009,"drain_pages":0.005,"enqueue":3.361,"evict":0.284,"player_chunk":0.016,"prune":0.003,"publish":0.003,"queue_pages":6.886,"spawn":0.001,"wrap":0.01}
STREAMING_STEP_TIMING total=10.40ms {"drain_packets":0.005,"drain_pages":0.004,"enqueue":3.222,"evict":0.282,"player_chunk":0.013,"prune":0.002,"publish":0.004,"queue_pages":6.854,"spawn":0.001,"wrap":0.008}
STREAMING_STEP_TIMING total=10.69ms {"drain_packets":0.011,"drain_pages":0.005,"enqueue":3.311,"evict":0.295,"player_chunk":0.015,"prune":0.005,"publish":0.006,"queue_pages":7.026,"spawn":0.002,"wrap":0.01}
STREAMING_STEP_TIMING total=13.03ms {"drain_packets":0.008,"drain_pages":0.005,"enqueue":3.609,"evict":0.349,"player_chunk":0.014,"prune":0.005,"publish":0.006,"queue_pages":9.023,"spawn":0.003,"wrap":0.009}
STREAMING_STEP_TIMING total=12.51ms {"drain_packets":0.01,"drain_pages":0.006,"enqueue":4.092,"evict":0.341,"player_chunk":0.02,"prune":0.004,"publish":0.003,"queue_pages":8.022,"spawn":0.002,"wrap":0.008}
STREAMING_STEP_TIMING total=12.60ms {"drain_packets":0.006,"drain_pages":0.004,"enqueue":4.091,"evict":0.345,"player_chunk":0.014,"prune":0.002,"publish":0.005,"queue_pages":8.119,"spawn":0.002,"wrap":0.009}
STREAMING_STEP_TIMING total=12.66ms {"drain_packets":0.005,"drain_pages":0.005,"enqueue":4.078,"evict":0.361,"player_chunk":0.019,"prune":0.002,"publish":0.005,"queue_pages":8.17,"spawn":0.002,"wrap":0.01}
STREAMING_STEP_TIMING total=11.96ms {"drain_packets":0.006,"drain_pages":0.005,"enqueue":4.085,"evict":0.28,"player_chunk":0.015,"prune":0.002,"publish":0.003,"queue_pages":7.547,"spawn":0.002,"wrap":0.009}
STREAMING_STEP_TIMING total=10.49ms {"drain_packets":0.009,"drain_pages":0.006,"enqueue":3.355,"evict":0.277,"player_chunk":0.014,"prune":0.004,"publish":0.003,"queue_pages":6.813,"spawn":0.002,"wrap":0.009}
STREAMING_STEP_TIMING total=10.64ms {"drain_packets":0.004,"drain_pages":0.004,"enqueue":3.261,"evict":0.296,"player_chunk":0.013,"prune":0.002,"publish":0.005,"queue_pages":7.04,"spawn":0.002,"wrap":0.007}
STREAMING_STEP_TIMING total=10.46ms {"drain_packets":0.006,"drain_pages":0.004,"enqueue":3.253,"evict":0.332,"player_chunk":0.017,"prune":0.002,"publish":0.003,"queue_pages":6.832,"spawn":0.001,"wrap":0.011}
STREAMING_STEP_TIMING total=10.64ms {"drain_packets":0.009,"drain_pages":0.005,"enqueue":3.394,"evict":0.296,"player_chunk":0.012,"prune":0.005,"publish":0.003,"queue_pages":6.902,"spawn":0.002,"wrap":0.007}
STREAMING_STEP_TIMING total=10.77ms {"drain_packets":0.005,"drain_pages":0.004,"enqueue":3.329,"evict":0.299,"player_chunk":0.015,"prune":0.002,"publish":0.006,"queue_pages":7.103,"spawn":0.002,"wrap":0.007}
STREAMING_STEP_TIMING total=10.36ms {"drain_packets":0.006,"drain_pages":0.005,"enqueue":3.234,"evict":0.272,"player_chunk":0.014,"prune":0.002,"publish":0.003,"queue_pages":6.811,"spawn":0.002,"wrap":0.008}
STREAMING_STEP_TIMING total=10.55ms {"drain_packets":0.009,"drain_pages":0.005,"enqueue":3.283,"evict":0.284,"player_chunk":0.015,"prune":0.002,"publish":0.003,"queue_pages":6.937,"spawn":0.001,"wrap":0.009}
STREAMING_STEP_TIMING total=10.70ms {"drain_packets":0.005,"drain_pages":0.004,"enqueue":3.31,"evict":0.305,"player_chunk":0.012,"prune":0.001,"publish":0.005,"queue_pages":7.05,"spawn":0.001,"wrap":0.007}
STREAMING_STEP_TIMING total=10.70ms {"drain_packets":0.006,"drain_pages":0.005,"enqueue":3.347,"evict":0.273,"player_chunk":0.017,"prune":0.001,"publish":0.003,"queue_pages":7.037,"spawn":0.002,"wrap":0.01}
STREAMING_STEP_TIMING total=10.59ms {"drain_packets":0.008,"drain_pages":0.005,"enqueue":3.305,"evict":0.286,"player_chunk":0.011,"prune":0.002,"publish":0.003,"queue_pages":6.961,"spawn":0.001,"wrap":0.007}
STREAMING_STEP_TIMING total=10.46ms {"drain_packets":0.006,"drain_pages":0.004,"enqueue":3.335,"evict":0.287,"player_chunk":0.015,"prune":0.003,"publish":0.005,"queue_pages":6.796,"spawn":0.002,"wrap":0.009}
STREAMING_STEP_TIMING total=10.45ms {"drain_packets":0.008,"drain_pages":0.004,"enqueue":3.266,"evict":0.277,"player_chunk":0.013,"prune":0.002,"publish":0.003,"queue_pages":6.865,"spawn":0.002,"wrap":0.008}
STREAMING_STEP_TIMING total=10.80ms {"drain_packets":0.009,"drain_pages":0.005,"enqueue":3.341,"evict":0.285,"player_chunk":0.012,"prune":0.002,"publish":0.003,"queue_pages":7.137,"spawn":0.002,"wrap":0.006}
STREAMING_STEP_TIMING total=10.69ms {"drain_packets":0.011,"drain_pages":0.005,"enqueue":3.444,"evict":0.295,"player_chunk":0.013,"prune":0.006,"publish":0.005,"queue_pages":6.904,"spawn":0.001,"wrap":0.007}
STREAMING_STEP_TIMING total=10.59ms {"drain_packets":0.006,"drain_pages":0.005,"enqueue":3.283,"evict":0.292,"player_chunk":0.017,"prune":0.002,"publish":0.003,"queue_pages":6.964,"spawn":0.002,"wrap":0.01}
STREAMING_STEP_TIMING total=10.49ms {"drain_packets":0.007,"drain_pages":0.006,"enqueue":3.287,"evict":0.284,"player_chunk":0.015,"prune":0.003,"publish":0.004,"queue_pages":6.869,"spawn":0.003,"wrap":0.009}
STREAMING_STEP_TIMING total=10.43ms {"drain_packets":0.006,"drain_pages":0.005,"enqueue":3.253,"evict":0.289,"player_chunk":0.018,"prune":0.002,"publish":0.004,"queue_pages":6.84,"spawn":0.002,"wrap":0.01}
STREAMING_STEP_TIMING total=10.49ms {"drain_packets":0.007,"drain_pages":0.005,"enqueue":3.275,"evict":0.287,"player_chunk":0.014,"prune":0.001,"publish":0.004,"queue_pages":6.883,"spawn":0.002,"wrap":0.013}
STREAMING_STEP_TIMING total=10.57ms {"drain_packets":0.008,"drain_pages":0.005,"enqueue":3.321,"evict":0.284,"player_chunk":0.018,"prune":0.004,"publish":0.003,"queue_pages":6.918,"spawn":0.002,"wrap":0.009}
STREAMING_STEP_TIMING total=10.51ms {"drain_packets":0.006,"drain_pages":0.004,"enqueue":3.3,"evict":0.296,"player_chunk":0.012,"prune":0.003,"publish":0.005,"queue_pages":6.868,"spawn":0.002,"wrap":0.007}
STREAMING_STEP_TIMING total=10.50ms {"drain_packets":0.006,"drain_pages":0.005,"enqueue":3.253,"evict":0.291,"player_chunk":0.016,"prune":0.002,"publish":0.004,"queue_pages":6.916,"spawn":0.002,"wrap":0.006}
STREAMING_STEP_TIMING total=10.51ms {"drain_packets":0.009,"drain_pages":0.005,"enqueue":3.332,"evict":0.291,"player_chunk":0.013,"prune":0.005,"publish":0.004,"queue_pages":6.838,"spawn":0.002,"wrap":0.008}
STREAMING_STEP_TIMING total=10.48ms {"drain_packets":0.006,"drain_pages":0.004,"enqueue":3.244,"evict":0.298,"player_chunk":0.017,"prune":0.002,"publish":0.005,"queue_pages":6.889,"spawn":0.001,"wrap":0.011}
STREAMING_STEP_TIMING total=10.46ms {"drain_packets":0.006,"drain_pages":0.005,"enqueue":3.265,"evict":0.286,"player_chunk":0.012,"prune":0.002,"publish":0.005,"queue_pages":6.865,"spawn":0.002,"wrap":0.008}
STREAMING_STEP_TIMING total=10.55ms {"drain_packets":0.009,"drain_pages":0.006,"enqueue":3.337,"evict":0.289,"player_chunk":0.017,"prune":0.004,"publish":0.004,"queue_pages":6.87,"spawn":0.002,"wrap":0.009}
STREAMING_STEP_TIMING total=10.42ms {"drain_packets":0.005,"drain_pages":0.005,"enqueue":3.233,"evict":0.286,"player_chunk":0.013,"prune":0.002,"publish":0.005,"queue_pages":6.862,"spawn":0.001,"wrap":0.008}
STREAMING_STEP_TIMING total=10.45ms {"drain_packets":0.01,"drain_pages":0.005,"enqueue":3.269,"evict":0.299,"player_chunk":0.017,"prune":0.004,"publish":0.003,"queue_pages":6.825,"spawn":0.002,"wrap":0.009}
STREAMING_STEP_TIMING total=10.60ms {"drain_packets":0.009,"drain_pages":0.005,"enqueue":3.401,"evict":0.289,"player_chunk":0.014,"prune":0.004,"publish":0.005,"queue_pages":6.866,"spawn":0.001,"wrap":0.008}
STREAMING_STEP_TIMING total=10.43ms {"drain_packets":0.007,"drain_pages":0.005,"enqueue":3.277,"evict":0.29,"player_chunk":0.015,"prune":0.002,"publish":0.004,"queue_pages":6.823,"spawn":0.001,"wrap":0.007}
STREAMING_STEP_TIMING total=10.57ms {"drain_packets":0.007,"drain_pages":0.005,"enqueue":3.358,"evict":0.279,"player_chunk":0.013,"prune":0.004,"publish":0.004,"queue_pages":6.882,"spawn":0.002,"wrap":0.007}
STREAMING_STEP_TIMING total=11.57ms {"drain_packets":0.007,"drain_pages":0.006,"enqueue":3.293,"evict":0.351,"player_chunk":0.017,"prune":0.002,"publish":0.005,"queue_pages":7.878,"spawn":0.002,"wrap":0.01}
STREAMING_STEP_TIMING total=12.75ms {"drain_packets":0.006,"drain_pages":0.006,"enqueue":4.072,"evict":0.383,"player_chunk":0.015,"prune":0.003,"publish":0.006,"queue_pages":8.247,"spawn":0.002,"wrap":0.009}
STREAMING_STEP_TIMING total=12.59ms {"drain_packets":0.007,"drain_pages":0.005,"enqueue":4.072,"evict":0.305,"player_chunk":0.02,"prune":0.003,"publish":0.006,"queue_pages":8.155,"spawn":0.002,"wrap":0.012}
STREAMING_STEP_TIMING total=10.51ms {"drain_packets":0.007,"drain_pages":0.005,"enqueue":3.274,"evict":0.281,"player_chunk":0.014,"prune":0.002,"publish":0.004,"queue_pages":6.913,"spawn":0.002,"wrap":0.009}
STREAMING_STEP_TIMING total=10.56ms {"drain_packets":0.014,"drain_pages":0.006,"enqueue":3.336,"evict":0.285,"player_chunk":0.016,"prune":0.006,"publish":0.004,"queue_pages":6.879,"spawn":0.002,"wrap":0.01}
STREAMING_STEP_TIMING total=10.58ms {"drain_packets":0.005,"drain_pages":0.004,"enqueue":3.3,"evict":0.296,"player_chunk":0.014,"prune":0.002,"publish":0.005,"queue_pages":6.94,"spawn":0.003,"wrap":0.008}
STREAMING_STEP_TIMING total=10.56ms {"drain_packets":0.006,"drain_pages":0.005,"enqueue":3.301,"evict":0.278,"player_chunk":0.016,"prune":0.002,"publish":0.003,"queue_pages":6.937,"spawn":0.002,"wrap":0.007}
STREAMING_STEP_TIMING total=10.64ms {"drain_packets":0.007,"drain_pages":0.005,"enqueue":3.383,"evict":0.282,"player_chunk":0.011,"prune":0.005,"publish":0.005,"queue_pages":6.933,"spawn":0.001,"wrap":0.007}
STREAMING_STEP_TIMING total=10.64ms {"drain_packets":0.006,"drain_pages":0.004,"enqueue":3.295,"evict":0.299,"player_chunk":0.017,"prune":0.002,"publish":0.008,"queue_pages":6.998,"spawn":0.002,"wrap":0.01}
STREAMING_STEP_TIMING total=10.49ms {"drain_packets":0.005,"drain_pages":0.005,"enqueue":3.271,"evict":0.276,"player_chunk":0.014,"prune":0.002,"publish":0.004,"queue_pages":6.903,"spawn":0.002,"wrap":0.009}
STREAMING_STEP_TIMING total=11.44ms {"drain_packets":0.009,"drain_pages":0.005,"enqueue":3.281,"evict":0.303,"player_chunk":0.012,"prune":0.003,"publish":0.006,"queue_pages":7.809,"spawn":0.001,"wrap":0.008}
STREAMING_STEP_TIMING total=10.56ms {"drain_packets":0.005,"drain_pages":0.005,"enqueue":3.295,"evict":0.29,"player_chunk":0.013,"prune":0.002,"publish":0.006,"queue_pages":6.93,"spawn":0.002,"wrap":0.007}
STREAMING_STEP_TIMING total=10.81ms {"drain_packets":0.006,"drain_pages":0.005,"enqueue":3.31,"evict":0.29,"player_chunk":0.019,"prune":0.002,"publish":0.004,"queue_pages":7.159,"spawn":0.002,"wrap":0.011}
STREAMING_STEP_TIMING total=10.67ms {"drain_packets":0.008,"drain_pages":0.005,"enqueue":3.383,"evict":0.295,"player_chunk":0.012,"prune":0.003,"publish":0.005,"queue_pages":6.947,"spawn":0.001,"wrap":0.006}
STREAMING_STEP_TIMING total=10.69ms {"drain_packets":0.006,"drain_pages":0.006,"enqueue":3.285,"evict":0.294,"player_chunk":0.016,"prune":0.002,"publish":0.005,"queue_pages":7.063,"spawn":0.002,"wrap":0.006}
STREAMING_STEP_TIMING total=10.57ms {"drain_packets":0.007,"drain_pages":0.005,"enqueue":3.28,"evict":0.292,"player_chunk":0.013,"prune":0.002,"publish":0.005,"queue_pages":6.951,"spawn":0.002,"wrap":0.007}
STREAMING_STEP_TIMING total=10.83ms {"drain_packets":0.009,"drain_pages":0.005,"enqueue":3.381,"evict":0.295,"player_chunk":0.018,"prune":0.004,"publish":0.005,"queue_pages":7.103,"spawn":0.001,"wrap":0.01}
STREAMING_STEP_TIMING total=10.51ms {"drain_packets":0.008,"drain_pages":0.005,"enqueue":3.291,"evict":0.293,"player_chunk":0.015,"prune":0.003,"publish":0.006,"queue_pages":6.873,"spawn":0.002,"wrap":0.008}
STREAMING_STEP_TIMING total=10.45ms {"drain_packets":0.007,"drain_pages":0.005,"enqueue":3.293,"evict":0.286,"player_chunk":0.017,"prune":0.002,"publish":0.003,"queue_pages":6.824,"spawn":0.002,"wrap":0.011}
STREAMING_STEP_TIMING total=10.55ms {"drain_packets":0.012,"drain_pages":0.008,"enqueue":3.309,"evict":0.285,"player_chunk":0.014,"prune":0.005,"publish":0.004,"queue_pages":6.906,"spawn":0.001,"wrap":0.008}
STREAMING_STEP_TIMING total=10.42ms {"drain_packets":0.006,"drain_pages":0.005,"enqueue":3.248,"evict":0.299,"player_chunk":0.017,"prune":0.002,"publish":0.006,"queue_pages":6.826,"spawn":0.002,"wrap":0.01}
STREAMING_STEP_TIMING total=10.33ms {"drain_packets":0.007,"drain_pages":0.005,"enqueue":3.233,"evict":0.285,"player_chunk":0.014,"prune":0.003,"publish":0.003,"queue_pages":6.766,"spawn":0.001,"wrap":0.008}
STREAMING_STEP_TIMING total=10.64ms {"drain_packets":0.01,"drain_pages":0.007,"enqueue":3.272,"evict":0.323,"player_chunk":0.017,"prune":0.003,"publish":0.006,"queue_pages":6.993,"spawn":0.001,"wrap":0.006}
STREAMING_STEP_TIMING total=10.55ms {"drain_packets":0.005,"drain_pages":0.005,"enqueue":3.25,"evict":0.3,"player_chunk":0.013,"prune":0.002,"publish":0.004,"queue_pages":6.962,"spawn":0.002,"wrap":0.008}
STREAMING_STEP_TIMING total=10.41ms {"drain_packets":0.006,"drain_pages":0.005,"enqueue":3.274,"evict":0.277,"player_chunk":0.019,"prune":0.002,"publish":0.004,"queue_pages":6.811,"spawn":0.002,"wrap":0.01}
STREAMING_STEP_TIMING total=10.51ms {"drain_packets":0.009,"drain_pages":0.006,"enqueue":3.307,"evict":0.291,"player_chunk":0.013,"prune":0.003,"publish":0.004,"queue_pages":6.864,"spawn":0.002,"wrap":0.007}
STREAMING_STEP_TIMING total=10.96ms {"drain_packets":0.007,"drain_pages":0.006,"enqueue":3.357,"evict":0.299,"player_chunk":0.018,"prune":0.002,"publish":0.006,"queue_pages":7.251,"spawn":0.001,"wrap":0.011}
STREAMING_STEP_TIMING total=10.51ms {"drain_packets":0.008,"drain_pages":0.005,"enqueue":3.353,"evict":0.279,"player_chunk":0.013,"prune":0.004,"publish":0.003,"queue_pages":6.829,"spawn":0.002,"wrap":0.008}
STREAMING_STEP_TIMING total=10.56ms {"drain_packets":0.009,"drain_pages":0.005,"enqueue":3.307,"evict":0.296,"player_chunk":0.018,"prune":0.003,"publish":0.005,"queue_pages":6.902,"spawn":0.002,"wrap":0.01}
STREAMING_STEP_TIMING total=10.58ms {"drain_packets":0.006,"drain_pages":0.005,"enqueue":3.31,"evict":0.292,"player_chunk":0.013,"prune":0.002,"publish":0.005,"queue_pages":6.939,"spawn":0.002,"wrap":0.008}
STREAMING_STEP_TIMING total=10.59ms {"drain_packets":0.007,"drain_pages":0.004,"enqueue":3.332,"evict":0.289,"player_chunk":0.016,"prune":0.003,"publish":0.004,"queue_pages":6.923,"spawn":0.002,"wrap":0.012}
STREAMING_STEP_TIMING total=11.36ms {"drain_packets":0.009,"drain_pages":0.006,"enqueue":3.29,"evict":0.361,"player_chunk":0.013,"prune":0.004,"publish":0.005,"queue_pages":7.664,"spawn":0.002,"wrap":0.008}
STREAMING_STEP_TIMING total=12.10ms {"drain_packets":0.006,"drain_pages":0.006,"enqueue":4.036,"evict":0.303,"player_chunk":0.02,"prune":0.002,"publish":0.005,"queue_pages":7.709,"spawn":0.002,"wrap":0.011}
STREAMING_STEP_TIMING total=10.48ms {"drain_packets":0.006,"drain_pages":0.005,"enqueue":3.255,"evict":0.289,"player_chunk":0.014,"prune":0.002,"publish":0.003,"queue_pages":6.871,"spawn":0.002,"wrap":0.008}
STREAMING_STEP_TIMING total=10.66ms {"drain_packets":0.01,"drain_pages":0.006,"enqueue":3.401,"evict":0.289,"player_chunk":0.011,"prune":0.005,"publish":0.004,"queue_pages":6.924,"spawn":0.002,"wrap":0.006}
STREAMING_STEP_TIMING total=10.81ms {"drain_packets":0.005,"drain_pages":0.004,"enqueue":3.247,"evict":0.302,"player_chunk":0.014,"prune":0.002,"publish":0.006,"queue_pages":7.218,"spawn":0.002,"wrap":0.008}
STREAMING_STEP_TIMING total=10.67ms {"drain_packets":0.007,"drain_pages":0.005,"enqueue":3.292,"evict":0.283,"player_chunk":0.019,"prune":0.002,"publish":0.003,"queue_pages":7.041,"spawn":0.002,"wrap":0.011}
STREAMING_STEP_TIMING total=10.53ms {"drain_packets":0.007,"drain_pages":0.005,"enqueue":3.314,"evict":0.281,"player_chunk":0.019,"prune":0.003,"publish":0.003,"queue_pages":6.884,"spawn":0.002,"wrap":0.008}
STREAMING_STEP_TIMING total=10.61ms {"drain_packets":0.007,"drain_pages":0.005,"enqueue":3.305,"evict":0.296,"player_chunk":0.015,"prune":0.002,"publish":0.006,"queue_pages":6.959,"spawn":0.002,"wrap":0.006}
STREAMING_STEP_TIMING total=10.65ms {"drain_packets":0.006,"drain_pages":0.004,"enqueue":3.276,"evict":0.273,"player_chunk":0.014,"prune":0.002,"publish":0.003,"queue_pages":7.062,"spawn":0.002,"wrap":0.01}
STREAMING_STEP_TIMING total=10.64ms {"drain_packets":0.008,"drain_pages":0.006,"enqueue":3.298,"evict":0.281,"player_chunk":0.011,"prune":0.002,"publish":0.003,"queue_pages":7.024,"spawn":0.001,"wrap":0.007}
STREAMING_STEP_TIMING total=10.53ms {"drain_packets":0.005,"drain_pages":0.004,"enqueue":3.331,"evict":0.29,"player_chunk":0.012,"prune":0.003,"publish":0.005,"queue_pages":6.864,"spawn":0.002,"wrap":0.008}
STREAMING_STEP_TIMING total=10.50ms {"drain_packets":0.006,"drain_pages":0.005,"enqueue":3.293,"evict":0.275,"player_chunk":0.018,"prune":0.001,"publish":0.003,"queue_pages":6.888,"spawn":0.002,"wrap":0.009}
STREAMING_STEP_TIMING total=10.77ms {"drain_packets":0.008,"drain_pages":0.006,"enqueue":3.282,"evict":0.286,"player_chunk":0.012,"prune":0.004,"publish":0.003,"queue_pages":7.157,"spawn":0.001,"wrap":0.006}
STREAMING_STEP_TIMING total=10.56ms {"drain_packets":0.005,"drain_pages":0.004,"enqueue":3.263,"evict":0.298,"player_chunk":0.018,"prune":0.002,"publish":0.005,"queue_pages":6.956,"spawn":0.002,"wrap":0.01}
STREAMING_STEP_TIMING total=10.52ms {"drain_packets":0.006,"drain_pages":0.004,"enqueue":3.282,"evict":0.281,"player_chunk":0.013,"prune":0.002,"publish":0.002,"queue_pages":6.92,"spawn":0.002,"wrap":0.007}
STREAMING_STEP_TIMING total=10.71ms {"drain_packets":0.01,"drain_pages":0.005,"enqueue":3.429,"evict":0.295,"player_chunk":0.011,"prune":0.005,"publish":0.006,"queue_pages":6.943,"spawn":0.001,"wrap":0.006}
STREAMING_STEP_TIMING total=10.66ms {"drain_packets":0.006,"drain_pages":0.004,"enqueue":3.315,"evict":0.307,"player_chunk":0.014,"prune":0.002,"publish":0.006,"queue_pages":6.993,"spawn":0.002,"wrap":0.008}
STREAMING_STEP_TIMING total=10.53ms {"drain_packets":0.008,"drain_pages":0.006,"enqueue":3.329,"evict":0.292,"player_chunk":0.017,"prune":0.003,"publish":0.002,"queue_pages":6.858,"spawn":0.002,"wrap":0.009}
STREAMING_STEP_TIMING total=10.63ms {"drain_packets":0.015,"drain_pages":0.006,"enqueue":3.329,"evict":0.288,"player_chunk":0.01,"prune":0.005,"publish":0.003,"queue_pages":6.959,"spawn":0.002,"wrap":0.006}
STREAMING_STEP_TIMING total=10.73ms {"drain_packets":0.005,"drain_pages":0.004,"enqueue":3.315,"evict":0.297,"player_chunk":0.017,"prune":0.002,"publish":0.006,"queue_pages":7.07,"spawn":0.002,"wrap":0.009}
STREAMING_STEP_TIMING total=10.63ms {"drain_packets":0.006,"drain_pages":0.005,"enqueue":3.407,"evict":0.277,"player_chunk":0.013,"prune":0.003,"publish":0.003,"queue_pages":6.902,"spawn":0.002,"wrap":0.008}
STREAMING_STEP_TIMING total=10.76ms {"drain_packets":0.008,"drain_pages":0.006,"enqueue":3.444,"evict":0.301,"player_chunk":0.013,"prune":0.004,"publish":0.006,"queue_pages":6.969,"spawn":0.002,"wrap":0.007}
STREAMING_STEP_TIMING total=10.81ms {"drain_packets":0.007,"drain_pages":0.004,"enqueue":3.287,"evict":0.297,"player_chunk":0.015,"prune":0.002,"publish":0.006,"queue_pages":7.184,"spawn":0.002,"wrap":0.008}
STREAMING_STEP_TIMING total=10.41ms {"drain_packets":0.009,"drain_pages":0.006,"enqueue":3.331,"evict":0.277,"player_chunk":0.017,"prune":0.004,"publish":0.003,"queue_pages":6.758,"spawn":0.001,"wrap":0.006}
STREAMING_STEP_TIMING total=10.63ms {"drain_packets":0.009,"drain_pages":0.005,"enqueue":3.351,"evict":0.302,"player_chunk":0.014,"prune":0.004,"publish":0.006,"queue_pages":6.929,"spawn":0.002,"wrap":0.008}
STREAMING_STEP_TIMING total=10.53ms {"drain_packets":0.007,"drain_pages":0.005,"enqueue":3.301,"evict":0.289,"player_chunk":0.018,"prune":0.002,"publish":0.005,"queue_pages":6.886,"spawn":0.002,"wrap":0.011}
STREAMING_STEP_TIMING total=10.52ms {"drain_packets":0.007,"drain_pages":0.005,"enqueue":3.256,"evict":0.279,"player_chunk":0.014,"prune":0.002,"publish":0.003,"queue_pages":6.942,"spawn":0.002,"wrap":0.008}
STREAMING_STEP_TIMING total=10.52ms {"drain_packets":0.007,"drain_pages":0.005,"enqueue":3.274,"evict":0.282,"player_chunk":0.016,"prune":0.003,"publish":0.004,"queue_pages":6.918,"spawn":0.002,"wrap":0.009}
STREAMING_STEP_TIMING total=10.76ms {"drain_packets":0.005,"drain_pages":0.005,"enqueue":3.301,"evict":0.302,"player_chunk":0.015,"prune":0.002,"publish":0.005,"queue_pages":7.111,"spawn":0.003,"wrap":0.009}
STREAMING_STEP_TIMING total=10.93ms {"drain_packets":0.008,"drain_pages":0.005,"enqueue":3.678,"evict":0.318,"player_chunk":0.018,"prune":0.004,"publish":0.004,"queue_pages":6.879,"spawn":0.002,"wrap":0.011}
STREAMING_STEP_TIMING total=10.47ms {"drain_packets":0.01,"drain_pages":0.006,"enqueue":3.292,"evict":0.294,"player_chunk":0.013,"prune":0.004,"publish":0.004,"queue_pages":6.835,"spawn":0.001,"wrap":0.008}
STREAMING_STEP_TIMING total=10.70ms {"drain_packets":0.007,"drain_pages":0.005,"enqueue":3.278,"evict":0.308,"player_chunk":0.017,"prune":0.003,"publish":0.006,"queue_pages":7.067,"spawn":0.001,"wrap":0.007}
STREAMING_STEP_TIMING total=10.53ms {"drain_packets":0.007,"drain_pages":0.005,"enqueue":3.28,"evict":0.31,"player_chunk":0.014,"prune":0.003,"publish":0.004,"queue_pages":6.892,"spawn":0.002,"wrap":0.007}
STREAMING_STEP_TIMING total=10.48ms {"drain_packets":0.01,"drain_pages":0.005,"enqueue":3.339,"evict":0.287,"player_chunk":0.016,"prune":0.004,"publish":0.003,"queue_pages":6.804,"spawn":0.001,"wrap":0.01}
STREAMING_STEP_TIMING total=10.86ms {"drain_packets":0.007,"drain_pages":0.007,"enqueue":3.296,"evict":0.299,"player_chunk":0.013,"prune":0.002,"publish":0.006,"queue_pages":7.221,"spawn":0.002,"wrap":0.007}
STREAMING_STEP_TIMING total=10.57ms {"drain_packets":0.006,"drain_pages":0.005,"enqueue":3.311,"evict":0.285,"player_chunk":0.017,"prune":0.002,"publish":0.004,"queue_pages":6.923,"spawn":0.001,"wrap":0.01}
[FrameBudget] streaming=11.0ms topology=0.0ms visual=0.0ms spawn=0.0ms total=11.0ms/6.0ms world.streaming_v0=11.0ms(60)
STREAMING_STEP_TIMING total=10.52ms {"drain_packets":0.008,"drain_pages":0.005,"enqueue":3.294,"evict":0.28,"player_chunk":0.013,"prune":0.003,"publish":0.003,"queue_pages":6.898,"spawn":0.001,"wrap":0.008}
STREAMING_STEP_TIMING total=10.47ms {"drain_packets":0.005,"drain_pages":0.004,"enqueue":3.276,"evict":0.29,"player_chunk":0.016,"prune":0.003,"publish":0.005,"queue_pages":6.861,"spawn":0.002,"wrap":0.009}
STREAMING_STEP_TIMING total=10.48ms {"drain_packets":0.006,"drain_pages":0.004,"enqueue":3.29,"evict":0.271,"player_chunk":0.013,"prune":0.002,"publish":0.003,"queue_pages":6.879,"spawn":0.001,"wrap":0.007}
STREAMING_STEP_TIMING total=10.69ms {"drain_packets":0.009,"drain_pages":0.006,"enqueue":3.357,"evict":0.283,"player_chunk":0.011,"prune":0.003,"publish":0.004,"queue_pages":7.008,"spawn":0.001,"wrap":0.005}
STREAMING_STEP_TIMING total=10.47ms {"drain_packets":0.005,"drain_pages":0.004,"enqueue":3.279,"evict":0.29,"player_chunk":0.012,"prune":0.003,"publish":0.004,"queue_pages":6.858,"spawn":0.002,"wrap":0.008}
STREAMING_STEP_TIMING total=11.41ms {"drain_packets":0.006,"drain_pages":0.004,"enqueue":3.283,"evict":0.307,"player_chunk":0.017,"prune":0.002,"publish":0.006,"queue_pages":7.776,"spawn":0.001,"wrap":0.01}
STREAMING_STEP_TIMING total=10.87ms {"drain_packets":0.011,"drain_pages":0.006,"enqueue":3.466,"evict":0.282,"player_chunk":0.014,"prune":0.005,"publish":0.004,"queue_pages":7.07,"spawn":0.002,"wrap":0.008}
STREAMING_STEP_TIMING total=11.55ms {"drain_packets":0.006,"drain_pages":0.005,"enqueue":3.284,"evict":0.304,"player_chunk":0.017,"prune":0.001,"publish":0.007,"queue_pages":7.908,"spawn":0.001,"wrap":0.01}
STREAMING_STEP_TIMING total=11.20ms {"drain_packets":0.009,"drain_pages":0.006,"enqueue":3.308,"evict":0.47,"player_chunk":0.014,"prune":0.004,"publish":0.007,"queue_pages":7.372,"spawn":0.002,"wrap":0.009}
STREAMING_STEP_TIMING total=10.66ms {"drain_packets":0.009,"drain_pages":0.005,"enqueue":3.491,"evict":0.283,"player_chunk":0.018,"prune":0.004,"publish":0.004,"queue_pages":6.837,"spawn":0.002,"wrap":0.01}
STREAMING_STEP_TIMING total=10.94ms {"drain_packets":0.006,"drain_pages":0.005,"enqueue":3.257,"evict":0.394,"player_chunk":0.013,"prune":0.002,"publish":0.008,"queue_pages":7.246,"spawn":0.002,"wrap":0.008}
STREAMING_STEP_TIMING total=12.66ms {"drain_packets":0.007,"drain_pages":0.005,"enqueue":4.104,"evict":0.35,"player_chunk":0.02,"prune":0.002,"publish":0.005,"queue_pages":8.154,"spawn":0.002,"wrap":0.007}
STREAMING_STEP_TIMING total=12.54ms {"drain_packets":0.008,"drain_pages":0.005,"enqueue":4.077,"evict":0.363,"player_chunk":0.015,"prune":0.003,"publish":0.005,"queue_pages":8.051,"spawn":0.001,"wrap":0.009}
STREAMING_STEP_TIMING total=11.93ms {"drain_packets":0.01,"drain_pages":0.007,"enqueue":4.161,"evict":0.295,"player_chunk":0.019,"prune":0.005,"publish":0.007,"queue_pages":7.41,"spawn":0.001,"wrap":0.012}
STREAMING_STEP_TIMING total=11.38ms {"drain_packets":0.009,"drain_pages":0.006,"enqueue":3.312,"evict":0.3,"player_chunk":0.015,"prune":0.003,"publish":0.006,"queue_pages":7.717,"spawn":0.002,"wrap":0.008}
STREAMING_STEP_TIMING total=11.14ms {"drain_packets":0.007,"drain_pages":0.006,"enqueue":3.27,"evict":0.316,"player_chunk":0.018,"prune":0.002,"publish":0.007,"queue_pages":7.5,"spawn":0.002,"wrap":0.009}
STREAMING_STEP_TIMING total=11.08ms {"drain_packets":0.011,"drain_pages":0.005,"enqueue":3.521,"evict":0.292,"player_chunk":0.016,"prune":0.005,"publish":0.006,"queue_pages":7.207,"spawn":0.003,"wrap":0.009}
STREAMING_STEP_TIMING total=10.81ms {"drain_packets":0.01,"drain_pages":0.006,"enqueue":3.498,"evict":0.289,"player_chunk":0.017,"prune":0.004,"publish":0.004,"queue_pages":6.968,"spawn":0.002,"wrap":0.011}
STREAMING_STEP_TIMING total=10.98ms {"drain_packets":0.006,"drain_pages":0.005,"enqueue":3.317,"evict":0.305,"player_chunk":0.013,"prune":0.002,"publish":0.006,"queue_pages":7.316,"spawn":0.002,"wrap":0.008}
STREAMING_STEP_TIMING total=10.50ms {"drain_packets":0.007,"drain_pages":0.005,"enqueue":3.278,"evict":0.282,"player_chunk":0.016,"prune":0.001,"publish":0.003,"queue_pages":6.898,"spawn":0.001,"wrap":0.006}
STREAMING_STEP_TIMING total=12.84ms {"drain_packets":0.013,"drain_pages":0.007,"enqueue":4.295,"evict":0.343,"player_chunk":0.013,"prune":0.006,"publish":0.003,"queue_pages":8.146,"spawn":0.002,"wrap":0.007}
STREAMING_STEP_TIMING total=11.51ms {"drain_packets":0.005,"drain_pages":0.004,"enqueue":4.056,"evict":0.297,"player_chunk":0.02,"prune":0.002,"publish":0.005,"queue_pages":7.107,"spawn":0.002,"wrap":0.011}
STREAMING_STEP_TIMING total=11.01ms {"drain_packets":0.007,"drain_pages":0.004,"enqueue":3.287,"evict":0.363,"player_chunk":0.015,"prune":0.001,"publish":0.007,"queue_pages":7.31,"spawn":0.001,"wrap":0.008}
STREAMING_STEP_TIMING total=12.46ms {"drain_packets":0.01,"drain_pages":0.006,"enqueue":4.09,"evict":0.337,"player_chunk":0.022,"prune":0.003,"publish":0.004,"queue_pages":7.973,"spawn":0.003,"wrap":0.013}
STREAMING_STEP_TIMING total=11.05ms {"drain_packets":0.009,"drain_pages":0.005,"enqueue":3.777,"evict":0.288,"player_chunk":0.015,"prune":0.004,"publish":0.004,"queue_pages":6.932,"spawn":0.002,"wrap":0.009}
STREAMING_STEP_TIMING total=10.49ms {"drain_packets":0.007,"drain_pages":0.005,"enqueue":3.349,"evict":0.289,"player_chunk":0.018,"prune":0.002,"publish":0.005,"queue_pages":6.803,"spawn":0.002,"wrap":0.01}
STREAMING_STEP_TIMING total=10.47ms {"drain_packets":0.006,"drain_pages":0.005,"enqueue":3.274,"evict":0.285,"player_chunk":0.013,"prune":0.002,"publish":0.003,"queue_pages":6.866,"spawn":0.002,"wrap":0.008}
STREAMING_STEP_TIMING total=10.58ms {"drain_packets":0.006,"drain_pages":0.005,"enqueue":3.327,"evict":0.279,"player_chunk":0.014,"prune":0.003,"publish":0.003,"queue_pages":6.934,"spawn":0.002,"wrap":0.006}
STREAMING_STEP_TIMING total=10.55ms {"drain_packets":0.006,"drain_pages":0.005,"enqueue":3.385,"evict":0.287,"player_chunk":0.018,"prune":0.003,"publish":0.004,"queue_pages":6.836,"spawn":0.002,"wrap":0.007}
STREAMING_STEP_TIMING total=10.51ms {"drain_packets":0.005,"drain_pages":0.004,"enqueue":3.309,"evict":0.277,"player_chunk":0.022,"prune":0.002,"publish":0.003,"queue_pages":6.872,"spawn":0.002,"wrap":0.009}
STREAMING_STEP_TIMING total=10.51ms {"drain_packets":0.006,"drain_pages":0.003,"enqueue":3.276,"evict":0.276,"player_chunk":0.011,"prune":0.003,"publish":0.003,"queue_pages":6.921,"spawn":0.002,"wrap":0.005}
STREAMING_STEP_TIMING total=10.46ms {"drain_packets":0.006,"drain_pages":0.004,"enqueue":3.248,"evict":0.292,"player_chunk":0.016,"prune":0.002,"publish":0.005,"queue_pages":6.879,"spawn":0.002,"wrap":0.009}
STREAMING_STEP_TIMING total=10.54ms {"drain_packets":0.006,"drain_pages":0.004,"enqueue":3.297,"evict":0.274,"player_chunk":0.014,"prune":0.002,"publish":0.002,"queue_pages":6.932,"spawn":0.002,"wrap":0.008}
STREAMING_STEP_TIMING total=10.48ms {"drain_packets":0.007,"drain_pages":0.005,"enqueue":3.289,"evict":0.281,"player_chunk":0.011,"prune":0.002,"publish":0.003,"queue_pages":6.875,"spawn":0.002,"wrap":0.006}
STREAMING_STEP_TIMING total=10.50ms {"drain_packets":0.005,"drain_pages":0.004,"enqueue":3.28,"evict":0.309,"player_chunk":0.012,"prune":0.002,"publish":0.005,"queue_pages":6.87,"spawn":0.002,"wrap":0.007}
STREAMING_STEP_TIMING total=10.62ms {"drain_packets":0.006,"drain_pages":0.005,"enqueue":3.332,"evict":0.282,"player_chunk":0.016,"prune":0.002,"publish":0.003,"queue_pages":6.966,"spawn":0.002,"wrap":0.007}
STREAMING_STEP_TIMING total=10.56ms {"drain_packets":0.007,"drain_pages":0.005,"enqueue":3.262,"evict":0.332,"player_chunk":0.011,"prune":0.002,"publish":0.006,"queue_pages":6.928,"spawn":0.001,"wrap":0.007}
STREAMING_STEP_TIMING total=10.52ms {"drain_packets":0.005,"drain_pages":0.004,"enqueue":3.271,"evict":0.291,"player_chunk":0.016,"prune":0.002,"publish":0.004,"queue_pages":6.913,"spawn":0.002,"wrap":0.009}
STREAMING_STEP_TIMING total=10.72ms {"drain_packets":0.006,"drain_pages":0.004,"enqueue":3.311,"evict":0.285,"player_chunk":0.014,"prune":0.002,"publish":0.003,"queue_pages":7.083,"spawn":0.002,"wrap":0.007}
STREAMING_STEP_TIMING total=10.51ms {"drain_packets":0.007,"drain_pages":0.005,"enqueue":3.303,"evict":0.283,"player_chunk":0.011,"prune":0.003,"publish":0.004,"queue_pages":6.883,"spawn":0.002,"wrap":0.007}
STREAMING_STEP_TIMING total=10.54ms {"drain_packets":0.005,"drain_pages":0.004,"enqueue":3.275,"evict":0.293,"player_chunk":0.014,"prune":0.002,"publish":0.004,"queue_pages":6.929,"spawn":0.002,"wrap":0.007}
STREAMING_STEP_TIMING total=10.45ms {"drain_packets":0.008,"drain_pages":0.007,"enqueue":3.355,"evict":0.27,"player_chunk":0.017,"prune":0.003,"publish":0.003,"queue_pages":6.77,"spawn":0.001,"wrap":0.01}
STREAMING_STEP_TIMING total=10.58ms {"drain_packets":0.008,"drain_pages":0.005,"enqueue":3.371,"evict":0.286,"player_chunk":0.011,"prune":0.003,"publish":0.004,"queue_pages":6.887,"spawn":0.002,"wrap":0.006}
STREAMING_STEP_TIMING total=10.54ms {"drain_packets":0.005,"drain_pages":0.004,"enqueue":3.253,"evict":0.29,"player_chunk":0.016,"prune":0.002,"publish":0.004,"queue_pages":6.951,"spawn":0.002,"wrap":0.007}
STREAMING_STEP_TIMING total=10.50ms {"drain_packets":0.007,"drain_pages":0.005,"enqueue":3.417,"evict":0.27,"player_chunk":0.018,"prune":0.003,"publish":0.002,"queue_pages":6.772,"spawn":0.002,"wrap":0.007}
STREAMING_STEP_TIMING total=12.42ms {"drain_packets":0.011,"drain_pages":0.005,"enqueue":4.281,"evict":0.354,"player_chunk":0.013,"prune":0.006,"publish":0.006,"queue_pages":7.736,"spawn":0.001,"wrap":0.009}
STREAMING_STEP_TIMING total=11.83ms {"drain_packets":0.007,"drain_pages":0.005,"enqueue":4.008,"evict":0.29,"player_chunk":0.015,"prune":0.002,"publish":0.005,"queue_pages":7.484,"spawn":0.002,"wrap":0.009}
STREAMING_STEP_TIMING total=10.60ms {"drain_packets":0.005,"drain_pages":0.004,"enqueue":3.298,"evict":0.278,"player_chunk":0.017,"prune":0.002,"publish":0.002,"queue_pages":6.978,"spawn":0.002,"wrap":0.01}
STREAMING_STEP_TIMING total=14.43ms {"drain_packets":0.014,"drain_pages":0.007,"enqueue":4.257,"evict":0.281,"player_chunk":0.012,"prune":0.005,"publish":0.004,"queue_pages":9.842,"spawn":0.002,"wrap":0.006}
STREAMING_STEP_TIMING total=12.48ms {"drain_packets":0.015,"drain_pages":0.008,"enqueue":4.162,"evict":0.306,"player_chunk":0.017,"prune":0.007,"publish":0.008,"queue_pages":7.941,"spawn":0.002,"wrap":0.009}
STREAMING_STEP_TIMING total=11.02ms {"drain_packets":0.007,"drain_pages":0.004,"enqueue":3.276,"evict":0.303,"player_chunk":0.014,"prune":0.002,"publish":0.006,"queue_pages":7.391,"spawn":0.002,"wrap":0.008}
STREAMING_STEP_TIMING total=10.58ms {"drain_packets":0.007,"drain_pages":0.005,"enqueue":3.3,"evict":0.29,"player_chunk":0.017,"prune":0.002,"publish":0.004,"queue_pages":6.945,"spawn":0.001,"wrap":0.007}
STREAMING_STEP_TIMING total=10.56ms {"drain_packets":0.01,"drain_pages":0.005,"enqueue":3.363,"evict":0.276,"player_chunk":0.014,"prune":0.004,"publish":0.003,"queue_pages":6.868,"spawn":0.002,"wrap":0.009}
STREAMING_STEP_TIMING total=11.98ms {"drain_packets":0.008,"drain_pages":0.005,"enqueue":3.365,"evict":0.298,"player_chunk":0.017,"prune":0.003,"publish":0.006,"queue_pages":8.27,"spawn":0.002,"wrap":0.009}
STREAMING_STEP_TIMING total=12.31ms {"drain_packets":0.006,"drain_pages":0.005,"enqueue":3.299,"evict":0.298,"player_chunk":0.013,"prune":0.002,"publish":0.006,"queue_pages":8.666,"spawn":0.002,"wrap":0.008}
STREAMING_STEP_TIMING total=10.47ms {"drain_packets":0.006,"drain_pages":0.005,"enqueue":3.246,"evict":0.284,"player_chunk":0.022,"prune":0.002,"publish":0.004,"queue_pages":6.882,"spawn":0.002,"wrap":0.011}
STREAMING_STEP_TIMING total=10.67ms {"drain_packets":0.008,"drain_pages":0.005,"enqueue":3.326,"evict":0.324,"player_chunk":0.013,"prune":0.003,"publish":0.005,"queue_pages":6.973,"spawn":0.001,"wrap":0.008}
STREAMING_STEP_TIMING total=10.50ms {"drain_packets":0.006,"drain_pages":0.004,"enqueue":3.234,"evict":0.293,"player_chunk":0.023,"prune":0.002,"publish":0.006,"queue_pages":6.916,"spawn":0.001,"wrap":0.01}
STREAMING_STEP_TIMING total=10.47ms {"drain_packets":0.004,"drain_pages":0.005,"enqueue":3.258,"evict":0.28,"player_chunk":0.013,"prune":0.002,"publish":0.003,"queue_pages":6.894,"spawn":0.002,"wrap":0.008}
STREAMING_STEP_TIMING total=10.76ms {"drain_packets":0.008,"drain_pages":0.005,"enqueue":3.351,"evict":0.298,"player_chunk":0.012,"prune":0.003,"publish":0.005,"queue_pages":7.069,"spawn":0.001,"wrap":0.005}
STREAMING_STEP_TIMING total=11.15ms {"drain_packets":0.006,"drain_pages":0.005,"enqueue":3.338,"evict":0.305,"player_chunk":0.013,"prune":0.001,"publish":0.006,"queue_pages":7.469,"spawn":0.002,"wrap":0.008}
STREAMING_STEP_TIMING total=10.58ms {"drain_packets":0.007,"drain_pages":0.006,"enqueue":3.278,"evict":0.277,"player_chunk":0.017,"prune":0.001,"publish":0.003,"queue_pages":6.976,"spawn":0.001,"wrap":0.01}
STREAMING_STEP_TIMING total=10.73ms {"drain_packets":0.01,"drain_pages":0.006,"enqueue":3.384,"evict":0.298,"player_chunk":0.011,"prune":0.006,"publish":0.005,"queue_pages":7.006,"spawn":0.001,"wrap":0.007}
STREAMING_STEP_TIMING total=10.41ms {"drain_packets":0.007,"drain_pages":0.004,"enqueue":3.259,"evict":0.306,"player_chunk":0.018,"prune":0.002,"publish":0.004,"queue_pages":6.801,"spawn":0.002,"wrap":0.009}
STREAMING_STEP_TIMING total=10.62ms {"drain_packets":0.006,"drain_pages":0.005,"enqueue":3.284,"evict":0.29,"player_chunk":0.013,"prune":0.002,"publish":0.003,"queue_pages":7.007,"spawn":0.001,"wrap":0.008}
STREAMING_STEP_TIMING total=10.82ms {"drain_packets":0.013,"drain_pages":0.006,"enqueue":3.417,"evict":0.359,"player_chunk":0.012,"prune":0.007,"publish":0.005,"queue_pages":6.984,"spawn":0.001,"wrap":0.008}
STREAMING_STEP_TIMING total=10.53ms {"drain_packets":0.007,"drain_pages":0.005,"enqueue":3.286,"evict":0.342,"player_chunk":0.013,"prune":0.002,"publish":0.005,"queue_pages":6.862,"spawn":0.002,"wrap":0.007}
STREAMING_STEP_TIMING total=10.47ms {"drain_packets":0.006,"drain_pages":0.004,"enqueue":3.318,"evict":0.278,"player_chunk":0.016,"prune":0.002,"publish":0.004,"queue_pages":6.827,"spawn":0.002,"wrap":0.006}
STREAMING_STEP_TIMING total=10.54ms {"drain_packets":0.007,"drain_pages":0.005,"enqueue":3.239,"evict":0.289,"player_chunk":0.012,"prune":0.003,"publish":0.005,"queue_pages":6.972,"spawn":0.002,"wrap":0.007}
STREAMING_STEP_TIMING total=10.71ms {"drain_packets":0.006,"drain_pages":0.005,"enqueue":3.29,"evict":0.295,"player_chunk":0.017,"prune":0.002,"publish":0.004,"queue_pages":7.074,"spawn":0.002,"wrap":0.01}
STREAMING_STEP_TIMING total=10.59ms {"drain_packets":0.007,"drain_pages":0.004,"enqueue":3.375,"evict":0.282,"player_chunk":0.013,"prune":0.002,"publish":0.003,"queue_pages":6.893,"spawn":0.003,"wrap":0.007}
STREAMING_STEP_TIMING total=10.55ms {"drain_packets":0.007,"drain_pages":0.005,"enqueue":3.349,"evict":0.292,"player_chunk":0.012,"prune":0.002,"publish":0.005,"queue_pages":6.872,"spawn":0.001,"wrap":0.008}
STREAMING_STEP_TIMING total=10.48ms {"drain_packets":0.006,"drain_pages":0.005,"enqueue":3.263,"evict":0.293,"player_chunk":0.014,"prune":0.001,"publish":0.005,"queue_pages":6.885,"spawn":0.002,"wrap":0.007}
STREAMING_STEP_TIMING total=10.45ms {"drain_packets":0.006,"drain_pages":0.005,"enqueue":3.262,"evict":0.277,"player_chunk":0.021,"prune":0.002,"publish":0.003,"queue_pages":6.859,"spawn":0.002,"wrap":0.009}
STREAMING_STEP_TIMING total=10.94ms {"drain_packets":0.009,"drain_pages":0.006,"enqueue":3.679,"evict":0.289,"player_chunk":0.01,"prune":0.006,"publish":0.005,"queue_pages":6.926,"spawn":0.001,"wrap":0.006}
STREAMING_STEP_TIMING total=10.87ms {"drain_packets":0.006,"drain_pages":0.004,"enqueue":3.313,"evict":0.295,"player_chunk":0.016,"prune":0.002,"publish":0.005,"queue_pages":7.214,"spawn":0.002,"wrap":0.006}
STREAMING_STEP_TIMING total=10.46ms {"drain_packets":0.005,"drain_pages":0.005,"enqueue":3.278,"evict":0.271,"player_chunk":0.012,"prune":0.002,"publish":0.002,"queue_pages":6.87,"spawn":0.002,"wrap":0.008}
STREAMING_STEP_TIMING total=11.90ms {"drain_packets":0.014,"drain_pages":0.007,"enqueue":3.447,"evict":0.338,"player_chunk":0.01,"prune":0.005,"publish":0.003,"queue_pages":8.072,"spawn":0.002,"wrap":0.006}
STREAMING_STEP_TIMING total=12.47ms {"drain_packets":0.006,"drain_pages":0.004,"enqueue":4.017,"evict":0.347,"player_chunk":0.015,"prune":0.002,"publish":0.005,"queue_pages":8.066,"spawn":0.001,"wrap":0.009}
STREAMING_STEP_TIMING total=11.99ms {"drain_packets":0.007,"drain_pages":0.005,"enqueue":4.044,"evict":0.308,"player_chunk":0.019,"prune":0.001,"publish":0.005,"queue_pages":7.586,"spawn":0.002,"wrap":0.01}
STREAMING_STEP_TIMING total=10.60ms {"drain_packets":0.007,"drain_pages":0.005,"enqueue":3.342,"evict":0.275,"player_chunk":0.014,"prune":0.002,"publish":0.003,"queue_pages":6.941,"spawn":0.002,"wrap":0.008}
STREAMING_STEP_TIMING total=10.79ms {"drain_packets":0.009,"drain_pages":0.005,"enqueue":3.432,"evict":0.288,"player_chunk":0.012,"prune":0.002,"publish":0.004,"queue_pages":7.027,"spawn":0.001,"wrap":0.007}
STREAMING_STEP_TIMING total=10.73ms {"drain_packets":0.005,"drain_pages":0.005,"enqueue":3.274,"evict":0.322,"player_chunk":0.014,"prune":0.002,"publish":0.006,"queue_pages":7.086,"spawn":0.002,"wrap":0.007}
STREAMING_STEP_TIMING total=10.53ms {"drain_packets":0.006,"drain_pages":0.005,"enqueue":3.309,"evict":0.275,"player_chunk":0.016,"prune":0.002,"publish":0.002,"queue_pages":6.909,"spawn":0.001,"wrap":0.006}
STREAMING_STEP_TIMING total=10.47ms {"drain_packets":0.007,"drain_pages":0.005,"enqueue":3.26,"evict":0.29,"player_chunk":0.01,"prune":0.002,"publish":0.005,"queue_pages":6.883,"spawn":0.002,"wrap":0.006}
STREAMING_STEP_TIMING total=10.55ms {"drain_packets":0.006,"drain_pages":0.004,"enqueue":3.286,"evict":0.299,"player_chunk":0.015,"prune":0.001,"publish":0.005,"queue_pages":6.918,"spawn":0.001,"wrap":0.01}
STREAMING_STEP_TIMING total=10.56ms {"drain_packets":0.008,"drain_pages":0.004,"enqueue":3.315,"evict":0.298,"player_chunk":0.013,"prune":0.003,"publish":0.004,"queue_pages":6.907,"spawn":0.002,"wrap":0.008}
STREAMING_STEP_TIMING total=10.68ms {"drain_packets":0.009,"drain_pages":0.005,"enqueue":3.445,"evict":0.285,"player_chunk":0.015,"prune":0.006,"publish":0.004,"queue_pages":6.893,"spawn":0.002,"wrap":0.009}
STREAMING_STEP_TIMING total=10.53ms {"drain_packets":0.006,"drain_pages":0.004,"enqueue":3.344,"evict":0.292,"player_chunk":0.014,"prune":0.002,"publish":0.005,"queue_pages":6.853,"spawn":0.001,"wrap":0.009}
STREAMING_STEP_TIMING total=10.55ms {"drain_packets":0.006,"drain_pages":0.005,"enqueue":3.264,"evict":0.28,"player_chunk":0.018,"prune":0.002,"publish":0.003,"queue_pages":6.953,"spawn":0.002,"wrap":0.01}
STREAMING_STEP_TIMING total=10.51ms {"drain_packets":0.007,"drain_pages":0.005,"enqueue":3.285,"evict":0.283,"player_chunk":0.012,"prune":0.002,"publish":0.004,"queue_pages":6.9,"spawn":0.002,"wrap":0.007}
STREAMING_STEP_TIMING total=10.84ms {"drain_packets":0.006,"drain_pages":0.004,"enqueue":3.408,"evict":0.298,"player_chunk":0.016,"prune":0.003,"publish":0.006,"queue_pages":7.093,"spawn":0.001,"wrap":0.006}
STREAMING_STEP_TIMING total=10.62ms {"drain_packets":0.006,"drain_pages":0.005,"enqueue":3.273,"evict":0.297,"player_chunk":0.013,"prune":0.002,"publish":0.005,"queue_pages":7.011,"spawn":0.002,"wrap":0.008}
STREAMING_STEP_TIMING total=10.55ms {"drain_packets":0.007,"drain_pages":0.005,"enqueue":3.299,"evict":0.311,"player_chunk":0.017,"prune":0.003,"publish":0.005,"queue_pages":6.885,"spawn":0.002,"wrap":0.01}
STREAMING_STEP_TIMING total=10.53ms {"drain_packets":0.006,"drain_pages":0.005,"enqueue":3.273,"evict":0.304,"player_chunk":0.013,"prune":0.002,"publish":0.005,"queue_pages":6.913,"spawn":0.002,"wrap":0.007}
STREAMING_STEP_TIMING total=10.57ms {"drain_packets":0.007,"drain_pages":0.005,"enqueue":3.305,"evict":0.285,"player_chunk":0.017,"prune":0.002,"publish":0.003,"queue_pages":6.932,"spawn":0.001,"wrap":0.01}
STREAMING_STEP_TIMING total=10.89ms {"drain_packets":0.014,"drain_pages":0.008,"enqueue":3.407,"evict":0.306,"player_chunk":0.011,"prune":0.005,"publish":0.006,"queue_pages":7.121,"spawn":0.001,"wrap":0.006}
STREAMING_STEP_TIMING total=10.64ms {"drain_packets":0.009,"drain_pages":0.006,"enqueue":3.359,"evict":0.294,"player_chunk":0.02,"prune":0.004,"publish":0.005,"queue_pages":6.93,"spawn":0.002,"wrap":0.011}
STREAMING_STEP_TIMING total=14.70ms {"drain_packets":0.013,"drain_pages":0.008,"enqueue":3.586,"evict":0.461,"player_chunk":0.013,"prune":0.006,"publish":0.008,"queue_pages":10.595,"spawn":0.002,"wrap":0.007}
STREAMING_STEP_TIMING total=15.19ms {"drain_packets":0.012,"drain_pages":0.007,"enqueue":5.223,"evict":0.434,"player_chunk":0.024,"prune":0.005,"publish":0.004,"queue_pages":9.469,"spawn":0.002,"wrap":0.01}
STREAMING_STEP_TIMING total=11.02ms {"drain_packets":0.011,"drain_pages":0.006,"enqueue":3.74,"evict":0.283,"player_chunk":0.016,"prune":0.005,"publish":0.003,"queue_pages":6.826,"spawn":0.113,"wrap":0.011}
STREAMING_STEP_TIMING total=10.80ms {"drain_packets":0.006,"drain_pages":0.004,"enqueue":3.256,"evict":0.303,"player_chunk":0.019,"prune":0.002,"publish":0.005,"queue_pages":7.193,"spawn":0.002,"wrap":0.011}
STREAMING_STEP_TIMING total=10.48ms {"drain_packets":0.005,"drain_pages":0.005,"enqueue":3.273,"evict":0.328,"player_chunk":0.014,"prune":0.002,"publish":0.004,"queue_pages":6.836,"spawn":0.002,"wrap":0.008}
STREAMING_STEP_TIMING total=10.42ms {"drain_packets":0.008,"drain_pages":0.006,"enqueue":3.251,"evict":0.28,"player_chunk":0.031,"prune":0.002,"publish":0.003,"queue_pages":6.825,"spawn":0.002,"wrap":0.014}
ERROR: Parameter "t" is null.
   at: texture_2d_get (./servers/rendering/dummy/storage/texture_storage.h:106)
   GDScript backtrace (most recent call first):
       [0] _capture_viewport (res://tools/runtime_mountain_raster_walk_probe.gd:440)
       [1] _run (res://tools/runtime_mountain_raster_walk_probe.gd:96)
       [2] _wait_until_settled (res://tools/runtime_mountain_raster_walk_probe.gd:293)
STREAMING_STEP_TIMING total=10.75ms {"drain_packets":0.009,"drain_pages":0.005,"enqueue":3.459,"evict":0.279,"player_chunk":0.028,"prune":0.004,"publish":0.004,"queue_pages":6.939,"spawn":0.004,"wrap":0.014}
STREAMING_STEP_TIMING total=10.92ms {"drain_packets":0.006,"drain_pages":0.005,"enqueue":3.332,"evict":0.299,"player_chunk":0.018,"prune":0.003,"publish":0.006,"queue_pages":7.235,"spawn":0.002,"wrap":0.009}
STREAMING_STEP_TIMING total=10.56ms {"drain_packets":0.006,"drain_pages":0.004,"enqueue":3.295,"evict":0.299,"player_chunk":0.014,"prune":0.002,"publish":0.005,"queue_pages":6.92,"spawn":0.002,"wrap":0.008}
STREAMING_STEP_TIMING total=10.81ms {"drain_packets":0.007,"drain_pages":0.005,"enqueue":3.367,"evict":0.344,"player_chunk":0.016,"prune":0.003,"publish":0.003,"queue_pages":7.058,"spawn":0.002,"wrap":0.006}
STREAMING_STEP_TIMING total=10.54ms {"drain_packets":0.004,"drain_pages":0.004,"enqueue":3.291,"evict":0.299,"player_chunk":0.012,"prune":0.002,"publish":0.005,"queue_pages":6.909,"spawn":0.002,"wrap":0.007}
STREAMING_STEP_TIMING total=10.52ms {"drain_packets":0.006,"drain_pages":0.004,"enqueue":3.283,"evict":0.305,"player_chunk":0.017,"prune":0.001,"publish":0.005,"queue_pages":6.88,"spawn":0.001,"wrap":0.011}
STREAMING_STEP_TIMING total=10.68ms {"drain_packets":0.006,"drain_pages":0.005,"enqueue":3.343,"evict":0.279,"player_chunk":0.013,"prune":0.003,"publish":0.003,"queue_pages":7.017,"spawn":0.002,"wrap":0.009}
STREAMING_STEP_TIMING total=10.57ms {"drain_packets":0.005,"drain_pages":0.004,"enqueue":3.286,"evict":0.291,"player_chunk":0.013,"prune":0.002,"publish":0.005,"queue_pages":6.95,"spawn":0.002,"wrap":0.008}
STREAMING_STEP_TIMING total=10.65ms {"drain_packets":0.006,"drain_pages":0.005,"enqueue":3.371,"evict":0.297,"player_chunk":0.014,"prune":0.003,"publish":0.006,"queue_pages":6.935,"spawn":0.001,"wrap":0.007}
STREAMING_STEP_TIMING total=10.61ms {"drain_packets":0.009,"drain_pages":0.005,"enqueue":3.366,"evict":0.286,"player_chunk":0.018,"prune":0.003,"publish":0.004,"queue_pages":6.909,"spawn":0.002,"wrap":0.009}
STREAMING_STEP_TIMING total=10.58ms {"drain_packets":0.007,"drain_pages":0.004,"enqueue":3.309,"evict":0.29,"player_chunk":0.013,"prune":0.002,"publish":0.006,"queue_pages":6.937,"spawn":0.001,"wrap":0.008}
STREAMING_STEP_TIMING total=10.62ms {"drain_packets":0.008,"drain_pages":0.005,"enqueue":3.355,"evict":0.366,"player_chunk":0.017,"prune":0.004,"publish":0.005,"queue_pages":6.846,"spawn":0.002,"wrap":0.006}
STREAMING_STEP_TIMING total=10.59ms {"drain_packets":0.008,"drain_pages":0.005,"enqueue":3.41,"evict":0.282,"player_chunk":0.014,"prune":0.004,"publish":0.004,"queue_pages":6.852,"spawn":0.002,"wrap":0.01}
STREAMING_STEP_TIMING total=10.55ms {"drain_packets":0.005,"drain_pages":0.003,"enqueue":3.301,"evict":0.293,"player_chunk":0.018,"prune":0.002,"publish":0.005,"queue_pages":6.914,"spawn":0.002,"wrap":0.01}
STREAMING_STEP_TIMING total=10.52ms {"drain_packets":0.006,"drain_pages":0.004,"enqueue":3.333,"evict":0.361,"player_chunk":0.013,"prune":0.003,"publish":0.003,"queue_pages":6.786,"spawn":0.002,"wrap":0.007}
STREAMING_STEP_TIMING total=10.63ms {"drain_packets":0.007,"drain_pages":0.005,"enqueue":3.451,"evict":0.279,"player_chunk":0.018,"prune":0.003,"publish":0.004,"queue_pages":6.845,"spawn":0.002,"wrap":0.01}
[FrameBudget] streaming=11.2ms topology=0.0ms visual=0.0ms spawn=0.0ms total=11.2ms/6.0ms world.streaming_v0=11.2ms(60)
STREAMING_STEP_TIMING total=10.61ms {"drain_packets":0.005,"drain_pages":0.003,"enqueue":3.233,"evict":0.299,"player_chunk":0.012,"prune":0.002,"publish":0.006,"queue_pages":7.04,"spawn":0.001,"wrap":0.008}
STREAMING_STEP_TIMING total=10.59ms {"drain_packets":0.005,"drain_pages":0.005,"enqueue":3.301,"evict":0.29,"player_chunk":0.017,"prune":0.002,"publish":0.003,"queue_pages":6.951,"spawn":0.002,"wrap":0.009}
STREAMING_STEP_TIMING total=10.55ms {"drain_packets":0.008,"drain_pages":0.005,"enqueue":3.279,"evict":0.286,"player_chunk":0.013,"prune":0.002,"publish":0.003,"queue_pages":6.938,"spawn":0.002,"wrap":0.009}
STREAMING_STEP_TIMING total=10.65ms {"drain_packets":0.004,"drain_pages":0.004,"enqueue":3.303,"evict":0.307,"player_chunk":0.015,"prune":0.002,"publish":0.005,"queue_pages":6.998,"spawn":0.002,"wrap":0.005}
STREAMING_STEP_TIMING total=10.65ms {"drain_packets":0.006,"drain_pages":0.004,"enqueue":3.284,"evict":0.298,"player_chunk":0.014,"prune":0.002,"publish":0.004,"queue_pages":7.025,"spawn":0.002,"wrap":0.008}
STREAMING_STEP_TIMING total=10.56ms {"drain_packets":0.008,"drain_pages":0.006,"enqueue":3.384,"evict":0.277,"player_chunk":0.018,"prune":0.004,"publish":0.002,"queue_pages":6.845,"spawn":0.001,"wrap":0.011}
STREAMING_STEP_TIMING total=10.59ms {"drain_packets":0.004,"drain_pages":0.004,"enqueue":3.324,"evict":0.289,"player_chunk":0.013,"prune":0.002,"publish":0.004,"queue_pages":6.939,"spawn":0.002,"wrap":0.008}
STREAMING_STEP_TIMING total=10.45ms {"drain_packets":0.007,"drain_pages":0.005,"enqueue":3.257,"evict":0.327,"player_chunk":0.018,"prune":0.002,"publish":0.004,"queue_pages":6.818,"spawn":0.002,"wrap":0.009}
STREAMING_STEP_TIMING total=10.52ms {"drain_packets":0.008,"drain_pages":0.005,"enqueue":3.307,"evict":0.281,"player_chunk":0.014,"prune":0.005,"publish":0.004,"queue_pages":6.886,"spawn":0.002,"wrap":0.008}
STREAMING_STEP_TIMING total=10.89ms {"drain_packets":0.006,"drain_pages":0.004,"enqueue":3.25,"evict":0.299,"player_chunk":0.017,"prune":0.002,"publish":0.005,"queue_pages":7.289,"spawn":0.002,"wrap":0.01}
STREAMING_STEP_TIMING total=10.47ms {"drain_packets":0.006,"drain_pages":0.005,"enqueue":3.258,"evict":0.284,"player_chunk":0.014,"prune":0.002,"publish":0.004,"queue_pages":6.888,"spawn":0.002,"wrap":0.008}
STREAMING_STEP_TIMING total=16.40ms {"drain_packets":0.013,"drain_pages":0.008,"enqueue":5.269,"evict":0.466,"player_chunk":0.023,"prune":0.006,"publish":0.008,"queue_pages":10.592,"spawn":0.003,"wrap":0.009}
STREAMING_STEP_TIMING total=14.71ms {"drain_packets":0.011,"drain_pages":0.007,"enqueue":5.265,"evict":0.29,"player_chunk":0.019,"prune":0.004,"publish":0.005,"queue_pages":9.095,"spawn":0.003,"wrap":0.012}
STREAMING_STEP_TIMING total=10.57ms {"drain_packets":0.007,"drain_pages":0.006,"enqueue":3.323,"evict":0.306,"player_chunk":0.021,"prune":0.003,"publish":0.004,"queue_pages":6.878,"spawn":0.001,"wrap":0.013}
STREAMING_STEP_TIMING total=10.91ms {"drain_packets":0.006,"drain_pages":0.005,"enqueue":3.332,"evict":0.301,"player_chunk":0.014,"prune":0.003,"publish":0.006,"queue_pages":7.235,"spawn":0.002,"wrap":0.007}
STREAMING_STEP_TIMING total=10.58ms {"drain_packets":0.006,"drain_pages":0.005,"enqueue":3.335,"evict":0.281,"player_chunk":0.017,"prune":0.001,"publish":0.003,"queue_pages":6.918,"spawn":0.002,"wrap":0.01}
STREAMING_STEP_TIMING total=10.65ms {"drain_packets":0.006,"drain_pages":0.005,"enqueue":3.32,"evict":0.283,"player_chunk":0.014,"prune":0.003,"publish":0.003,"queue_pages":7.008,"spawn":0.002,"wrap":0.009}
STREAMING_STEP_TIMING total=10.80ms {"drain_packets":0.005,"drain_pages":0.003,"enqueue":3.34,"evict":0.298,"player_chunk":0.014,"prune":0.001,"publish":0.004,"queue_pages":7.123,"spawn":0.001,"wrap":0.008}
STREAMING_STEP_TIMING total=10.51ms {"drain_packets":0.005,"drain_pages":0.005,"enqueue":3.315,"evict":0.276,"player_chunk":0.014,"prune":0.002,"publish":0.004,"queue_pages":6.877,"spawn":0.002,"wrap":0.007}
STREAMING_STEP_TIMING total=10.49ms {"drain_packets":0.007,"drain_pages":0.006,"enqueue":3.318,"evict":0.277,"player_chunk":0.014,"prune":0.003,"publish":0.003,"queue_pages":6.853,"spawn":0.002,"wrap":0.005}
STREAMING_STEP_TIMING total=10.46ms {"drain_packets":0.005,"drain_pages":0.003,"enqueue":3.273,"evict":0.289,"player_chunk":0.012,"prune":0.002,"publish":0.005,"queue_pages":6.856,"spawn":0.002,"wrap":0.007}
STREAMING_STEP_TIMING total=10.48ms {"drain_packets":0.005,"drain_pages":0.004,"enqueue":3.291,"evict":0.28,"player_chunk":0.016,"prune":0.002,"publish":0.003,"queue_pages":6.87,"spawn":0.002,"wrap":0.009}
STREAMING_STEP_TIMING total=10.61ms {"drain_packets":0.008,"drain_pages":0.004,"enqueue":3.378,"evict":0.296,"player_chunk":0.011,"prune":0.003,"publish":0.004,"queue_pages":6.898,"spawn":0.002,"wrap":0.006}
STREAMING_STEP_TIMING total=10.69ms {"drain_packets":0.005,"drain_pages":0.004,"enqueue":3.287,"evict":0.292,"player_chunk":0.017,"prune":0.001,"publish":0.004,"queue_pages":7.064,"spawn":0.001,"wrap":0.009}
STREAMING_STEP_TIMING total=10.46ms {"drain_packets":0.005,"drain_pages":0.005,"enqueue":3.3,"evict":0.279,"player_chunk":0.014,"prune":0.002,"publish":0.003,"queue_pages":6.843,"spawn":0.002,"wrap":0.007}
STREAMING_STEP_TIMING total=10.53ms {"drain_packets":0.007,"drain_pages":0.004,"enqueue":3.322,"evict":0.281,"player_chunk":0.011,"prune":0.004,"publish":0.005,"queue_pages":6.89,"spawn":0.002,"wrap":0.006}
STREAMING_STEP_TIMING total=10.57ms {"drain_packets":0.005,"drain_pages":0.004,"enqueue":3.277,"evict":0.298,"player_chunk":0.013,"prune":0.002,"publish":0.005,"queue_pages":6.958,"spawn":0.002,"wrap":0.008}
STREAMING_STEP_TIMING total=10.60ms {"drain_packets":0.005,"drain_pages":0.005,"enqueue":3.276,"evict":0.281,"player_chunk":0.016,"prune":0.002,"publish":0.002,"queue_pages":7.002,"spawn":0.002,"wrap":0.005}
STREAMING_STEP_TIMING total=10.51ms {"drain_packets":0.009,"drain_pages":0.005,"enqueue":3.312,"evict":0.287,"player_chunk":0.01,"prune":0.004,"publish":0.004,"queue_pages":6.872,"spawn":0.001,"wrap":0.006}
STREAMING_STEP_TIMING total=10.54ms {"drain_packets":0.006,"drain_pages":0.004,"enqueue":3.287,"evict":0.3,"player_chunk":0.016,"prune":0.001,"publish":0.005,"queue_pages":6.909,"spawn":0.001,"wrap":0.01}
STREAMING_STEP_TIMING total=10.49ms {"drain_packets":0.006,"drain_pages":0.004,"enqueue":3.289,"evict":0.279,"player_chunk":0.014,"prune":0.002,"publish":0.003,"queue_pages":6.886,"spawn":0.001,"wrap":0.009}
STREAMING_STEP_TIMING total=10.52ms {"drain_packets":0.006,"drain_pages":0.004,"enqueue":3.32,"evict":0.281,"player_chunk":0.011,"prune":0.002,"publish":0.004,"queue_pages":6.881,"spawn":0.002,"wrap":0.006}
STREAMING_STEP_TIMING total=10.55ms {"drain_packets":0.005,"drain_pages":0.004,"enqueue":3.261,"evict":0.301,"player_chunk":0.012,"prune":0.002,"publish":0.005,"queue_pages":6.945,"spawn":0.002,"wrap":0.008}
STREAMING_STEP_TIMING total=10.80ms {"drain_packets":0.006,"drain_pages":0.005,"enqueue":3.365,"evict":0.286,"player_chunk":0.017,"prune":0.002,"publish":0.003,"queue_pages":7.102,"spawn":0.002,"wrap":0.009}
STREAMING_STEP_TIMING total=10.57ms {"drain_packets":0.006,"drain_pages":0.005,"enqueue":3.339,"evict":0.281,"player_chunk":0.011,"prune":0.002,"publish":0.004,"queue_pages":6.917,"spawn":0.002,"wrap":0.006}
STREAMING_STEP_TIMING total=10.61ms {"drain_packets":0.004,"drain_pages":0.003,"enqueue":3.291,"evict":0.292,"player_chunk":0.016,"prune":0.002,"publish":0.004,"queue_pages":6.988,"spawn":0.001,"wrap":0.006}
STREAMING_STEP_TIMING total=10.46ms {"drain_packets":0.007,"drain_pages":0.005,"enqueue":3.28,"evict":0.285,"player_chunk":0.016,"prune":0.002,"publish":0.004,"queue_pages":6.85,"spawn":0.003,"wrap":0.009}
STREAMING_STEP_TIMING total=11.54ms {"drain_packets":0.007,"drain_pages":0.005,"enqueue":3.343,"evict":0.354,"player_chunk":0.017,"prune":0.004,"publish":0.007,"queue_pages":7.793,"spawn":0.002,"wrap":0.009}
STREAMING_STEP_TIMING total=12.47ms {"drain_packets":0.007,"drain_pages":0.005,"enqueue":4.048,"evict":0.351,"player_chunk":0.015,"prune":0.002,"publish":0.006,"queue_pages":8.026,"spawn":0.002,"wrap":0.009}
STREAMING_STEP_TIMING total=12.12ms {"drain_packets":0.007,"drain_pages":0.005,"enqueue":4.032,"evict":0.333,"player_chunk":0.019,"prune":0.002,"publish":0.006,"queue_pages":7.7,"spawn":0.002,"wrap":0.011}
STREAMING_STEP_TIMING total=10.39ms {"drain_packets":0.007,"drain_pages":0.005,"enqueue":3.26,"evict":0.28,"player_chunk":0.021,"prune":0.002,"publish":0.004,"queue_pages":6.797,"spawn":0.003,"wrap":0.013}
STREAMING_STEP_TIMING total=10.62ms {"drain_packets":0.005,"drain_pages":0.004,"enqueue":3.246,"evict":0.293,"player_chunk":0.016,"prune":0.001,"publish":0.006,"queue_pages":7.032,"spawn":0.002,"wrap":0.01}
STREAMING_STEP_TIMING total=10.59ms {"drain_packets":0.005,"drain_pages":0.005,"enqueue":3.258,"evict":0.301,"player_chunk":0.014,"prune":0.002,"publish":0.005,"queue_pages":6.984,"spawn":0.002,"wrap":0.008}
STREAMING_STEP_TIMING total=10.45ms {"drain_packets":0.008,"drain_pages":0.005,"enqueue":3.279,"evict":0.279,"player_chunk":0.016,"prune":0.002,"publish":0.003,"queue_pages":6.845,"spawn":0.002,"wrap":0.006}
STREAMING_STEP_TIMING total=10.66ms {"drain_packets":0.004,"drain_pages":0.003,"enqueue":3.301,"evict":0.299,"player_chunk":0.011,"prune":0.001,"publish":0.005,"queue_pages":7.025,"spawn":0.002,"wrap":0.007}
STREAMING_STEP_TIMING total=10.69ms {"drain_packets":0.004,"drain_pages":0.004,"enqueue":3.291,"evict":0.29,"player_chunk":0.016,"prune":0.002,"publish":0.003,"queue_pages":7.067,"spawn":0.001,"wrap":0.01}
STREAMING_STEP_TIMING total=10.68ms {"drain_packets":0.008,"drain_pages":0.004,"enqueue":3.412,"evict":0.281,"player_chunk":0.019,"prune":0.003,"publish":0.003,"queue_pages":6.93,"spawn":0.003,"wrap":0.011}
STREAMING_STEP_TIMING total=10.47ms {"drain_packets":0.005,"drain_pages":0.003,"enqueue":3.271,"evict":0.287,"player_chunk":0.015,"prune":0.002,"publish":0.004,"queue_pages":6.868,"spawn":0.002,"wrap":0.008}
STREAMING_STEP_TIMING total=10.53ms {"drain_packets":0.006,"drain_pages":0.004,"enqueue":3.308,"evict":0.277,"player_chunk":0.013,"prune":0.001,"publish":0.003,"queue_pages":6.907,"spawn":0.001,"wrap":0.008}
STREAMING_STEP_TIMING total=10.67ms {"drain_packets":0.005,"drain_pages":0.005,"enqueue":3.294,"evict":0.283,"player_chunk":0.012,"prune":0.003,"publish":0.003,"queue_pages":7.055,"spawn":0.002,"wrap":0.008}
STREAMING_STEP_TIMING total=10.41ms {"drain_packets":0.005,"drain_pages":0.004,"enqueue":3.23,"evict":0.283,"player_chunk":0.01,"prune":0.002,"publish":0.003,"queue_pages":6.864,"spawn":0.001,"wrap":0.007}
STREAMING_STEP_TIMING total=10.50ms {"drain_packets":0.004,"drain_pages":0.004,"enqueue":3.247,"evict":0.395,"player_chunk":0.015,"prune":0.002,"publish":0.004,"queue_pages":6.822,"spawn":0.002,"wrap":0.005}
STREAMING_STEP_TIMING total=10.63ms {"drain_packets":0.009,"drain_pages":0.005,"enqueue":3.498,"evict":0.278,"player_chunk":0.014,"prune":0.004,"publish":0.003,"queue_pages":6.804,"spawn":0.001,"wrap":0.009}
STREAMING_STEP_TIMING total=10.63ms {"drain_packets":0.004,"drain_pages":0.003,"enqueue":3.248,"evict":0.284,"player_chunk":0.017,"prune":0.002,"publish":0.004,"queue_pages":7.059,"spawn":0.002,"wrap":0.009}
STREAMING_STEP_TIMING total=10.57ms {"drain_packets":0.005,"drain_pages":0.004,"enqueue":3.282,"evict":0.423,"player_chunk":0.018,"prune":0.002,"publish":0.003,"queue_pages":6.821,"spawn":0.002,"wrap":0.007}
STREAMING_STEP_TIMING total=10.75ms {"drain_packets":0.008,"drain_pages":0.005,"enqueue":3.408,"evict":0.283,"player_chunk":0.018,"prune":0.006,"publish":0.004,"queue_pages":7.003,"spawn":0.002,"wrap":0.012}
STREAMING_STEP_TIMING total=10.78ms {"drain_packets":0.005,"drain_pages":0.004,"enqueue":3.243,"evict":0.294,"player_chunk":0.013,"prune":0.002,"publish":0.006,"queue_pages":7.203,"spawn":0.002,"wrap":0.008}
STREAMING_STEP_TIMING total=10.59ms {"drain_packets":0.006,"drain_pages":0.005,"enqueue":3.371,"evict":0.399,"player_chunk":0.017,"prune":0.004,"publish":0.003,"queue_pages":6.769,"spawn":0.001,"wrap":0.01}
STREAMING_STEP_TIMING total=11.40ms {"drain_packets":0.008,"drain_pages":0.005,"enqueue":3.486,"evict":0.341,"player_chunk":0.013,"prune":0.002,"publish":0.007,"queue_pages":7.526,"spawn":0.002,"wrap":0.008}
STREAMING_STEP_TIMING total=12.57ms {"drain_packets":0.006,"drain_pages":0.004,"enqueue":4.13,"evict":0.351,"player_chunk":0.016,"prune":0.002,"publish":0.007,"queue_pages":8.048,"spawn":0.002,"wrap":0.007}
STREAMING_STEP_TIMING total=12.62ms {"drain_packets":0.007,"drain_pages":0.005,"enqueue":4.078,"evict":0.375,"player_chunk":0.015,"prune":0.002,"publish":0.007,"queue_pages":8.118,"spawn":0.002,"wrap":0.009}
STREAMING_STEP_TIMING total=12.54ms {"drain_packets":0.006,"drain_pages":0.005,"enqueue":4.045,"evict":0.334,"player_chunk":0.019,"prune":0.002,"publish":0.004,"queue_pages":8.109,"spawn":0.002,"wrap":0.01}
STREAMING_STEP_TIMING total=11.04ms {"drain_packets":0.01,"drain_pages":0.006,"enqueue":3.751,"evict":0.283,"player_chunk":0.012,"prune":0.006,"publish":0.004,"queue_pages":6.954,"spawn":0.001,"wrap":0.007}
STREAMING_STEP_TIMING total=10.63ms {"drain_packets":0.006,"drain_pages":0.005,"enqueue":3.264,"evict":0.299,"player_chunk":0.018,"prune":0.002,"publish":0.007,"queue_pages":7.017,"spawn":0.002,"wrap":0.01}
STREAMING_STEP_TIMING total=10.46ms {"drain_packets":0.006,"drain_pages":0.005,"enqueue":3.246,"evict":0.284,"player_chunk":0.015,"prune":0.001,"publish":0.004,"queue_pages":6.891,"spawn":0.002,"wrap":0.008}
STREAMING_STEP_TIMING total=10.40ms {"drain_packets":0.01,"drain_pages":0.006,"enqueue":3.305,"evict":0.282,"player_chunk":0.016,"prune":0.005,"publish":0.004,"queue_pages":6.762,"spawn":0.001,"wrap":0.01}
STREAMING_STEP_TIMING total=11.34ms {"drain_packets":0.006,"drain_pages":0.005,"enqueue":3.306,"evict":0.36,"player_chunk":0.014,"prune":0.002,"publish":0.007,"queue_pages":7.626,"spawn":0.002,"wrap":0.008}
STREAMING_STEP_TIMING total=12.55ms {"drain_packets":0.007,"drain_pages":0.005,"enqueue":4.064,"evict":0.356,"player_chunk":0.019,"prune":0.003,"publish":0.006,"queue_pages":8.078,"spawn":0.002,"wrap":0.008}
STREAMING_STEP_TIMING total=10.38ms {"drain_packets":0.005,"drain_pages":0.005,"enqueue":3.235,"evict":0.28,"player_chunk":0.013,"prune":0.002,"publish":0.004,"queue_pages":6.823,"spawn":0.002,"wrap":0.008}
STREAMING_STEP_TIMING total=10.62ms {"drain_packets":0.009,"drain_pages":0.005,"enqueue":3.343,"evict":0.284,"player_chunk":0.02,"prune":0.003,"publish":0.005,"queue_pages":6.939,"spawn":0.001,"wrap":0.008}
STREAMING_STEP_TIMING total=10.47ms {"drain_packets":0.007,"drain_pages":0.005,"enqueue":3.27,"evict":0.295,"player_chunk":0.015,"prune":0.001,"publish":0.005,"queue_pages":6.859,"spawn":0.002,"wrap":0.008}
STREAMING_STEP_TIMING total=10.43ms {"drain_packets":0.006,"drain_pages":0.004,"enqueue":3.264,"evict":0.29,"player_chunk":0.016,"prune":0.002,"publish":0.004,"queue_pages":6.831,"spawn":0.001,"wrap":0.01}
STREAMING_STEP_TIMING total=12.57ms {"drain_packets":0.011,"drain_pages":0.006,"enqueue":4.04,"evict":0.344,"player_chunk":0.02,"prune":0.006,"publish":0.004,"queue_pages":8.123,"spawn":0.002,"wrap":0.008}
STREAMING_STEP_TIMING total=12.46ms {"drain_packets":0.008,"drain_pages":0.006,"enqueue":4.095,"evict":0.341,"player_chunk":0.019,"prune":0.004,"publish":0.004,"queue_pages":7.967,"spawn":0.002,"wrap":0.01}
STREAMING_STEP_TIMING total=13.76ms {"drain_packets":0.007,"drain_pages":0.005,"enqueue":4.045,"evict":0.369,"player_chunk":0.015,"prune":0.002,"publish":0.006,"queue_pages":9.294,"spawn":0.002,"wrap":0.009}
STREAMING_STEP_TIMING total=12.62ms {"drain_packets":0.006,"drain_pages":0.005,"enqueue":4.079,"evict":0.409,"player_chunk":0.018,"prune":0.003,"publish":0.004,"queue_pages":8.088,"spawn":0.002,"wrap":0.007}
STREAMING_STEP_TIMING total=12.74ms {"drain_packets":0.009,"drain_pages":0.006,"enqueue":4.081,"evict":0.344,"player_chunk":0.015,"prune":0.004,"publish":0.004,"queue_pages":8.267,"spawn":0.002,"wrap":0.009}
STREAMING_STEP_TIMING total=12.59ms {"drain_packets":0.01,"drain_pages":0.006,"enqueue":4.085,"evict":0.334,"player_chunk":0.018,"prune":0.005,"publish":0.003,"queue_pages":8.115,"spawn":0.001,"wrap":0.011}
STREAMING_STEP_TIMING total=12.08ms {"drain_packets":0.007,"drain_pages":0.005,"enqueue":4.061,"evict":0.293,"player_chunk":0.017,"prune":0.002,"publish":0.005,"queue_pages":7.601,"spawn":0.072,"wrap":0.017}
STREAMING_STEP_TIMING total=10.66ms {"drain_packets":0.006,"drain_pages":0.004,"enqueue":3.247,"evict":0.311,"player_chunk":0.016,"prune":0.001,"publish":0.004,"queue_pages":7.055,"spawn":0.002,"wrap":0.009}
STREAMING_STEP_TIMING total=10.66ms {"drain_packets":0.007,"drain_pages":0.004,"enqueue":3.355,"evict":0.294,"player_chunk":0.013,"prune":0.002,"publish":0.003,"queue_pages":6.971,"spawn":0.002,"wrap":0.008}
STREAMING_STEP_TIMING total=10.54ms {"drain_packets":0.005,"drain_pages":0.003,"enqueue":3.247,"evict":0.29,"player_chunk":0.016,"prune":0.001,"publish":0.004,"queue_pages":6.963,"spawn":0.002,"wrap":0.008}
STREAMING_STEP_TIMING total=10.48ms {"drain_packets":0.006,"drain_pages":0.004,"enqueue":3.291,"evict":0.283,"player_chunk":0.013,"prune":0.003,"publish":0.003,"queue_pages":6.869,"spawn":0.002,"wrap":0.007}
STREAMING_STEP_TIMING total=10.45ms {"drain_packets":0.007,"drain_pages":0.005,"enqueue":3.25,"evict":0.283,"player_chunk":0.015,"prune":0.002,"publish":0.004,"queue_pages":6.872,"spawn":0.002,"wrap":0.006}
STREAMING_STEP_TIMING total=10.61ms {"drain_packets":0.004,"drain_pages":0.004,"enqueue":3.267,"evict":0.346,"player_chunk":0.013,"prune":0.002,"publish":0.005,"queue_pages":6.961,"spawn":0.001,"wrap":0.007}
STREAMING_STEP_TIMING total=10.53ms {"drain_packets":0.005,"drain_pages":0.005,"enqueue":3.28,"evict":0.283,"player_chunk":0.017,"prune":0.002,"publish":0.002,"queue_pages":6.925,"spawn":0.002,"wrap":0.009}
STREAMING_STEP_TIMING total=10.58ms {"drain_packets":0.006,"drain_pages":0.005,"enqueue":3.308,"evict":0.282,"player_chunk":0.013,"prune":0.002,"publish":0.004,"queue_pages":6.952,"spawn":0.001,"wrap":0.008}
STREAMING_STEP_TIMING total=10.67ms {"drain_packets":0.005,"drain_pages":0.003,"enqueue":3.265,"evict":0.307,"player_chunk":0.014,"prune":0.001,"publish":0.006,"queue_pages":7.055,"spawn":0.001,"wrap":0.008}
STREAMING_STEP_TIMING total=10.55ms {"drain_packets":0.005,"drain_pages":0.005,"enqueue":3.305,"evict":0.287,"player_chunk":0.013,"prune":0.002,"publish":0.003,"queue_pages":6.919,"spawn":0.002,"wrap":0.008}
STREAMING_STEP_TIMING total=10.71ms {"drain_packets":0.008,"drain_pages":0.005,"enqueue":3.367,"evict":0.298,"player_chunk":0.013,"prune":0.004,"publish":0.003,"queue_pages":7.003,"spawn":0.001,"wrap":0.008}
STREAMING_STEP_TIMING total=11.16ms {"drain_packets":0.006,"drain_pages":0.005,"enqueue":3.281,"evict":0.362,"player_chunk":0.013,"prune":0.002,"publish":0.007,"queue_pages":7.478,"spawn":0.001,"wrap":0.007}
STREAMING_STEP_TIMING total=12.71ms {"drain_packets":0.007,"drain_pages":0.005,"enqueue":4.114,"evict":0.358,"player_chunk":0.018,"prune":0.002,"publish":0.006,"queue_pages":8.189,"spawn":0.001,"wrap":0.007}
STREAMING_STEP_TIMING total=12.49ms {"drain_packets":0.007,"drain_pages":0.006,"enqueue":4.047,"evict":0.34,"player_chunk":0.015,"prune":0.003,"publish":0.003,"queue_pages":8.053,"spawn":0.002,"wrap":0.009}
STREAMING_STEP_TIMING total=12.62ms {"drain_packets":0.009,"drain_pages":0.006,"enqueue":4.198,"evict":0.343,"player_chunk":0.012,"prune":0.005,"publish":0.003,"queue_pages":8.036,"spawn":0.002,"wrap":0.007}
STREAMING_STEP_TIMING total=11.52ms {"drain_packets":0.006,"drain_pages":0.005,"enqueue":4.04,"evict":0.296,"player_chunk":0.015,"prune":0.002,"publish":0.006,"queue_pages":7.137,"spawn":0.002,"wrap":0.009}
STREAMING_STEP_TIMING total=11.04ms {"drain_packets":0.006,"drain_pages":0.005,"enqueue":3.297,"evict":0.299,"player_chunk":0.018,"prune":0.002,"publish":0.006,"queue_pages":7.397,"spawn":0.002,"wrap":0.009}
STREAMING_STEP_TIMING total=10.41ms {"drain_packets":0.008,"drain_pages":0.005,"enqueue":3.242,"evict":0.281,"player_chunk":0.015,"prune":0.002,"publish":0.004,"queue_pages":6.839,"spawn":0.002,"wrap":0.008}
STREAMING_STEP_TIMING total=10.89ms {"drain_packets":0.011,"drain_pages":0.008,"enqueue":3.475,"evict":0.293,"player_chunk":0.02,"prune":0.005,"publish":0.005,"queue_pages":7.06,"spawn":0.001,"wrap":0.01}
STREAMING_STEP_TIMING total=12.42ms {"drain_packets":0.005,"drain_pages":0.005,"enqueue":3.331,"evict":0.453,"player_chunk":0.014,"prune":0.003,"publish":0.008,"queue_pages":8.586,"spawn":0.002,"wrap":0.008}
STREAMING_STEP_TIMING total=13.04ms {"drain_packets":0.008,"drain_pages":0.006,"enqueue":4.64,"evict":0.34,"player_chunk":0.024,"prune":0.003,"publish":0.005,"queue_pages":7.994,"spawn":0.003,"wrap":0.01}
STREAMING_STEP_TIMING total=10.44ms {"drain_packets":0.006,"drain_pages":0.004,"enqueue":3.262,"evict":0.276,"player_chunk":0.013,"prune":0.002,"publish":0.002,"queue_pages":6.861,"spawn":0.002,"wrap":0.009}
STREAMING_STEP_TIMING total=10.44ms {"drain_packets":0.005,"drain_pages":0.003,"enqueue":3.265,"evict":0.292,"player_chunk":0.012,"prune":0.002,"publish":0.003,"queue_pages":6.845,"spawn":0.002,"wrap":0.007}
STREAMING_STEP_TIMING total=10.48ms {"drain_packets":0.005,"drain_pages":0.004,"enqueue":3.246,"evict":0.285,"player_chunk":0.012,"prune":0.001,"publish":0.004,"queue_pages":6.91,"spawn":0.002,"wrap":0.008}
STREAMING_STEP_TIMING total=12.68ms {"drain_packets":0.008,"drain_pages":0.006,"enqueue":4.11,"evict":0.294,"player_chunk":0.018,"prune":0.003,"publish":0.004,"queue_pages":8.219,"spawn":0.002,"wrap":0.011}
STREAMING_STEP_TIMING total=10.55ms {"drain_packets":0.007,"drain_pages":0.007,"enqueue":3.284,"evict":0.284,"player_chunk":0.013,"prune":0.004,"publish":0.004,"queue_pages":6.939,"spawn":0.002,"wrap":0.007}
STREAMING_STEP_TIMING total=10.75ms {"drain_packets":0.005,"drain_pages":0.004,"enqueue":3.329,"evict":0.297,"player_chunk":0.016,"prune":0.002,"publish":0.005,"queue_pages":7.075,"spawn":0.002,"wrap":0.01}
STREAMING_STEP_TIMING total=10.55ms {"drain_packets":0.005,"drain_pages":0.005,"enqueue":3.31,"evict":0.281,"player_chunk":0.013,"prune":0.002,"publish":0.002,"queue_pages":6.922,"spawn":0.002,"wrap":0.008}
STREAMING_STEP_TIMING total=10.76ms {"drain_packets":0.005,"drain_pages":0.005,"enqueue":3.318,"evict":0.29,"player_chunk":0.013,"prune":0.002,"publish":0.004,"queue_pages":7.115,"spawn":0.002,"wrap":0.006}
STREAMING_STEP_TIMING total=10.51ms {"drain_packets":0.006,"drain_pages":0.005,"enqueue":3.261,"evict":0.277,"player_chunk":0.013,"prune":0.002,"publish":0.003,"queue_pages":6.928,"spawn":0.002,"wrap":0.007}
STREAMING_STEP_TIMING total=10.47ms {"drain_packets":0.005,"drain_pages":0.005,"enqueue":3.26,"evict":0.281,"player_chunk":0.016,"prune":0.002,"publish":0.003,"queue_pages":6.887,"spawn":0.001,"wrap":0.009}
STREAMING_STEP_TIMING total=10.78ms {"drain_packets":0.005,"drain_pages":0.004,"enqueue":3.311,"evict":0.29,"player_chunk":0.012,"prune":0.001,"publish":0.005,"queue_pages":7.142,"spawn":0.002,"wrap":0.006}
STREAMING_STEP_TIMING total=10.48ms {"drain_packets":0.006,"drain_pages":0.004,"enqueue":3.272,"evict":0.28,"player_chunk":0.022,"prune":0.001,"publish":0.003,"queue_pages":6.879,"spawn":0.002,"wrap":0.009}
STREAMING_STEP_TIMING total=10.52ms {"drain_packets":0.006,"drain_pages":0.005,"enqueue":3.306,"evict":0.286,"player_chunk":0.012,"prune":0.002,"publish":0.004,"queue_pages":6.889,"spawn":0.001,"wrap":0.007}
STREAMING_STEP_TIMING total=10.51ms {"drain_packets":0.005,"drain_pages":0.004,"enqueue":3.271,"evict":0.296,"player_chunk":0.015,"prune":0.002,"publish":0.004,"queue_pages":6.896,"spawn":0.002,"wrap":0.01}
STREAMING_STEP_TIMING total=10.90ms {"drain_packets":0.005,"drain_pages":0.005,"enqueue":3.322,"evict":0.461,"player_chunk":0.013,"prune":0.002,"publish":0.004,"queue_pages":7.071,"spawn":0.002,"wrap":0.007}
STREAMING_STEP_TIMING total=10.54ms {"drain_packets":0.006,"drain_pages":0.005,"enqueue":3.342,"evict":0.275,"player_chunk":0.018,"prune":0.003,"publish":0.003,"queue_pages":6.875,"spawn":0.002,"wrap":0.006}
STREAMING_STEP_TIMING total=10.52ms {"drain_packets":0.005,"drain_pages":0.003,"enqueue":3.257,"evict":0.295,"player_chunk":0.011,"prune":0.002,"publish":0.006,"queue_pages":6.932,"spawn":0.002,"wrap":0.007}
STREAMING_STEP_TIMING total=10.50ms {"drain_packets":0.005,"drain_pages":0.004,"enqueue":3.264,"evict":0.284,"player_chunk":0.017,"prune":0.002,"publish":0.004,"queue_pages":6.906,"spawn":0.001,"wrap":0.009}
STREAMING_STEP_TIMING total=10.53ms {"drain_packets":0.007,"drain_pages":0.005,"enqueue":3.361,"evict":0.279,"player_chunk":0.013,"prune":0.003,"publish":0.004,"queue_pages":6.843,"spawn":0.001,"wrap":0.009}
STREAMING_STEP_TIMING total=11.01ms {"drain_packets":0.005,"drain_pages":0.005,"enqueue":3.307,"evict":0.357,"player_chunk":0.017,"prune":0.001,"publish":0.006,"queue_pages":7.302,"spawn":0.001,"wrap":0.01}
[FrameBudget] streaming=11.4ms topology=0.0ms visual=0.0ms spawn=0.0ms total=11.4ms/6.0ms world.streaming_v0=11.4ms(60)
STREAMING_STEP_TIMING total=12.51ms {"drain_packets":0.006,"drain_pages":0.005,"enqueue":4.07,"evict":0.359,"player_chunk":0.015,"prune":0.002,"publish":0.004,"queue_pages":8.032,"spawn":0.002,"wrap":0.008}
STREAMING_STEP_TIMING total=12.47ms {"drain_packets":0.006,"drain_pages":0.005,"enqueue":4.076,"evict":0.337,"player_chunk":0.019,"prune":0.002,"publish":0.003,"queue_pages":8.005,"spawn":0.002,"wrap":0.01}
STREAMING_STEP_TIMING total=12.53ms {"drain_packets":0.008,"drain_pages":0.006,"enqueue":4.061,"evict":0.343,"player_chunk":0.012,"prune":0.004,"publish":0.003,"queue_pages":8.079,"spawn":0.002,"wrap":0.006}
STREAMING_STEP_TIMING total=12.09ms {"drain_packets":0.008,"drain_pages":0.005,"enqueue":4.084,"evict":0.293,"player_chunk":0.017,"prune":0.002,"publish":0.005,"queue_pages":7.664,"spawn":0.002,"wrap":0.006}
STREAMING_STEP_TIMING total=10.91ms {"drain_packets":0.006,"drain_pages":0.005,"enqueue":3.28,"evict":0.363,"player_chunk":0.013,"prune":0.001,"publish":0.007,"queue_pages":7.221,"spawn":0.003,"wrap":0.007}
STREAMING_STEP_TIMING total=12.49ms {"drain_packets":0.007,"drain_pages":0.005,"enqueue":4.059,"evict":0.336,"player_chunk":0.019,"prune":0.002,"publish":0.003,"queue_pages":8.041,"spawn":0.002,"wrap":0.01}
STREAMING_STEP_TIMING total=12.54ms {"drain_packets":0.01,"drain_pages":0.006,"enqueue":4.108,"evict":0.339,"player_chunk":0.015,"prune":0.004,"publish":0.003,"queue_pages":8.043,"spawn":0.002,"wrap":0.009}
STREAMING_STEP_TIMING total=12.59ms {"drain_packets":0.008,"drain_pages":0.006,"enqueue":4.083,"evict":0.346,"player_chunk":0.018,"prune":0.003,"publish":0.005,"queue_pages":8.105,"spawn":0.001,"wrap":0.011}
STREAMING_STEP_TIMING total=12.05ms {"drain_packets":0.005,"drain_pages":0.005,"enqueue":4.062,"evict":0.285,"player_chunk":0.015,"prune":0.002,"publish":0.005,"queue_pages":7.663,"spawn":0.002,"wrap":0.008}
STREAMING_STEP_TIMING total=10.45ms {"drain_packets":0.005,"drain_pages":0.004,"enqueue":3.261,"evict":0.274,"player_chunk":0.017,"prune":0.001,"publish":0.002,"queue_pages":6.876,"spawn":0.001,"wrap":0.009}
STREAMING_STEP_TIMING total=10.53ms {"drain_packets":0.009,"drain_pages":0.005,"enqueue":3.302,"evict":0.281,"player_chunk":0.009,"prune":0.003,"publish":0.003,"queue_pages":6.913,"spawn":0.001,"wrap":0.006}
STREAMING_STEP_TIMING total=10.50ms {"drain_packets":0.004,"drain_pages":0.004,"enqueue":3.317,"evict":0.29,"player_chunk":0.014,"prune":0.002,"publish":0.004,"queue_pages":6.856,"spawn":0.002,"wrap":0.005}
STREAMING_STEP_TIMING total=10.51ms {"drain_packets":0.006,"drain_pages":0.004,"enqueue":3.291,"evict":0.284,"player_chunk":0.013,"prune":0.001,"publish":0.004,"queue_pages":6.899,"spawn":0.002,"wrap":0.007}
STREAMING_STEP_TIMING total=10.57ms {"drain_packets":0.009,"drain_pages":0.005,"enqueue":3.381,"evict":0.287,"player_chunk":0.015,"prune":0.004,"publish":0.005,"queue_pages":6.85,"spawn":0.002,"wrap":0.009}
STREAMING_STEP_TIMING total=10.90ms {"drain_packets":0.006,"drain_pages":0.005,"enqueue":3.325,"evict":0.33,"player_chunk":0.014,"prune":0.003,"publish":0.005,"queue_pages":7.202,"spawn":0.002,"wrap":0.008}
STREAMING_STEP_TIMING total=10.51ms {"drain_packets":0.005,"drain_pages":0.005,"enqueue":3.245,"evict":0.284,"player_chunk":0.018,"prune":0.002,"publish":0.003,"queue_pages":6.937,"spawn":0.002,"wrap":0.009}
STREAMING_STEP_TIMING total=10.83ms {"drain_packets":0.009,"drain_pages":0.005,"enqueue":3.614,"evict":0.279,"player_chunk":0.013,"prune":0.005,"publish":0.003,"queue_pages":6.894,"spawn":0.001,"wrap":0.008}
STREAMING_STEP_TIMING total=14.48ms {"drain_packets":0.012,"drain_pages":0.007,"enqueue":5.131,"evict":0.303,"player_chunk":0.016,"prune":0.006,"publish":0.006,"queue_pages":8.983,"spawn":0.002,"wrap":0.009}
STREAMING_STEP_TIMING total=10.73ms {"drain_packets":0.007,"drain_pages":0.005,"enqueue":3.315,"evict":0.297,"player_chunk":0.013,"prune":0.002,"publish":0.006,"queue_pages":7.071,"spawn":0.002,"wrap":0.008}
STREAMING_STEP_TIMING total=10.60ms {"drain_packets":0.006,"drain_pages":0.004,"enqueue":3.294,"evict":0.293,"player_chunk":0.017,"prune":0.002,"publish":0.005,"queue_pages":6.965,"spawn":0.002,"wrap":0.006}
STREAMING_STEP_TIMING total=10.62ms {"drain_packets":0.006,"drain_pages":0.005,"enqueue":3.404,"evict":0.286,"player_chunk":0.014,"prune":0.003,"publish":0.004,"queue_pages":6.882,"spawn":0.001,"wrap":0.008}
STREAMING_STEP_TIMING total=10.45ms {"drain_packets":0.007,"drain_pages":0.005,"enqueue":3.309,"evict":0.288,"player_chunk":0.016,"prune":0.003,"publish":0.006,"queue_pages":6.804,"spawn":0.002,"wrap":0.009}
STREAMING_STEP_TIMING total=10.34ms {"drain_packets":0.006,"drain_pages":0.004,"enqueue":3.281,"evict":0.287,"player_chunk":0.012,"prune":0.003,"publish":0.004,"queue_pages":6.733,"spawn":0.002,"wrap":0.008}
STREAMING_STEP_TIMING total=10.82ms {"drain_packets":0.011,"drain_pages":0.006,"enqueue":3.508,"evict":0.321,"player_chunk":0.015,"prune":0.005,"publish":0.005,"queue_pages":6.932,"spawn":0.001,"wrap":0.009}
STREAMING_STEP_TIMING total=10.62ms {"drain_packets":0.006,"drain_pages":0.005,"enqueue":3.283,"evict":0.291,"player_chunk":0.014,"prune":0.002,"publish":0.005,"queue_pages":7.0,"spawn":0.002,"wrap":0.008}
STREAMING_STEP_TIMING total=10.43ms {"drain_packets":0.006,"drain_pages":0.005,"enqueue":3.29,"evict":0.283,"player_chunk":0.017,"prune":0.002,"publish":0.004,"queue_pages":6.807,"spawn":0.002,"wrap":0.01}
STREAMING_STEP_TIMING total=10.68ms {"drain_packets":0.007,"drain_pages":0.006,"enqueue":3.3,"evict":0.294,"player_chunk":0.013,"prune":0.002,"publish":0.005,"queue_pages":7.041,"spawn":0.002,"wrap":0.008}
STREAMING_STEP_TIMING total=10.74ms {"drain_packets":0.006,"drain_pages":0.004,"enqueue":3.283,"evict":0.297,"player_chunk":0.015,"prune":0.001,"publish":0.005,"queue_pages":7.118,"spawn":0.002,"wrap":0.006}
STREAMING_STEP_TIMING total=10.57ms {"drain_packets":0.007,"drain_pages":0.004,"enqueue":3.365,"evict":0.279,"player_chunk":0.014,"prune":0.003,"publish":0.004,"queue_pages":6.879,"spawn":0.002,"wrap":0.008}
STREAMING_STEP_TIMING total=10.66ms {"drain_packets":0.005,"drain_pages":0.005,"enqueue":3.272,"evict":0.296,"player_chunk":0.016,"prune":0.002,"publish":0.006,"queue_pages":7.05,"spawn":0.001,"wrap":0.009}
STREAMING_STEP_TIMING total=10.70ms {"drain_packets":0.006,"drain_pages":0.005,"enqueue":3.333,"evict":0.301,"player_chunk":0.013,"prune":0.002,"publish":0.006,"queue_pages":7.025,"spawn":0.002,"wrap":0.008}
STREAMING_STEP_TIMING total=10.40ms {"drain_packets":0.007,"drain_pages":0.005,"enqueue":3.309,"evict":0.272,"player_chunk":0.018,"prune":0.002,"publish":0.003,"queue_pages":6.768,"spawn":0.002,"wrap":0.009}
STREAMING_STEP_TIMING total=10.39ms {"drain_packets":0.005,"drain_pages":0.004,"enqueue":3.244,"evict":0.287,"player_chunk":0.012,"prune":0.001,"publish":0.005,"queue_pages":6.821,"spawn":0.001,"wrap":0.007}
STREAMING_STEP_TIMING total=10.33ms {"drain_packets":0.005,"drain_pages":0.004,"enqueue":3.244,"evict":0.283,"player_chunk":0.017,"prune":0.002,"publish":0.003,"queue_pages":6.76,"spawn":0.001,"wrap":0.01}
STREAMING_STEP_TIMING total=10.48ms {"drain_packets":0.008,"drain_pages":0.005,"enqueue":3.347,"evict":0.284,"player_chunk":0.013,"prune":0.005,"publish":0.003,"queue_pages":6.808,"spawn":0.002,"wrap":0.007}
STREAMING_STEP_TIMING total=10.54ms {"drain_packets":0.006,"drain_pages":0.005,"enqueue":3.313,"evict":0.308,"player_chunk":0.016,"prune":0.002,"publish":0.004,"queue_pages":6.88,"spawn":0.001,"wrap":0.007}
STREAMING_STEP_TIMING total=10.58ms {"drain_packets":0.006,"drain_pages":0.004,"enqueue":3.245,"evict":0.362,"player_chunk":0.013,"prune":0.002,"publish":0.005,"queue_pages":6.93,"spawn":0.002,"wrap":0.008}
STREAMING_STEP_TIMING total=10.44ms {"drain_packets":0.007,"drain_pages":0.004,"enqueue":3.259,"evict":0.28,"player_chunk":0.018,"prune":0.002,"publish":0.004,"queue_pages":6.853,"spawn":0.002,"wrap":0.01}
STREAMING_STEP_TIMING total=10.59ms {"drain_packets":0.006,"drain_pages":0.005,"enqueue":3.275,"evict":0.293,"player_chunk":0.013,"prune":0.003,"publish":0.006,"queue_pages":6.981,"spawn":0.002,"wrap":0.007}
STREAMING_STEP_TIMING total=10.71ms {"drain_packets":0.006,"drain_pages":0.004,"enqueue":3.289,"evict":0.305,"player_chunk":0.016,"prune":0.002,"publish":0.012,"queue_pages":7.062,"spawn":0.002,"wrap":0.01}
STREAMING_STEP_TIMING total=10.54ms {"drain_packets":0.006,"drain_pages":0.005,"enqueue":3.367,"evict":0.279,"player_chunk":0.014,"prune":0.003,"publish":0.003,"queue_pages":6.852,"spawn":0.002,"wrap":0.009}
STREAMING_STEP_TIMING total=10.82ms {"drain_packets":0.006,"drain_pages":0.004,"enqueue":3.316,"evict":0.292,"player_chunk":0.014,"prune":0.002,"publish":0.006,"queue_pages":7.165,"spawn":0.002,"wrap":0.008}
STREAMING_STEP_TIMING total=10.63ms {"drain_packets":0.005,"drain_pages":0.004,"enqueue":3.233,"evict":0.345,"player_chunk":0.013,"prune":0.002,"publish":0.005,"queue_pages":7.01,"spawn":0.002,"wrap":0.007}
STREAMING_STEP_TIMING total=10.78ms {"drain_packets":0.008,"drain_pages":0.006,"enqueue":3.562,"evict":0.285,"player_chunk":0.015,"prune":0.004,"publish":0.004,"queue_pages":6.886,"spawn":0.002,"wrap":0.007}
STREAMING_STEP_TIMING total=16.21ms {"drain_packets":0.011,"drain_pages":0.007,"enqueue":5.138,"evict":0.446,"player_chunk":0.013,"prune":0.005,"publish":0.006,"queue_pages":10.569,"spawn":0.002,"wrap":0.008}
STREAMING_STEP_TIMING total=10.89ms {"drain_packets":0.01,"drain_pages":0.006,"enqueue":3.509,"evict":0.29,"player_chunk":0.024,"prune":0.004,"publish":0.005,"queue_pages":7.022,"spawn":0.002,"wrap":0.014}
STREAMING_STEP_TIMING total=10.60ms {"drain_packets":0.006,"drain_pages":0.005,"enqueue":3.315,"evict":0.285,"player_chunk":0.014,"prune":0.002,"publish":0.005,"queue_pages":6.955,"spawn":0.002,"wrap":0.008}
STREAMING_STEP_TIMING total=11.01ms {"drain_packets":0.008,"drain_pages":0.005,"enqueue":3.381,"evict":0.359,"player_chunk":0.018,"prune":0.003,"publish":0.007,"queue_pages":7.22,"spawn":0.001,"wrap":0.011}
STREAMING_STEP_TIMING total=11.16ms {"drain_packets":0.006,"drain_pages":0.005,"enqueue":3.352,"evict":0.297,"player_chunk":0.016,"prune":0.003,"publish":0.005,"queue_pages":7.461,"spawn":0.002,"wrap":0.009}
STREAMING_STEP_TIMING total=10.45ms {"drain_packets":0.007,"drain_pages":0.005,"enqueue":3.282,"evict":0.288,"player_chunk":0.018,"prune":0.003,"publish":0.004,"queue_pages":6.824,"spawn":0.002,"wrap":0.011}
STREAMING_STEP_TIMING total=10.56ms {"drain_packets":0.008,"drain_pages":0.006,"enqueue":3.409,"evict":0.283,"player_chunk":0.02,"prune":0.003,"publish":0.005,"queue_pages":6.81,"spawn":0.003,"wrap":0.014}
STREAMING_STEP_TIMING total=10.50ms {"drain_packets":0.006,"drain_pages":0.006,"enqueue":3.281,"evict":0.287,"player_chunk":0.017,"prune":0.002,"publish":0.004,"queue_pages":6.887,"spawn":0.002,"wrap":0.006}
STREAMING_STEP_TIMING total=10.95ms {"drain_packets":0.008,"drain_pages":0.005,"enqueue":3.305,"evict":0.305,"player_chunk":0.024,"prune":0.003,"publish":0.007,"queue_pages":7.264,"spawn":0.006,"wrap":0.017}
STREAMING_STEP_TIMING total=10.99ms {"drain_packets":0.009,"drain_pages":0.005,"enqueue":3.521,"evict":0.293,"player_chunk":0.023,"prune":0.005,"publish":0.006,"queue_pages":7.116,"spawn":0.001,"wrap":0.01}
STREAMING_STEP_TIMING total=10.56ms {"drain_packets":0.008,"drain_pages":0.006,"enqueue":3.354,"evict":0.286,"player_chunk":0.018,"prune":0.003,"publish":0.004,"queue_pages":6.875,"spawn":0.002,"wrap":0.007}
STREAMING_STEP_TIMING total=10.82ms {"drain_packets":0.005,"drain_pages":0.004,"enqueue":3.264,"evict":0.295,"player_chunk":0.017,"prune":0.001,"publish":0.005,"queue_pages":7.22,"spawn":0.002,"wrap":0.009}
STREAMING_STEP_TIMING total=10.58ms {"drain_packets":0.005,"drain_pages":0.004,"enqueue":3.333,"evict":0.279,"player_chunk":0.013,"prune":0.002,"publish":0.003,"queue_pages":6.932,"spawn":0.002,"wrap":0.009}
STREAMING_STEP_TIMING total=10.48ms {"drain_packets":0.005,"drain_pages":0.004,"enqueue":3.309,"evict":0.29,"player_chunk":0.01,"prune":0.001,"publish":0.005,"queue_pages":6.853,"spawn":0.001,"wrap":0.006}
STREAMING_STEP_TIMING total=10.53ms {"drain_packets":0.005,"drain_pages":0.004,"enqueue":3.293,"evict":0.289,"player_chunk":0.016,"prune":0.002,"publish":0.005,"queue_pages":6.904,"spawn":0.001,"wrap":0.008}
STREAMING_STEP_TIMING total=10.43ms {"drain_packets":0.006,"drain_pages":0.005,"enqueue":3.343,"evict":0.27,"player_chunk":0.021,"prune":0.002,"publish":0.002,"queue_pages":6.772,"spawn":0.002,"wrap":0.006}
STREAMING_STEP_TIMING total=10.50ms {"drain_packets":0.004,"drain_pages":0.003,"enqueue":3.267,"evict":0.293,"player_chunk":0.011,"prune":0.002,"publish":0.006,"queue_pages":6.904,"spawn":0.001,"wrap":0.006}
STREAMING_STEP_TIMING total=10.41ms {"drain_packets":0.005,"drain_pages":0.004,"enqueue":3.243,"evict":0.288,"player_chunk":0.018,"prune":0.002,"publish":0.004,"queue_pages":6.837,"spawn":0.002,"wrap":0.01}
STREAMING_STEP_TIMING total=11.26ms {"drain_packets":0.009,"drain_pages":0.005,"enqueue":4.079,"evict":0.275,"player_chunk":0.014,"prune":0.004,"publish":0.003,"queue_pages":6.861,"spawn":0.002,"wrap":0.008}
STREAMING_STEP_TIMING total=10.62ms {"drain_packets":0.005,"drain_pages":0.003,"enqueue":3.266,"evict":0.292,"player_chunk":0.017,"prune":0.001,"publish":0.006,"queue_pages":7.014,"spawn":0.001,"wrap":0.009}
STREAMING_STEP_TIMING total=11.29ms {"drain_packets":0.006,"drain_pages":0.005,"enqueue":3.277,"evict":0.462,"player_chunk":0.015,"prune":0.002,"publish":0.007,"queue_pages":7.5,"spawn":0.002,"wrap":0.008}
STREAMING_STEP_TIMING total=15.14ms {"drain_packets":0.01,"drain_pages":0.007,"enqueue":5.245,"evict":0.301,"player_chunk":0.024,"prune":0.004,"publish":0.006,"queue_pages":9.527,"spawn":0.003,"wrap":0.014}
STREAMING_STEP_TIMING total=10.72ms {"drain_packets":0.007,"drain_pages":0.005,"enqueue":3.35,"evict":0.285,"player_chunk":0.014,"prune":0.003,"publish":0.003,"queue_pages":7.044,"spawn":0.002,"wrap":0.008}
STREAMING_STEP_TIMING total=10.75ms {"drain_packets":0.005,"drain_pages":0.004,"enqueue":3.342,"evict":0.285,"player_chunk":0.013,"prune":0.002,"publish":0.003,"queue_pages":7.086,"spawn":0.002,"wrap":0.006}
STREAMING_STEP_TIMING total=10.56ms {"drain_packets":0.006,"drain_pages":0.004,"enqueue":3.298,"evict":0.295,"player_chunk":0.013,"prune":0.001,"publish":0.005,"queue_pages":6.925,"spawn":0.001,"wrap":0.009}
STREAMING_STEP_TIMING total=10.57ms {"drain_packets":0.006,"drain_pages":0.005,"enqueue":3.281,"evict":0.279,"player_chunk":0.018,"prune":0.003,"publish":0.003,"queue_pages":6.965,"spawn":0.002,"wrap":0.01}
STREAMING_STEP_TIMING total=10.81ms {"drain_packets":0.005,"drain_pages":0.004,"enqueue":3.344,"evict":0.294,"player_chunk":0.013,"prune":0.001,"publish":0.005,"queue_pages":7.136,"spawn":0.002,"wrap":0.008}
STREAMING_STEP_TIMING total=10.61ms {"drain_packets":0.004,"drain_pages":0.005,"enqueue":3.365,"evict":0.292,"player_chunk":0.016,"prune":0.002,"publish":0.005,"queue_pages":6.904,"spawn":0.002,"wrap":0.01}
STREAMING_STEP_TIMING total=10.95ms {"drain_packets":0.008,"drain_pages":0.005,"enqueue":3.294,"evict":0.404,"player_chunk":0.013,"prune":0.003,"publish":0.01,"queue_pages":7.203,"spawn":0.002,"wrap":0.008}
STREAMING_STEP_TIMING total=13.46ms {"drain_packets":0.013,"drain_pages":0.008,"enqueue":3.856,"evict":0.511,"player_chunk":0.019,"prune":0.006,"publish":0.008,"queue_pages":9.019,"spawn":0.002,"wrap":0.01}
STREAMING_STEP_TIMING total=12.59ms {"drain_packets":0.011,"drain_pages":0.006,"enqueue":4.092,"evict":0.354,"player_chunk":0.017,"prune":0.009,"publish":0.006,"queue_pages":8.078,"spawn":0.003,"wrap":0.011}
STREAMING_STEP_TIMING total=12.54ms {"drain_packets":0.008,"drain_pages":0.005,"enqueue":4.112,"evict":0.346,"player_chunk":0.019,"prune":0.003,"publish":0.006,"queue_pages":8.031,"spawn":0.002,"wrap":0.007}
STREAMING_STEP_TIMING total=12.11ms {"drain_packets":0.009,"drain_pages":0.006,"enqueue":4.165,"evict":0.285,"player_chunk":0.016,"prune":0.003,"publish":0.004,"queue_pages":7.611,"spawn":0.002,"wrap":0.009}
STREAMING_STEP_TIMING total=10.66ms {"drain_packets":0.006,"drain_pages":0.004,"enqueue":3.322,"evict":0.283,"player_chunk":0.017,"prune":0.002,"publish":0.004,"queue_pages":7.005,"spawn":0.002,"wrap":0.01}
STREAMING_STEP_TIMING total=10.56ms {"drain_packets":0.005,"drain_pages":0.004,"enqueue":3.286,"evict":0.286,"player_chunk":0.013,"prune":0.002,"publish":0.004,"queue_pages":6.947,"spawn":0.002,"wrap":0.007}
STREAMING_STEP_TIMING total=10.36ms {"drain_packets":0.006,"drain_pages":0.004,"enqueue":3.272,"evict":0.274,"player_chunk":0.016,"prune":0.002,"publish":0.003,"queue_pages":6.77,"spawn":0.002,"wrap":0.009}
STREAMING_STEP_TIMING total=10.38ms {"drain_packets":0.008,"drain_pages":0.006,"enqueue":3.248,"evict":0.279,"player_chunk":0.011,"prune":0.004,"publish":0.004,"queue_pages":6.812,"spawn":0.001,"wrap":0.006}
STREAMING_STEP_TIMING total=10.47ms {"drain_packets":0.005,"drain_pages":0.003,"enqueue":3.291,"evict":0.286,"player_chunk":0.016,"prune":0.002,"publish":0.003,"queue_pages":6.846,"spawn":0.002,"wrap":0.009}
STREAMING_STEP_TIMING total=10.43ms {"drain_packets":0.006,"drain_pages":0.005,"enqueue":3.289,"evict":0.277,"player_chunk":0.013,"prune":0.004,"publish":0.003,"queue_pages":6.826,"spawn":0.002,"wrap":0.007}
STREAMING_STEP_TIMING total=10.48ms {"drain_packets":0.007,"drain_pages":0.005,"enqueue":3.255,"evict":0.284,"player_chunk":0.015,"prune":0.002,"publish":0.003,"queue_pages":6.897,"spawn":0.002,"wrap":0.005}
STREAMING_STEP_TIMING total=10.49ms {"drain_packets":0.005,"drain_pages":0.003,"enqueue":3.266,"evict":0.292,"player_chunk":0.023,"prune":0.002,"publish":0.005,"queue_pages":6.881,"spawn":0.002,"wrap":0.012}
STREAMING_STEP_TIMING total=10.43ms {"drain_packets":0.006,"drain_pages":0.004,"enqueue":3.29,"evict":0.276,"player_chunk":0.016,"prune":0.002,"publish":0.003,"queue_pages":6.82,"spawn":0.001,"wrap":0.009}
STREAMING_STEP_TIMING total=10.67ms {"drain_packets":0.004,"drain_pages":0.004,"enqueue":3.266,"evict":0.295,"player_chunk":0.012,"prune":0.002,"publish":0.005,"queue_pages":7.074,"spawn":0.002,"wrap":0.007}
STREAMING_STEP_TIMING total=10.75ms {"drain_packets":0.006,"drain_pages":0.004,"enqueue":3.284,"evict":0.379,"player_chunk":0.017,"prune":0.002,"publish":0.008,"queue_pages":7.04,"spawn":0.002,"wrap":0.009}
STREAMING_STEP_TIMING total=12.37ms {"drain_packets":0.007,"drain_pages":0.005,"enqueue":4.046,"evict":0.332,"player_chunk":0.014,"prune":0.001,"publish":0.003,"queue_pages":7.954,"spawn":0.002,"wrap":0.009}
STREAMING_STEP_TIMING total=12.52ms {"drain_packets":0.009,"drain_pages":0.005,"enqueue":4.171,"evict":0.33,"player_chunk":0.012,"prune":0.004,"publish":0.003,"queue_pages":7.977,"spawn":0.001,"wrap":0.007}
STREAMING_STEP_TIMING total=22.99ms {"drain_packets":0.008,"drain_pages":0.006,"enqueue":4.114,"evict":0.234,"player_chunk":0.014,"prune":0.075,"publish":10.832,"queue_pages":7.694,"spawn":0.002,"wrap":0.008}
STREAMING_STEP_TIMING total=24.44ms {"drain_packets":0.364,"drain_pages":0.005,"enqueue":3.316,"evict":0.221,"player_chunk":0.013,"prune":0.026,"publish":12.23,"queue_pages":8.257,"spawn":0.002,"wrap":0.006}
STREAMING_STEP_TIMING total=25.90ms {"drain_packets":0.055,"drain_pages":0.006,"enqueue":3.308,"evict":0.273,"player_chunk":0.013,"prune":0.023,"publish":13.89,"queue_pages":8.323,"spawn":0.002,"wrap":0.007}
STREAMING_STEP_TIMING total=14.32ms {"drain_packets":0.069,"drain_pages":0.007,"enqueue":4.506,"evict":0.27,"player_chunk":0.015,"prune":0.026,"publish":0.133,"queue_pages":9.276,"spawn":0.002,"wrap":0.009}
STREAMING_STEP_TIMING total=12.14ms {"drain_packets":0.07,"drain_pages":0.005,"enqueue":3.964,"evict":0.228,"player_chunk":0.016,"prune":0.022,"publish":0.111,"queue_pages":7.705,"spawn":0.002,"wrap":0.01}
STREAMING_STEP_TIMING total=15.42ms {"drain_packets":0.079,"drain_pages":0.007,"enqueue":6.376,"evict":0.259,"player_chunk":0.025,"prune":0.023,"publish":0.137,"queue_pages":8.5,"spawn":0.002,"wrap":0.01}
STREAMING_STEP_TIMING total=18.84ms {"drain_packets":0.427,"drain_pages":0.01,"enqueue":6.085,"evict":0.373,"player_chunk":0.016,"prune":0.033,"publish":0.162,"queue_pages":11.725,"spawn":0.002,"wrap":0.008}
STREAMING_STEP_TIMING total=15.29ms {"drain_packets":0.079,"drain_pages":0.007,"enqueue":4.943,"evict":0.384,"player_chunk":0.017,"prune":0.028,"publish":0.14,"queue_pages":9.682,"spawn":0.003,"wrap":0.009}
STREAMING_STEP_TIMING total=17.57ms {"drain_packets":0.084,"drain_pages":0.007,"enqueue":5.06,"evict":0.291,"player_chunk":0.018,"prune":0.034,"publish":0.122,"queue_pages":11.942,"spawn":0.003,"wrap":0.011}
STREAMING_STEP_TIMING total=17.22ms {"drain_packets":0.018,"drain_pages":0.009,"enqueue":5.357,"evict":0.446,"player_chunk":0.037,"prune":0.046,"publish":0.167,"queue_pages":11.111,"spawn":0.004,"wrap":0.022}
STREAMING_STEP_TIMING total=16.90ms {"drain_packets":0.012,"drain_pages":0.038,"enqueue":5.287,"evict":0.434,"player_chunk":0.02,"prune":0.036,"publish":0.165,"queue_pages":10.894,"spawn":0.003,"wrap":0.012}
STREAMING_STEP_TIMING total=17.09ms {"drain_packets":0.011,"drain_pages":0.007,"enqueue":5.512,"evict":0.43,"player_chunk":0.03,"prune":0.035,"publish":0.164,"queue_pages":10.879,"spawn":0.003,"wrap":0.012}
STREAMING_STEP_TIMING total=16.91ms {"drain_packets":0.01,"drain_pages":0.007,"enqueue":5.373,"evict":0.425,"player_chunk":0.018,"prune":0.034,"publish":0.16,"queue_pages":10.864,"spawn":0.003,"wrap":0.012}
STREAMING_STEP_TIMING total=17.08ms {"drain_packets":0.011,"drain_pages":0.006,"enqueue":5.279,"evict":0.586,"player_chunk":0.025,"prune":0.034,"publish":0.162,"queue_pages":10.955,"spawn":0.002,"wrap":0.016}
STREAMING_STEP_TIMING total=16.46ms {"drain_packets":0.009,"drain_pages":0.007,"enqueue":4.949,"evict":0.427,"player_chunk":0.017,"prune":0.028,"publish":0.163,"queue_pages":10.845,"spawn":0.003,"wrap":0.01}
STREAMING_STEP_TIMING total=17.84ms {"drain_packets":0.01,"drain_pages":0.007,"enqueue":5.271,"evict":0.431,"player_chunk":0.025,"prune":0.033,"publish":0.161,"queue_pages":11.877,"spawn":0.002,"wrap":0.014}
STREAMING_STEP_TIMING total=16.43ms {"drain_packets":0.01,"drain_pages":0.007,"enqueue":5.185,"evict":0.349,"player_chunk":0.02,"prune":0.032,"publish":0.172,"queue_pages":10.642,"spawn":0.003,"wrap":0.012}
STREAMING_STEP_TIMING total=15.65ms {"drain_packets":0.012,"drain_pages":0.008,"enqueue":5.362,"evict":0.422,"player_chunk":0.02,"prune":0.037,"publish":0.145,"queue_pages":9.629,"spawn":0.002,"wrap":0.008}
STREAMING_STEP_TIMING total=18.01ms {"drain_packets":0.009,"drain_pages":0.006,"enqueue":4.889,"evict":0.401,"player_chunk":0.018,"prune":0.027,"publish":0.144,"queue_pages":12.504,"spawn":0.002,"wrap":0.01}
STREAMING_STEP_TIMING total=17.66ms {"drain_packets":0.009,"drain_pages":0.006,"enqueue":4.949,"evict":0.405,"player_chunk":0.022,"prune":0.028,"publish":0.143,"queue_pages":12.083,"spawn":0.003,"wrap":0.012}
STREAMING_STEP_TIMING total=16.53ms {"drain_packets":0.011,"drain_pages":0.008,"enqueue":5.152,"evict":0.411,"player_chunk":0.016,"prune":0.03,"publish":0.144,"queue_pages":10.747,"spawn":0.002,"wrap":0.01}
STREAMING_STEP_TIMING total=28.92ms {"drain_packets":0.012,"drain_pages":0.167,"enqueue":4.964,"evict":0.402,"player_chunk":0.022,"prune":0.035,"publish":11.885,"queue_pages":11.414,"spawn":0.002,"wrap":0.012}
STREAMING_STEP_TIMING total=37.23ms {"drain_packets":0.011,"drain_pages":0.007,"enqueue":4.982,"evict":0.478,"player_chunk":0.026,"prune":0.023,"publish":21.071,"queue_pages":10.615,"spawn":0.002,"wrap":0.015}
STREAMING_STEP_TIMING total=15.23ms {"drain_packets":0.013,"drain_pages":0.008,"enqueue":5.316,"evict":0.367,"player_chunk":0.023,"prune":0.029,"publish":0.239,"queue_pages":9.22,"spawn":0.003,"wrap":0.01}
STREAMING_STEP_TIMING total=18.90ms {"drain_packets":0.008,"drain_pages":0.132,"enqueue":4.211,"evict":0.331,"player_chunk":0.016,"prune":0.019,"publish":5.837,"queue_pages":8.333,"spawn":0.003,"wrap":0.009}
STREAMING_STEP_TIMING total=30.98ms {"drain_packets":0.009,"drain_pages":0.006,"enqueue":4.158,"evict":0.347,"player_chunk":0.02,"prune":0.014,"publish":18.082,"queue_pages":8.323,"spawn":0.002,"wrap":0.011}
STREAMING_STEP_TIMING total=19.16ms {"drain_packets":0.007,"drain_pages":0.005,"enqueue":4.089,"evict":0.284,"player_chunk":0.016,"prune":0.011,"publish":7.199,"queue_pages":7.54,"spawn":0.003,"wrap":0.009}
STREAMING_STEP_TIMING total=31.89ms {"drain_packets":0.008,"drain_pages":0.005,"enqueue":3.379,"evict":0.343,"player_chunk":0.016,"prune":0.01,"publish":20.615,"queue_pages":7.505,"spawn":0.002,"wrap":0.006}
STREAMING_STEP_TIMING total=18.58ms {"drain_packets":0.008,"drain_pages":0.006,"enqueue":4.317,"evict":0.281,"player_chunk":0.016,"prune":0.01,"publish":6.257,"queue_pages":7.676,"spawn":0.002,"wrap":0.009}
STREAMING_STEP_TIMING total=27.46ms {"drain_packets":0.009,"drain_pages":0.006,"enqueue":3.321,"evict":0.298,"player_chunk":0.019,"prune":0.004,"publish":16.804,"queue_pages":6.984,"spawn":0.001,"wrap":0.009}
[FrameBudget] streaming=13.7ms topology=0.0ms visual=0.0ms spawn=0.0ms total=13.7ms/6.0ms world.streaming_v0=13.7ms(60)
STREAMING_STEP_TIMING total=11.17ms {"drain_packets":0.006,"drain_pages":0.005,"enqueue":3.238,"evict":0.298,"player_chunk":0.013,"prune":0.002,"publish":0.006,"queue_pages":7.59,"spawn":0.002,"wrap":0.008}
STREAMING_STEP_TIMING total=10.83ms {"drain_packets":0.005,"drain_pages":0.004,"enqueue":3.31,"evict":0.275,"player_chunk":0.016,"prune":0.002,"publish":0.003,"queue_pages":7.209,"spawn":0.002,"wrap":0.006}
STREAMING_STEP_TIMING total=10.69ms {"drain_packets":0.008,"drain_pages":0.005,"enqueue":3.393,"evict":0.273,"player_chunk":0.013,"prune":0.003,"publish":0.003,"queue_pages":6.979,"spawn":0.002,"wrap":0.008}
STREAMING_STEP_TIMING total=11.04ms {"drain_packets":0.004,"drain_pages":0.003,"enqueue":3.302,"evict":0.295,"player_chunk":0.015,"prune":0.001,"publish":0.006,"queue_pages":7.407,"spawn":0.002,"wrap":0.008}
STREAMING_STEP_TIMING total=10.73ms {"drain_packets":0.006,"drain_pages":0.004,"enqueue":3.276,"evict":0.342,"player_chunk":0.014,"prune":0.002,"publish":0.004,"queue_pages":7.065,"spawn":0.002,"wrap":0.009}
STREAMING_STEP_TIMING total=12.68ms {"drain_packets":0.007,"drain_pages":0.005,"enqueue":4.106,"evict":0.33,"player_chunk":0.016,"prune":0.004,"publish":0.003,"queue_pages":8.194,"spawn":0.002,"wrap":0.009}
STREAMING_STEP_TIMING total=12.67ms {"drain_packets":0.009,"drain_pages":0.006,"enqueue":4.121,"evict":0.333,"player_chunk":0.013,"prune":0.006,"publish":0.004,"queue_pages":8.165,"spawn":0.001,"wrap":0.008}
STREAMING_STEP_TIMING total=12.63ms {"drain_packets":0.005,"drain_pages":0.004,"enqueue":4.059,"evict":0.346,"player_chunk":0.018,"prune":0.002,"publish":0.006,"queue_pages":8.182,"spawn":0.002,"wrap":0.006}
STREAMING_STEP_TIMING total=12.35ms {"drain_packets":0.006,"drain_pages":0.004,"enqueue":4.057,"evict":0.297,"player_chunk":0.015,"prune":0.003,"publish":0.005,"queue_pages":7.948,"spawn":0.002,"wrap":0.009}
STREAMING_STEP_TIMING total=10.74ms {"drain_packets":0.005,"drain_pages":0.004,"enqueue":3.334,"evict":0.279,"player_chunk":0.017,"prune":0.002,"publish":0.003,"queue_pages":7.084,"spawn":0.002,"wrap":0.01}
STREAMING_STEP_TIMING total=10.63ms {"drain_packets":0.009,"drain_pages":0.005,"enqueue":3.294,"evict":0.281,"player_chunk":0.012,"prune":0.004,"publish":0.004,"queue_pages":7.013,"spawn":0.002,"wrap":0.007}
STREAMING_STEP_TIMING total=10.63ms {"drain_packets":0.004,"drain_pages":0.004,"enqueue":3.277,"evict":0.285,"player_chunk":0.016,"prune":0.002,"publish":0.004,"queue_pages":7.021,"spawn":0.001,"wrap":0.009}
STREAMING_STEP_TIMING total=10.54ms {"drain_packets":0.006,"drain_pages":0.004,"enqueue":3.275,"evict":0.276,"player_chunk":0.014,"prune":0.002,"publish":0.002,"queue_pages":6.947,"spawn":0.002,"wrap":0.008}
STREAMING_STEP_TIMING total=10.58ms {"drain_packets":0.006,"drain_pages":0.005,"enqueue":3.263,"evict":0.275,"player_chunk":0.011,"prune":0.004,"publish":0.003,"queue_pages":7.006,"spawn":0.001,"wrap":0.007}
STREAMING_STEP_TIMING total=11.99ms {"drain_packets":0.007,"drain_pages":0.005,"enqueue":3.384,"evict":0.356,"player_chunk":0.013,"prune":0.004,"publish":0.006,"queue_pages":8.207,"spawn":0.002,"wrap":0.007}
STREAMING_STEP_TIMING total=11.83ms {"drain_packets":0.006,"drain_pages":0.005,"enqueue":4.06,"evict":0.285,"player_chunk":0.018,"prune":0.002,"publish":0.004,"queue_pages":7.436,"spawn":0.002,"wrap":0.007}
STREAMING_STEP_TIMING total=10.68ms {"drain_packets":0.006,"drain_pages":0.005,"enqueue":3.265,"evict":0.296,"player_chunk":0.015,"prune":0.002,"publish":0.004,"queue_pages":7.078,"spawn":0.002,"wrap":0.008}
STREAMING_STEP_TIMING total=10.50ms {"drain_packets":0.005,"drain_pages":0.004,"enqueue":3.244,"evict":0.279,"player_chunk":0.016,"prune":0.002,"publish":0.003,"queue_pages":6.932,"spawn":0.001,"wrap":0.01}
STREAMING_STEP_TIMING total=10.49ms {"drain_packets":0.006,"drain_pages":0.004,"enqueue":3.282,"evict":0.271,"player_chunk":0.013,"prune":0.002,"publish":0.003,"queue_pages":6.9,"spawn":0.001,"wrap":0.008}
STREAMING_STEP_TIMING total=10.68ms {"drain_packets":0.008,"drain_pages":0.006,"enqueue":3.289,"evict":0.282,"player_chunk":0.012,"prune":0.002,"publish":0.003,"queue_pages":7.072,"spawn":0.001,"wrap":0.007}
STREAMING_STEP_TIMING total=10.58ms {"drain_packets":0.004,"drain_pages":0.004,"enqueue":3.302,"evict":0.294,"player_chunk":0.011,"prune":0.002,"publish":0.006,"queue_pages":6.946,"spawn":0.002,"wrap":0.007}
STREAMING_STEP_TIMING total=10.47ms {"drain_packets":0.005,"drain_pages":0.005,"enqueue":3.277,"evict":0.269,"player_chunk":0.017,"prune":0.003,"publish":0.003,"queue_pages":6.88,"spawn":0.002,"wrap":0.009}
STREAMING_STEP_TIMING total=10.97ms {"drain_packets":0.007,"drain_pages":0.004,"enqueue":3.249,"evict":0.347,"player_chunk":0.01,"prune":0.003,"publish":0.005,"queue_pages":7.335,"spawn":0.001,"wrap":0.006}
STREAMING_STEP_TIMING total=12.68ms {"drain_packets":0.005,"drain_pages":0.005,"enqueue":4.044,"evict":0.347,"player_chunk":0.017,"prune":0.002,"publish":0.005,"queue_pages":8.242,"spawn":0.001,"wrap":0.007}
STREAMING_STEP_TIMING total=12.69ms {"drain_packets":0.006,"drain_pages":0.005,"enqueue":4.05,"evict":0.346,"player_chunk":0.015,"prune":0.002,"publish":0.005,"queue_pages":8.251,"spawn":0.002,"wrap":0.008}
STREAMING_STEP_TIMING total=11.80ms {"drain_packets":0.008,"drain_pages":0.006,"enqueue":3.923,"evict":0.289,"player_chunk":0.019,"prune":0.005,"publish":0.004,"queue_pages":7.526,"spawn":0.002,"wrap":0.011}
STREAMING_STEP_TIMING total=11.40ms {"drain_packets":0.009,"drain_pages":0.006,"enqueue":3.575,"evict":0.281,"player_chunk":0.018,"prune":0.006,"publish":0.004,"queue_pages":7.482,"spawn":0.002,"wrap":0.017}
STREAMING_STEP_TIMING total=10.56ms {"drain_packets":0.005,"drain_pages":0.004,"enqueue":3.256,"evict":0.29,"player_chunk":0.017,"prune":0.002,"publish":0.005,"queue_pages":6.964,"spawn":0.002,"wrap":0.01}
STREAMING_STEP_TIMING total=10.74ms {"drain_packets":0.005,"drain_pages":0.005,"enqueue":3.246,"evict":0.411,"player_chunk":0.013,"prune":0.002,"publish":0.002,"queue_pages":7.048,"spawn":0.001,"wrap":0.009}
STREAMING_STEP_TIMING total=11.01ms {"drain_packets":0.015,"drain_pages":0.006,"enqueue":3.725,"evict":0.308,"player_chunk":0.014,"prune":0.005,"publish":0.004,"queue_pages":6.926,"spawn":0.002,"wrap":0.007}
STREAMING_STEP_TIMING total=10.71ms {"drain_packets":0.006,"drain_pages":0.005,"enqueue":3.238,"evict":0.294,"player_chunk":0.014,"prune":0.002,"publish":0.005,"queue_pages":7.134,"spawn":0.002,"wrap":0.008}
STREAMING_STEP_TIMING total=11.08ms {"drain_packets":0.006,"drain_pages":0.004,"enqueue":3.317,"evict":0.294,"player_chunk":0.016,"prune":0.002,"publish":0.005,"queue_pages":7.428,"spawn":0.001,"wrap":0.006}
STREAMING_STEP_TIMING total=10.62ms {"drain_packets":0.009,"drain_pages":0.005,"enqueue":3.341,"evict":0.28,"player_chunk":0.013,"prune":0.004,"publish":0.004,"queue_pages":6.952,"spawn":0.002,"wrap":0.009}
STREAMING_STEP_TIMING total=10.62ms {"drain_packets":0.005,"drain_pages":0.004,"enqueue":3.246,"evict":0.32,"player_chunk":0.017,"prune":0.002,"publish":0.006,"queue_pages":7.008,"spawn":0.002,"wrap":0.009}
STREAMING_STEP_TIMING total=10.57ms {"drain_packets":0.005,"drain_pages":0.005,"enqueue":3.234,"evict":0.296,"player_chunk":0.013,"prune":0.002,"publish":0.005,"queue_pages":7.002,"spawn":0.002,"wrap":0.007}
STREAMING_STEP_TIMING total=10.60ms {"drain_packets":0.006,"drain_pages":0.005,"enqueue":3.33,"evict":0.279,"player_chunk":0.017,"prune":0.003,"publish":0.004,"queue_pages":6.939,"spawn":0.002,"wrap":0.01}
STREAMING_STEP_TIMING total=12.10ms {"drain_packets":0.009,"drain_pages":0.005,"enqueue":3.355,"evict":0.354,"player_chunk":0.011,"prune":0.004,"publish":0.006,"queue_pages":8.343,"spawn":0.001,"wrap":0.007}
STREAMING_STEP_TIMING total=12.08ms {"drain_packets":0.006,"drain_pages":0.005,"enqueue":4.125,"evict":0.3,"player_chunk":0.019,"prune":0.002,"publish":0.007,"queue_pages":7.597,"spawn":0.002,"wrap":0.011}
STREAMING_STEP_TIMING total=10.51ms {"drain_packets":0.006,"drain_pages":0.005,"enqueue":3.234,"evict":0.277,"player_chunk":0.015,"prune":0.002,"publish":0.002,"queue_pages":6.953,"spawn":0.002,"wrap":0.009}
STREAMING_STEP_TIMING total=10.49ms {"drain_packets":0.008,"drain_pages":0.005,"enqueue":3.252,"evict":0.278,"player_chunk":0.011,"prune":0.005,"publish":0.003,"queue_pages":6.923,"spawn":0.001,"wrap":0.006}
STREAMING_STEP_TIMING total=10.62ms {"drain_packets":0.006,"drain_pages":0.004,"enqueue":3.233,"evict":0.297,"player_chunk":0.013,"prune":0.002,"publish":0.006,"queue_pages":7.047,"spawn":0.002,"wrap":0.008}
STREAMING_STEP_TIMING total=10.69ms {"drain_packets":0.007,"drain_pages":0.005,"enqueue":3.246,"evict":0.289,"player_chunk":0.018,"prune":0.004,"publish":0.004,"queue_pages":7.103,"spawn":0.002,"wrap":0.009}
STREAMING_STEP_TIMING total=10.59ms {"drain_packets":0.008,"drain_pages":0.006,"enqueue":3.37,"evict":0.277,"player_chunk":0.014,"prune":0.004,"publish":0.004,"queue_pages":6.9,"spawn":0.001,"wrap":0.008}
STREAMING_STEP_TIMING total=10.97ms {"drain_packets":0.012,"drain_pages":0.008,"enqueue":3.409,"evict":0.301,"player_chunk":0.016,"prune":0.007,"publish":0.006,"queue_pages":7.193,"spawn":0.002,"wrap":0.01}
STREAMING_STEP_TIMING total=10.79ms {"drain_packets":0.006,"drain_pages":0.005,"enqueue":3.34,"evict":0.281,"player_chunk":0.014,"prune":0.002,"publish":0.003,"queue_pages":7.126,"spawn":0.001,"wrap":0.008}
STREAMING_STEP_TIMING total=10.68ms {"drain_packets":0.007,"drain_pages":0.006,"enqueue":3.365,"evict":0.28,"player_chunk":0.012,"prune":0.005,"publish":0.003,"queue_pages":6.992,"spawn":0.002,"wrap":0.008}
STREAMING_STEP_TIMING total=11.02ms {"drain_packets":0.005,"drain_pages":0.004,"enqueue":3.268,"evict":0.299,"player_chunk":0.013,"prune":0.002,"publish":0.005,"queue_pages":7.414,"spawn":0.001,"wrap":0.008}
STREAMING_STEP_TIMING total=10.61ms {"drain_packets":0.005,"drain_pages":0.004,"enqueue":3.299,"evict":0.271,"player_chunk":0.015,"prune":0.002,"publish":0.003,"queue_pages":7.006,"spawn":0.002,"wrap":0.006}
STREAMING_STEP_TIMING total=10.97ms {"drain_packets":0.009,"drain_pages":0.005,"enqueue":3.386,"evict":0.33,"player_chunk":0.011,"prune":0.006,"publish":0.005,"queue_pages":7.206,"spawn":0.002,"wrap":0.006}
STREAMING_STEP_TIMING total=10.77ms {"drain_packets":0.005,"drain_pages":0.004,"enqueue":3.278,"evict":0.293,"player_chunk":0.017,"prune":0.002,"publish":0.005,"queue_pages":7.157,"spawn":0.001,"wrap":0.011}
STREAMING_STEP_TIMING total=10.63ms {"drain_packets":0.005,"drain_pages":0.005,"enqueue":3.281,"evict":0.278,"player_chunk":0.013,"prune":0.002,"publish":0.004,"queue_pages":7.034,"spawn":0.001,"wrap":0.009}
STREAMING_STEP_TIMING total=10.68ms {"drain_packets":0.007,"drain_pages":0.005,"enqueue":3.388,"evict":0.283,"player_chunk":0.016,"prune":0.003,"publish":0.004,"queue_pages":6.964,"spawn":0.001,"wrap":0.009}
STREAMING_STEP_TIMING total=10.83ms {"drain_packets":0.005,"drain_pages":0.004,"enqueue":3.267,"evict":0.295,"player_chunk":0.014,"prune":0.002,"publish":0.005,"queue_pages":7.23,"spawn":0.002,"wrap":0.008}
STREAMING_STEP_TIMING total=10.97ms {"drain_packets":0.006,"drain_pages":0.004,"enqueue":3.421,"evict":0.282,"player_chunk":0.016,"prune":0.002,"publish":0.003,"queue_pages":7.225,"spawn":0.001,"wrap":0.011}
STREAMING_STEP_TIMING total=10.73ms {"drain_packets":0.008,"drain_pages":0.005,"enqueue":3.299,"evict":0.287,"player_chunk":0.011,"prune":0.002,"publish":0.004,"queue_pages":7.109,"spawn":0.001,"wrap":0.007}
STREAMING_STEP_TIMING total=10.89ms {"drain_packets":0.005,"drain_pages":0.004,"enqueue":3.365,"evict":0.297,"player_chunk":0.015,"prune":0.002,"publish":0.005,"queue_pages":7.183,"spawn":0.002,"wrap":0.006}
STREAMING_STEP_TIMING total=10.65ms {"drain_packets":0.007,"drain_pages":0.004,"enqueue":3.289,"evict":0.275,"player_chunk":0.013,"prune":0.002,"publish":0.002,"queue_pages":7.047,"spawn":0.002,"wrap":0.008}
STREAMING_STEP_TIMING total=10.60ms {"drain_packets":0.007,"drain_pages":0.005,"enqueue":3.328,"evict":0.282,"player_chunk":0.011,"prune":0.004,"publish":0.004,"queue_pages":6.952,"spawn":0.001,"wrap":0.007}
STREAMING_STEP_TIMING total=10.81ms {"drain_packets":0.005,"drain_pages":0.003,"enqueue":3.307,"evict":0.291,"player_chunk":0.013,"prune":0.002,"publish":0.004,"queue_pages":7.177,"spawn":0.001,"wrap":0.007}
STREAMING_STEP_TIMING total=10.65ms {"drain_packets":0.005,"drain_pages":0.005,"enqueue":3.298,"evict":0.282,"player_chunk":0.016,"prune":0.002,"publish":0.003,"queue_pages":7.023,"spawn":0.002,"wrap":0.01}
STREAMING_STEP_TIMING total=10.72ms {"drain_packets":0.007,"drain_pages":0.006,"enqueue":3.304,"evict":0.278,"player_chunk":0.012,"prune":0.003,"publish":0.004,"queue_pages":7.092,"spawn":0.001,"wrap":0.008}
STREAMING_STEP_TIMING total=10.78ms {"drain_packets":0.004,"drain_pages":0.004,"enqueue":3.246,"evict":0.35,"player_chunk":0.017,"prune":0.002,"publish":0.006,"queue_pages":7.134,"spawn":0.001,"wrap":0.009}
STREAMING_STEP_TIMING total=10.49ms {"drain_packets":0.006,"drain_pages":0.005,"enqueue":3.25,"evict":0.28,"player_chunk":0.014,"prune":0.002,"publish":0.004,"queue_pages":6.919,"spawn":0.001,"wrap":0.008}
STREAMING_STEP_TIMING total=10.95ms {"drain_packets":0.01,"drain_pages":0.005,"enqueue":3.681,"evict":0.283,"player_chunk":0.015,"prune":0.006,"publish":0.003,"queue_pages":6.938,"spawn":0.002,"wrap":0.006}
STREAMING_STEP_TIMING total=10.55ms {"drain_packets":0.007,"drain_pages":0.004,"enqueue":3.219,"evict":0.295,"player_chunk":0.013,"prune":0.003,"publish":0.005,"queue_pages":6.996,"spawn":0.002,"wrap":0.008}
STREAMING_STEP_TIMING total=10.47ms {"drain_packets":0.006,"drain_pages":0.005,"enqueue":3.215,"evict":0.275,"player_chunk":0.017,"prune":0.003,"publish":0.004,"queue_pages":6.934,"spawn":0.002,"wrap":0.009}
STREAMING_STEP_TIMING total=16.78ms {"drain_packets":0.017,"drain_pages":0.007,"enqueue":5.337,"evict":0.457,"player_chunk":0.027,"prune":0.006,"publish":0.008,"queue_pages":10.869,"spawn":0.005,"wrap":0.043}
STREAMING_STEP_TIMING total=16.33ms {"drain_packets":0.014,"drain_pages":0.008,"enqueue":5.301,"evict":0.439,"player_chunk":0.026,"prune":0.007,"publish":0.008,"queue_pages":10.508,"spawn":0.003,"wrap":0.015}
STREAMING_STEP_TIMING total=11.54ms {"drain_packets":0.01,"drain_pages":0.005,"enqueue":3.443,"evict":0.31,"player_chunk":0.025,"prune":0.004,"publish":0.005,"queue_pages":7.722,"spawn":0.002,"wrap":0.011}
STREAMING_STEP_TIMING total=10.96ms {"drain_packets":0.009,"drain_pages":0.006,"enqueue":3.39,"evict":0.29,"player_chunk":0.017,"prune":0.006,"publish":0.006,"queue_pages":7.22,"spawn":0.002,"wrap":0.011}
STREAMING_STEP_TIMING total=10.82ms {"drain_packets":0.006,"drain_pages":0.005,"enqueue":3.31,"evict":0.344,"player_chunk":0.015,"prune":0.002,"publish":0.009,"queue_pages":7.117,"spawn":0.002,"wrap":0.009}
STREAMING_STEP_TIMING total=10.77ms {"drain_packets":0.008,"drain_pages":0.005,"enqueue":3.375,"evict":0.281,"player_chunk":0.016,"prune":0.003,"publish":0.004,"queue_pages":7.071,"spawn":0.002,"wrap":0.007}
STREAMING_STEP_TIMING total=10.81ms {"drain_packets":0.008,"drain_pages":0.005,"enqueue":3.37,"evict":0.286,"player_chunk":0.015,"prune":0.003,"publish":0.006,"queue_pages":7.102,"spawn":0.002,"wrap":0.008}
STREAMING_STEP_TIMING total=10.61ms {"drain_packets":0.006,"drain_pages":0.004,"enqueue":3.268,"evict":0.286,"player_chunk":0.017,"prune":0.003,"publish":0.005,"queue_pages":7.004,"spawn":0.002,"wrap":0.01}
STREAMING_STEP_TIMING total=10.62ms {"drain_packets":0.005,"drain_pages":0.005,"enqueue":3.332,"evict":0.275,"player_chunk":0.012,"prune":0.002,"publish":0.002,"queue_pages":6.972,"spawn":0.002,"wrap":0.008}
STREAMING_STEP_TIMING total=10.70ms {"drain_packets":0.006,"drain_pages":0.003,"enqueue":3.331,"evict":0.288,"player_chunk":0.011,"prune":0.003,"publish":0.005,"queue_pages":7.046,"spawn":0.002,"wrap":0.006}
STREAMING_STEP_TIMING total=10.53ms {"drain_packets":0.007,"drain_pages":0.005,"enqueue":3.276,"evict":0.293,"player_chunk":0.013,"prune":0.003,"publish":0.004,"queue_pages":6.912,"spawn":0.002,"wrap":0.008}
STREAMING_STEP_TIMING total=11.43ms {"drain_packets":0.009,"drain_pages":0.006,"enqueue":3.497,"evict":0.296,"player_chunk":0.019,"prune":0.003,"publish":0.006,"queue_pages":7.582,"spawn":0.002,"wrap":0.01}
STREAMING_STEP_TIMING total=10.63ms {"drain_packets":0.008,"drain_pages":0.006,"enqueue":3.279,"evict":0.281,"player_chunk":0.013,"prune":0.003,"publish":0.003,"queue_pages":7.021,"spawn":0.001,"wrap":0.009}
STREAMING_STEP_TIMING total=10.67ms {"drain_packets":0.008,"drain_pages":0.005,"enqueue":3.287,"evict":0.305,"player_chunk":0.018,"prune":0.003,"publish":0.004,"queue_pages":7.03,"spawn":0.002,"wrap":0.007}
STREAMING_STEP_TIMING total=10.65ms {"drain_packets":0.007,"drain_pages":0.005,"enqueue":3.267,"evict":0.28,"player_chunk":0.013,"prune":0.003,"publish":0.008,"queue_pages":7.053,"spawn":0.002,"wrap":0.009}
STREAMING_STEP_TIMING total=10.69ms {"drain_packets":0.007,"drain_pages":0.004,"enqueue":3.245,"evict":0.284,"player_chunk":0.016,"prune":0.003,"publish":0.004,"queue_pages":7.111,"spawn":0.002,"wrap":0.008}
STREAMING_STEP_TIMING total=10.71ms {"drain_packets":0.006,"drain_pages":0.004,"enqueue":3.326,"evict":0.291,"player_chunk":0.013,"prune":0.002,"publish":0.005,"queue_pages":7.049,"spawn":0.002,"wrap":0.008}
STREAMING_STEP_TIMING total=10.60ms {"drain_packets":0.005,"drain_pages":0.004,"enqueue":3.313,"evict":0.273,"player_chunk":0.017,"prune":0.003,"publish":0.002,"queue_pages":6.976,"spawn":0.001,"wrap":0.009}
STREAMING_STEP_TIMING total=10.74ms {"drain_packets":0.006,"drain_pages":0.004,"enqueue":3.3,"evict":0.288,"player_chunk":0.011,"prune":0.002,"publish":0.004,"queue_pages":7.12,"spawn":0.001,"wrap":0.006}
STREAMING_STEP_TIMING total=10.78ms {"drain_packets":0.005,"drain_pages":0.004,"enqueue":3.282,"evict":0.296,"player_chunk":0.019,"prune":0.001,"publish":0.005,"queue_pages":7.144,"spawn":0.002,"wrap":0.017}
STREAMING_STEP_TIMING total=10.73ms {"drain_packets":0.007,"drain_pages":0.006,"enqueue":3.413,"evict":0.287,"player_chunk":0.014,"prune":0.003,"publish":0.003,"queue_pages":6.987,"spawn":0.003,"wrap":0.008}
STREAMING_STEP_TIMING total=11.16ms {"drain_packets":0.015,"drain_pages":0.006,"enqueue":3.698,"evict":0.292,"player_chunk":0.017,"prune":0.006,"publish":0.005,"queue_pages":7.118,"spawn":0.001,"wrap":0.006}
STREAMING_STEP_TIMING total=10.76ms {"drain_packets":0.006,"drain_pages":0.004,"enqueue":3.303,"evict":0.3,"player_chunk":0.014,"prune":0.002,"publish":0.005,"queue_pages":7.112,"spawn":0.001,"wrap":0.009}
STREAMING_STEP_TIMING total=10.62ms {"drain_packets":0.005,"drain_pages":0.004,"enqueue":3.261,"evict":0.276,"player_chunk":0.016,"prune":0.002,"publish":0.003,"queue_pages":7.036,"spawn":0.001,"wrap":0.01}
STREAMING_STEP_TIMING total=10.70ms {"drain_packets":0.008,"drain_pages":0.006,"enqueue":3.387,"evict":0.295,"player_chunk":0.01,"prune":0.005,"publish":0.005,"queue_pages":6.975,"spawn":0.002,"wrap":0.005}
STREAMING_STEP_TIMING total=10.65ms {"drain_packets":0.006,"drain_pages":0.003,"enqueue":3.259,"evict":0.304,"player_chunk":0.017,"prune":0.002,"publish":0.006,"queue_pages":7.046,"spawn":0.001,"wrap":0.009}
STREAMING_STEP_TIMING total=10.88ms {"drain_packets":0.006,"drain_pages":0.005,"enqueue":3.343,"evict":0.275,"player_chunk":0.014,"prune":0.003,"publish":0.003,"queue_pages":7.224,"spawn":0.002,"wrap":0.007}
STREAMING_STEP_TIMING total=10.75ms {"drain_packets":0.008,"drain_pages":0.006,"enqueue":3.31,"evict":0.279,"player_chunk":0.012,"prune":0.003,"publish":0.004,"queue_pages":7.119,"spawn":0.001,"wrap":0.007}
STREAMING_STEP_TIMING total=11.64ms {"drain_packets":0.005,"drain_pages":0.005,"enqueue":3.363,"evict":0.302,"player_chunk":0.013,"prune":0.002,"publish":0.007,"queue_pages":7.928,"spawn":0.002,"wrap":0.008}
STREAMING_STEP_TIMING total=10.85ms {"drain_packets":0.006,"drain_pages":0.004,"enqueue":3.336,"evict":0.288,"player_chunk":0.017,"prune":0.002,"publish":0.003,"queue_pages":7.186,"spawn":0.002,"wrap":0.005}
STREAMING_STEP_TIMING total=10.66ms {"drain_packets":0.007,"drain_pages":0.006,"enqueue":3.306,"evict":0.281,"player_chunk":0.012,"prune":0.004,"publish":0.007,"queue_pages":7.03,"spawn":0.001,"wrap":0.007}
STREAMING_STEP_TIMING total=10.72ms {"drain_packets":0.01,"drain_pages":0.006,"enqueue":3.403,"evict":0.285,"player_chunk":0.015,"prune":0.006,"publish":0.004,"queue_pages":6.981,"spawn":0.001,"wrap":0.009}
STREAMING_STEP_TIMING total=10.64ms {"drain_packets":0.006,"drain_pages":0.005,"enqueue":3.33,"evict":0.283,"player_chunk":0.014,"prune":0.002,"publish":0.004,"queue_pages":6.987,"spawn":0.002,"wrap":0.009}
STREAMING_STEP_TIMING total=10.66ms {"drain_packets":0.006,"drain_pages":0.005,"enqueue":3.305,"evict":0.286,"player_chunk":0.018,"prune":0.002,"publish":0.004,"queue_pages":7.021,"spawn":0.001,"wrap":0.01}
STREAMING_STEP_TIMING total=10.60ms {"drain_packets":0.006,"drain_pages":0.005,"enqueue":3.269,"evict":0.285,"player_chunk":0.013,"prune":0.002,"publish":0.004,"queue_pages":7.005,"spawn":0.001,"wrap":0.009}
STREAMING_STEP_TIMING total=10.58ms {"drain_packets":0.006,"drain_pages":0.004,"enqueue":3.304,"evict":0.284,"player_chunk":0.017,"prune":0.001,"publish":0.004,"queue_pages":6.948,"spawn":0.002,"wrap":0.009}
STREAMING_STEP_TIMING total=10.98ms {"drain_packets":0.008,"drain_pages":0.005,"enqueue":3.545,"evict":0.3,"player_chunk":0.013,"prune":0.004,"publish":0.006,"queue_pages":7.092,"spawn":0.002,"wrap":0.007}
STREAMING_STEP_TIMING total=10.76ms {"drain_packets":0.005,"drain_pages":0.005,"enqueue":3.274,"evict":0.301,"player_chunk":0.017,"prune":0.002,"publish":0.006,"queue_pages":7.136,"spawn":0.002,"wrap":0.006}
STREAMING_STEP_TIMING total=11.06ms {"drain_packets":0.006,"drain_pages":0.005,"enqueue":3.429,"evict":0.28,"player_chunk":0.014,"prune":0.003,"publish":0.003,"queue_pages":7.313,"spawn":0.001,"wrap":0.008}
STREAMING_STEP_TIMING total=11.01ms {"drain_packets":0.01,"drain_pages":0.005,"enqueue":3.567,"evict":0.285,"player_chunk":0.023,"prune":0.004,"publish":0.004,"queue_pages":7.099,"spawn":0.001,"wrap":0.01}
STREAMING_STEP_TIMING total=10.78ms {"drain_packets":0.005,"drain_pages":0.004,"enqueue":3.295,"evict":0.297,"player_chunk":0.014,"prune":0.002,"publish":0.005,"queue_pages":7.141,"spawn":0.002,"wrap":0.008}
STREAMING_STEP_TIMING total=10.82ms {"drain_packets":0.006,"drain_pages":0.004,"enqueue":3.334,"evict":0.304,"player_chunk":0.018,"prune":0.002,"publish":0.005,"queue_pages":7.136,"spawn":0.001,"wrap":0.01}
STREAMING_STEP_TIMING total=10.88ms {"drain_packets":0.008,"drain_pages":0.005,"enqueue":3.472,"evict":0.279,"player_chunk":0.015,"prune":0.003,"publish":0.004,"queue_pages":7.082,"spawn":0.002,"wrap":0.009}
STREAMING_STEP_TIMING total=10.85ms {"drain_packets":0.004,"drain_pages":0.003,"enqueue":3.295,"evict":0.294,"player_chunk":0.017,"prune":0.002,"publish":0.006,"queue_pages":7.221,"spawn":0.001,"wrap":0.009}
STREAMING_STEP_TIMING total=10.79ms {"drain_packets":0.006,"drain_pages":0.004,"enqueue":3.306,"evict":0.3,"player_chunk":0.014,"prune":0.001,"publish":0.004,"queue_pages":7.149,"spawn":0.001,"wrap":0.008}
STREAMING_STEP_TIMING total=10.90ms {"drain_packets":0.007,"drain_pages":0.004,"enqueue":3.356,"evict":0.285,"player_chunk":0.019,"prune":0.003,"publish":0.006,"queue_pages":7.209,"spawn":0.001,"wrap":0.006}
STREAMING_STEP_TIMING total=11.01ms {"drain_packets":0.006,"drain_pages":0.005,"enqueue":3.318,"evict":0.291,"player_chunk":0.013,"prune":0.002,"publish":0.006,"queue_pages":7.355,"spawn":0.002,"wrap":0.008}
STREAMING_STEP_TIMING total=10.94ms {"drain_packets":0.006,"drain_pages":0.005,"enqueue":3.346,"evict":0.305,"player_chunk":0.017,"prune":0.002,"publish":0.006,"queue_pages":7.235,"spawn":0.002,"wrap":0.009}
STREAMING_STEP_TIMING total=10.90ms {"drain_packets":0.009,"drain_pages":0.006,"enqueue":3.555,"evict":0.278,"player_chunk":0.014,"prune":0.004,"publish":0.004,"queue_pages":7.014,"spawn":0.002,"wrap":0.009}
STREAMING_STEP_TIMING total=10.91ms {"drain_packets":0.008,"drain_pages":0.005,"enqueue":3.319,"evict":0.293,"player_chunk":0.018,"prune":0.004,"publish":0.006,"queue_pages":7.241,"spawn":0.001,"wrap":0.01}
STREAMING_STEP_TIMING total=10.91ms {"drain_packets":0.008,"drain_pages":0.005,"enqueue":3.307,"evict":0.451,"player_chunk":0.013,"prune":0.002,"publish":0.005,"queue_pages":7.107,"spawn":0.002,"wrap":0.008}
STREAMING_STEP_TIMING total=13.04ms {"drain_packets":0.013,"drain_pages":0.007,"enqueue":5.366,"evict":0.288,"player_chunk":0.026,"prune":0.005,"publish":0.006,"queue_pages":7.305,"spawn":0.002,"wrap":0.016}
STREAMING_STEP_TIMING total=10.82ms {"drain_packets":0.008,"drain_pages":0.005,"enqueue":3.546,"evict":0.274,"player_chunk":0.014,"prune":0.005,"publish":0.003,"queue_pages":6.955,"spawn":0.002,"wrap":0.009}
STREAMING_STEP_TIMING total=11.02ms {"drain_packets":0.006,"drain_pages":0.004,"enqueue":3.339,"evict":0.291,"player_chunk":0.016,"prune":0.001,"publish":0.006,"queue_pages":7.352,"spawn":0.001,"wrap":0.006}
[FrameBudget] streaming=11.4ms topology=0.0ms visual=0.0ms spawn=0.0ms total=11.4ms/6.0ms world.streaming_v0=11.4ms(60)
STREAMING_STEP_TIMING total=10.70ms {"drain_packets":0.005,"drain_pages":0.005,"enqueue":3.255,"evict":0.353,"player_chunk":0.014,"prune":0.002,"publish":0.004,"queue_pages":7.047,"spawn":0.002,"wrap":0.007}
STREAMING_STEP_TIMING total=10.60ms {"drain_packets":0.007,"drain_pages":0.006,"enqueue":3.299,"evict":0.291,"player_chunk":0.018,"prune":0.002,"publish":0.003,"queue_pages":6.958,"spawn":0.001,"wrap":0.011}
STREAMING_STEP_TIMING total=13.49ms {"drain_packets":0.004,"drain_pages":0.004,"enqueue":3.264,"evict":0.301,"player_chunk":0.013,"prune":0.002,"publish":0.006,"queue_pages":9.881,"spawn":0.002,"wrap":0.007}
STREAMING_STEP_TIMING total=10.61ms {"drain_packets":0.006,"drain_pages":0.005,"enqueue":3.248,"evict":0.3,"player_chunk":0.018,"prune":0.002,"publish":0.006,"queue_pages":7.011,"spawn":0.002,"wrap":0.01}
STREAMING_STEP_TIMING total=10.62ms {"drain_packets":0.006,"drain_pages":0.006,"enqueue":3.27,"evict":0.296,"player_chunk":0.014,"prune":0.003,"publish":0.003,"queue_pages":7.005,"spawn":0.002,"wrap":0.008}
STREAMING_STEP_TIMING total=10.55ms {"drain_packets":0.009,"drain_pages":0.005,"enqueue":3.267,"evict":0.286,"player_chunk":0.016,"prune":0.005,"publish":0.004,"queue_pages":6.944,"spawn":0.001,"wrap":0.009}
STREAMING_STEP_TIMING total=10.53ms {"drain_packets":0.006,"drain_pages":0.005,"enqueue":3.22,"evict":0.299,"player_chunk":0.013,"prune":0.002,"publish":0.005,"queue_pages":6.971,"spawn":0.002,"wrap":0.008}
STREAMING_STEP_TIMING total=10.95ms {"drain_packets":0.006,"drain_pages":0.005,"enqueue":3.363,"evict":0.307,"player_chunk":0.016,"prune":0.002,"publish":0.008,"queue_pages":7.237,"spawn":0.001,"wrap":0.006}
STREAMING_STEP_TIMING total=10.54ms {"drain_packets":0.008,"drain_pages":0.006,"enqueue":3.251,"evict":0.287,"player_chunk":0.013,"prune":0.003,"publish":0.004,"queue_pages":6.951,"spawn":0.002,"wrap":0.009}
STREAMING_STEP_TIMING total=10.73ms {"drain_packets":0.006,"drain_pages":0.005,"enqueue":3.263,"evict":0.292,"player_chunk":0.018,"prune":0.002,"publish":0.005,"queue_pages":7.125,"spawn":0.002,"wrap":0.01}
STREAMING_STEP_TIMING total=10.74ms {"drain_packets":0.006,"drain_pages":0.004,"enqueue":3.28,"evict":0.285,"player_chunk":0.013,"prune":0.002,"publish":0.005,"queue_pages":7.132,"spawn":0.002,"wrap":0.007}
STREAMING_STEP_TIMING total=10.72ms {"drain_packets":0.006,"drain_pages":0.006,"enqueue":3.283,"evict":0.285,"player_chunk":0.016,"prune":0.002,"publish":0.004,"queue_pages":7.106,"spawn":0.001,"wrap":0.01}
STREAMING_STEP_TIMING total=10.48ms {"drain_packets":0.005,"drain_pages":0.005,"enqueue":3.285,"evict":0.288,"player_chunk":0.013,"prune":0.003,"publish":0.004,"queue_pages":6.871,"spawn":0.001,"wrap":0.009}
STREAMING_STEP_TIMING total=10.58ms {"drain_packets":0.005,"drain_pages":0.005,"enqueue":3.264,"evict":0.281,"player_chunk":0.019,"prune":0.002,"publish":0.004,"queue_pages":6.991,"spawn":0.002,"wrap":0.009}
STREAMING_STEP_TIMING total=10.60ms {"drain_packets":0.008,"drain_pages":0.007,"enqueue":3.309,"evict":0.285,"player_chunk":0.012,"prune":0.004,"publish":0.003,"queue_pages":6.964,"spawn":0.001,"wrap":0.008}
STREAMING_STEP_TIMING total=10.60ms {"drain_packets":0.005,"drain_pages":0.005,"enqueue":3.294,"evict":0.293,"player_chunk":0.015,"prune":0.003,"publish":0.005,"queue_pages":6.967,"spawn":0.002,"wrap":0.006}
STREAMING_STEP_TIMING total=10.67ms {"drain_packets":0.006,"drain_pages":0.005,"enqueue":3.278,"evict":0.282,"player_chunk":0.014,"prune":0.002,"publish":0.003,"queue_pages":7.067,"spawn":0.002,"wrap":0.009}
STREAMING_STEP_TIMING total=10.62ms {"drain_packets":0.006,"drain_pages":0.004,"enqueue":3.277,"evict":0.308,"player_chunk":0.011,"prune":0.001,"publish":0.003,"queue_pages":6.999,"spawn":0.001,"wrap":0.007}
STREAMING_STEP_TIMING total=10.58ms {"drain_packets":0.005,"drain_pages":0.003,"enqueue":3.271,"evict":0.3,"player_chunk":0.012,"prune":0.002,"publish":0.004,"queue_pages":6.977,"spawn":0.001,"wrap":0.007}
STREAMING_STEP_TIMING total=10.65ms {"drain_packets":0.005,"drain_pages":0.005,"enqueue":3.343,"evict":0.283,"player_chunk":0.017,"prune":0.002,"publish":0.004,"queue_pages":6.982,"spawn":0.001,"wrap":0.01}
STREAMING_STEP_TIMING total=10.60ms {"drain_packets":0.011,"drain_pages":0.006,"enqueue":3.293,"evict":0.286,"player_chunk":0.012,"prune":0.003,"publish":0.004,"queue_pages":6.97,"spawn":0.001,"wrap":0.008}
STREAMING_STEP_TIMING total=10.79ms {"drain_packets":0.005,"drain_pages":0.005,"enqueue":3.268,"evict":0.293,"player_chunk":0.017,"prune":0.001,"publish":0.005,"queue_pages":7.182,"spawn":0.002,"wrap":0.009}
STREAMING_STEP_TIMING total=10.60ms {"drain_packets":0.006,"drain_pages":0.005,"enqueue":3.372,"evict":0.281,"player_chunk":0.012,"prune":0.003,"publish":0.003,"queue_pages":6.908,"spawn":0.002,"wrap":0.008}
STREAMING_STEP_TIMING total=10.70ms {"drain_packets":0.004,"drain_pages":0.004,"enqueue":3.263,"evict":0.287,"player_chunk":0.011,"prune":0.001,"publish":0.005,"queue_pages":7.121,"spawn":0.002,"wrap":0.005}
STREAMING_STEP_TIMING total=10.82ms {"drain_packets":0.005,"drain_pages":0.004,"enqueue":3.299,"evict":0.295,"player_chunk":0.012,"prune":0.002,"publish":0.005,"queue_pages":7.186,"spawn":0.001,"wrap":0.008}
STREAMING_STEP_TIMING total=10.60ms {"drain_packets":0.005,"drain_pages":0.005,"enqueue":3.303,"evict":0.272,"player_chunk":0.016,"prune":0.003,"publish":0.003,"queue_pages":6.975,"spawn":0.002,"wrap":0.01}
STREAMING_STEP_TIMING total=10.79ms {"drain_packets":0.006,"drain_pages":0.005,"enqueue":3.307,"evict":0.291,"player_chunk":0.011,"prune":0.002,"publish":0.005,"queue_pages":7.157,"spawn":0.002,"wrap":0.006}
STREAMING_STEP_TIMING total=10.77ms {"drain_packets":0.005,"drain_pages":0.005,"enqueue":3.255,"evict":0.339,"player_chunk":0.017,"prune":0.002,"publish":0.006,"queue_pages":7.128,"spawn":0.002,"wrap":0.01}
STREAMING_STEP_TIMING total=10.64ms {"drain_packets":0.007,"drain_pages":0.006,"enqueue":3.282,"evict":0.28,"player_chunk":0.014,"prune":0.004,"publish":0.004,"queue_pages":7.027,"spawn":0.002,"wrap":0.008}
STREAMING_STEP_TIMING total=11.11ms {"drain_packets":0.009,"drain_pages":0.005,"enqueue":3.397,"evict":0.288,"player_chunk":0.016,"prune":0.114,"publish":0.006,"queue_pages":7.264,"spawn":0.001,"wrap":0.01}
STREAMING_STEP_TIMING total=10.92ms {"drain_packets":0.006,"drain_pages":0.005,"enqueue":3.288,"evict":0.295,"player_chunk":0.014,"prune":0.001,"publish":0.006,"queue_pages":7.291,"spawn":0.002,"wrap":0.008}
STREAMING_STEP_TIMING total=10.90ms {"drain_packets":0.007,"drain_pages":0.004,"enqueue":3.458,"evict":0.279,"player_chunk":0.017,"prune":0.002,"publish":0.003,"queue_pages":7.116,"spawn":0.003,"wrap":0.007}
STREAMING_STEP_TIMING total=11.02ms {"drain_packets":0.009,"drain_pages":0.005,"enqueue":3.574,"evict":0.282,"player_chunk":0.012,"prune":0.005,"publish":0.004,"queue_pages":7.115,"spawn":0.002,"wrap":0.007}
STREAMING_STEP_TIMING total=10.81ms {"drain_packets":0.006,"drain_pages":0.004,"enqueue":3.269,"evict":0.335,"player_chunk":0.017,"prune":0.001,"publish":0.005,"queue_pages":7.162,"spawn":0.002,"wrap":0.009}
STREAMING_STEP_TIMING total=10.56ms {"drain_packets":0.006,"drain_pages":0.005,"enqueue":3.29,"evict":0.279,"player_chunk":0.015,"prune":0.002,"publish":0.003,"queue_pages":6.945,"spawn":0.002,"wrap":0.008}
STREAMING_STEP_TIMING total=10.57ms {"drain_packets":0.008,"drain_pages":0.006,"enqueue":3.267,"evict":0.286,"player_chunk":0.017,"prune":0.004,"publish":0.005,"queue_pages":6.96,"spawn":0.002,"wrap":0.01}
STREAMING_STEP_TIMING total=10.77ms {"drain_packets":0.007,"drain_pages":0.005,"enqueue":3.263,"evict":0.3,"player_chunk":0.014,"prune":0.002,"publish":0.006,"queue_pages":7.161,"spawn":0.001,"wrap":0.008}
STREAMING_STEP_TIMING total=10.82ms {"drain_packets":0.005,"drain_pages":0.005,"enqueue":3.289,"evict":0.286,"player_chunk":0.018,"prune":0.002,"publish":0.005,"queue_pages":7.196,"spawn":0.002,"wrap":0.011}
STREAMING_STEP_TIMING total=10.72ms {"drain_packets":0.009,"drain_pages":0.005,"enqueue":3.415,"evict":0.276,"player_chunk":0.014,"prune":0.004,"publish":0.004,"queue_pages":6.98,"spawn":0.002,"wrap":0.008}
STREAMING_STEP_TIMING total=10.69ms {"drain_packets":0.007,"drain_pages":0.005,"enqueue":3.335,"evict":0.287,"player_chunk":0.015,"prune":0.003,"publish":0.004,"queue_pages":7.027,"spawn":0.002,"wrap":0.006}
STREAMING_STEP_TIMING total=10.73ms {"drain_packets":0.006,"drain_pages":0.004,"enqueue":3.288,"evict":0.3,"player_chunk":0.013,"prune":0.002,"publish":0.006,"queue_pages":7.096,"spawn":0.002,"wrap":0.008}
STREAMING_STEP_TIMING total=10.96ms {"drain_packets":0.008,"drain_pages":0.007,"enqueue":3.531,"evict":0.279,"player_chunk":0.017,"prune":0.005,"publish":0.004,"queue_pages":7.101,"spawn":0.001,"wrap":0.01}
STREAMING_STEP_TIMING total=10.96ms {"drain_packets":0.006,"drain_pages":0.005,"enqueue":3.303,"evict":0.292,"player_chunk":0.014,"prune":0.002,"publish":0.005,"queue_pages":7.323,"spawn":0.002,"wrap":0.007}
STREAMING_STEP_TIMING total=10.82ms {"drain_packets":0.006,"drain_pages":0.004,"enqueue":3.306,"evict":0.29,"player_chunk":0.018,"prune":0.002,"publish":0.004,"queue_pages":7.178,"spawn":0.001,"wrap":0.01}
STREAMING_STEP_TIMING total=11.86ms {"drain_packets":0.007,"drain_pages":0.005,"enqueue":3.493,"evict":0.445,"player_chunk":0.014,"prune":0.003,"publish":0.006,"queue_pages":7.87,"spawn":0.002,"wrap":0.008}
STREAMING_STEP_TIMING total=14.21ms {"drain_packets":0.01,"drain_pages":0.008,"enqueue":5.198,"evict":0.298,"player_chunk":0.024,"prune":0.004,"publish":0.005,"queue_pages":8.649,"spawn":0.003,"wrap":0.013}
STREAMING_STEP_TIMING total=10.67ms {"drain_packets":0.005,"drain_pages":0.005,"enqueue":3.271,"evict":0.288,"player_chunk":0.014,"prune":0.002,"publish":0.006,"queue_pages":7.069,"spawn":0.001,"wrap":0.009}
STREAMING_STEP_TIMING total=10.63ms {"drain_packets":0.007,"drain_pages":0.005,"enqueue":3.385,"evict":0.271,"player_chunk":0.016,"prune":0.003,"publish":0.003,"queue_pages":6.933,"spawn":0.002,"wrap":0.006}
STREAMING_STEP_TIMING total=10.74ms {"drain_packets":0.009,"drain_pages":0.006,"enqueue":3.357,"evict":0.284,"player_chunk":0.012,"prune":0.004,"publish":0.004,"queue_pages":7.054,"spawn":0.001,"wrap":0.007}
STREAMING_STEP_TIMING total=10.66ms {"drain_packets":0.004,"drain_pages":0.005,"enqueue":3.284,"evict":0.295,"player_chunk":0.017,"prune":0.002,"publish":0.006,"queue_pages":7.038,"spawn":0.002,"wrap":0.009}
STREAMING_STEP_TIMING total=10.46ms {"drain_packets":0.006,"drain_pages":0.005,"enqueue":3.224,"evict":0.27,"player_chunk":0.014,"prune":0.001,"publish":0.003,"queue_pages":6.923,"spawn":0.002,"wrap":0.009}
STREAMING_STEP_TIMING total=10.68ms {"drain_packets":0.008,"drain_pages":0.005,"enqueue":3.342,"evict":0.286,"player_chunk":0.01,"prune":0.004,"publish":0.004,"queue_pages":7.014,"spawn":0.001,"wrap":0.006}
STREAMING_STEP_TIMING total=10.91ms {"drain_packets":0.005,"drain_pages":0.004,"enqueue":3.262,"evict":0.299,"player_chunk":0.013,"prune":0.002,"publish":0.006,"queue_pages":7.305,"spawn":0.001,"wrap":0.008}
STREAMING_STEP_TIMING total=10.61ms {"drain_packets":0.006,"drain_pages":0.005,"enqueue":3.292,"evict":0.274,"player_chunk":0.019,"prune":0.002,"publish":0.003,"queue_pages":6.993,"spawn":0.003,"wrap":0.014}
STREAMING_STEP_TIMING total=10.71ms {"drain_packets":0.009,"drain_pages":0.008,"enqueue":3.29,"evict":0.281,"player_chunk":0.01,"prune":0.002,"publish":0.004,"queue_pages":7.092,"spawn":0.002,"wrap":0.006}
STREAMING_STEP_TIMING total=10.66ms {"drain_packets":0.005,"drain_pages":0.004,"enqueue":3.267,"evict":0.308,"player_chunk":0.015,"prune":0.002,"publish":0.006,"queue_pages":7.041,"spawn":0.001,"wrap":0.006}
STREAMING_STEP_TIMING total=10.80ms {"drain_packets":0.006,"drain_pages":0.004,"enqueue":3.296,"evict":0.278,"player_chunk":0.014,"prune":0.002,"publish":0.003,"queue_pages":7.183,"spawn":0.001,"wrap":0.008}
STREAMING_STEP_TIMING total=10.86ms {"drain_packets":0.007,"drain_pages":0.006,"enqueue":3.34,"evict":0.28,"player_chunk":0.011,"prune":0.003,"publish":0.003,"queue_pages":7.198,"spawn":0.001,"wrap":0.006}
STREAMING_STEP_TIMING total=10.69ms {"drain_packets":0.005,"drain_pages":0.004,"enqueue":3.303,"evict":0.29,"player_chunk":0.012,"prune":0.001,"publish":0.005,"queue_pages":7.058,"spawn":0.002,"wrap":0.007}
STREAMING_STEP_TIMING total=10.65ms {"drain_packets":0.004,"drain_pages":0.005,"enqueue":3.314,"evict":0.277,"player_chunk":0.016,"prune":0.002,"publish":0.003,"queue_pages":7.012,"spawn":0.002,"wrap":0.009}
STREAMING_STEP_TIMING total=10.54ms {"drain_packets":0.009,"drain_pages":0.006,"enqueue":3.228,"evict":0.275,"player_chunk":0.03,"prune":0.005,"publish":0.003,"queue_pages":6.975,"spawn":0.002,"wrap":0.008}
STREAMING_STEP_TIMING total=11.44ms {"drain_packets":0.004,"drain_pages":0.004,"enqueue":3.276,"evict":0.357,"player_chunk":0.017,"prune":0.002,"publish":0.006,"queue_pages":7.765,"spawn":0.002,"wrap":0.009}
STREAMING_STEP_TIMING total=12.61ms {"drain_packets":0.005,"drain_pages":0.009,"enqueue":4.064,"evict":0.338,"player_chunk":0.015,"prune":0.002,"publish":0.004,"queue_pages":8.158,"spawn":0.002,"wrap":0.009}
STREAMING_STEP_TIMING total=12.74ms {"drain_packets":0.007,"drain_pages":0.006,"enqueue":4.115,"evict":0.337,"player_chunk":0.017,"prune":0.003,"publish":0.004,"queue_pages":8.24,"spawn":0.002,"wrap":0.007}
STREAMING_STEP_TIMING total=12.72ms {"drain_packets":0.009,"drain_pages":0.007,"enqueue":4.129,"evict":0.34,"player_chunk":0.014,"prune":0.005,"publish":0.004,"queue_pages":8.196,"spawn":0.002,"wrap":0.008}
STREAMING_STEP_TIMING total=11.15ms {"drain_packets":0.01,"drain_pages":0.006,"enqueue":3.675,"evict":0.287,"player_chunk":0.019,"prune":0.005,"publish":0.006,"queue_pages":7.126,"spawn":0.002,"wrap":0.01}
STREAMING_STEP_TIMING total=10.58ms {"drain_packets":0.005,"drain_pages":0.005,"enqueue":3.268,"evict":0.292,"player_chunk":0.014,"prune":0.002,"publish":0.004,"queue_pages":6.979,"spawn":0.002,"wrap":0.008}
STREAMING_STEP_TIMING total=10.61ms {"drain_packets":0.008,"drain_pages":0.006,"enqueue":3.354,"evict":0.274,"player_chunk":0.022,"prune":0.004,"publish":0.003,"queue_pages":6.915,"spawn":0.003,"wrap":0.015}
STREAMING_STEP_TIMING total=10.76ms {"drain_packets":0.006,"drain_pages":0.004,"enqueue":3.306,"evict":0.297,"player_chunk":0.017,"prune":0.002,"publish":0.004,"queue_pages":7.112,"spawn":0.002,"wrap":0.01}
STREAMING_STEP_TIMING total=10.70ms {"drain_packets":0.005,"drain_pages":0.005,"enqueue":3.286,"evict":0.293,"player_chunk":0.018,"prune":0.002,"publish":0.005,"queue_pages":7.076,"spawn":0.002,"wrap":0.01}
STREAMING_STEP_TIMING total=10.79ms {"drain_packets":0.007,"drain_pages":0.005,"enqueue":3.357,"evict":0.283,"player_chunk":0.013,"prune":0.003,"publish":0.007,"queue_pages":7.103,"spawn":0.002,"wrap":0.008}
STREAMING_STEP_TIMING total=10.70ms {"drain_packets":0.005,"drain_pages":0.003,"enqueue":3.281,"evict":0.283,"player_chunk":0.015,"prune":0.001,"publish":0.005,"queue_pages":7.094,"spawn":0.001,"wrap":0.006}
STREAMING_STEP_TIMING total=10.80ms {"drain_packets":0.007,"drain_pages":0.005,"enqueue":3.322,"evict":0.288,"player_chunk":0.013,"prune":0.003,"publish":0.005,"queue_pages":7.146,"spawn":0.002,"wrap":0.008}
STREAMING_STEP_TIMING total=10.99ms {"drain_packets":0.007,"drain_pages":0.005,"enqueue":3.438,"evict":0.292,"player_chunk":0.03,"prune":0.003,"publish":0.005,"queue_pages":7.194,"spawn":0.002,"wrap":0.014}
STREAMING_STEP_TIMING total=10.95ms {"drain_packets":0.005,"drain_pages":0.005,"enqueue":3.311,"evict":0.295,"player_chunk":0.012,"prune":0.002,"publish":0.005,"queue_pages":7.305,"spawn":0.002,"wrap":0.008}
STREAMING_STEP_TIMING total=10.77ms {"drain_packets":0.006,"drain_pages":0.005,"enqueue":3.316,"evict":0.332,"player_chunk":0.018,"prune":0.003,"publish":0.006,"queue_pages":7.068,"spawn":0.001,"wrap":0.01}
STREAMING_STEP_TIMING total=10.77ms {"drain_packets":0.007,"drain_pages":0.005,"enqueue":3.347,"evict":0.284,"player_chunk":0.014,"prune":0.002,"publish":0.004,"queue_pages":7.09,"spawn":0.002,"wrap":0.008}
STREAMING_STEP_TIMING total=10.83ms {"drain_packets":0.007,"drain_pages":0.006,"enqueue":3.306,"evict":0.294,"player_chunk":0.017,"prune":0.002,"publish":0.005,"queue_pages":7.183,"spawn":0.001,"wrap":0.011}
STREAMING_STEP_TIMING total=10.93ms {"drain_packets":0.006,"drain_pages":0.005,"enqueue":3.305,"evict":0.361,"player_chunk":0.014,"prune":0.002,"publish":0.005,"queue_pages":7.214,"spawn":0.002,"wrap":0.008}
STREAMING_STEP_TIMING total=10.65ms {"drain_packets":0.006,"drain_pages":0.004,"enqueue":3.301,"evict":0.296,"player_chunk":0.016,"prune":0.003,"publish":0.004,"queue_pages":7.015,"spawn":0.001,"wrap":0.006}
STREAMING_STEP_TIMING total=10.73ms {"drain_packets":0.006,"drain_pages":0.005,"enqueue":3.249,"evict":0.281,"player_chunk":0.012,"prune":0.003,"publish":0.005,"queue_pages":7.158,"spawn":0.002,"wrap":0.007}
STREAMING_STEP_TIMING total=10.71ms {"drain_packets":0.005,"drain_pages":0.004,"enqueue":3.265,"evict":0.292,"player_chunk":0.016,"prune":0.002,"publish":0.004,"queue_pages":7.104,"spawn":0.002,"wrap":0.01}
STREAMING_STEP_TIMING total=10.54ms {"drain_packets":0.006,"drain_pages":0.005,"enqueue":3.289,"evict":0.275,"player_chunk":0.014,"prune":0.003,"publish":0.003,"queue_pages":6.939,"spawn":0.002,"wrap":0.007}
STREAMING_STEP_TIMING total=10.71ms {"drain_packets":0.007,"drain_pages":0.006,"enqueue":3.287,"evict":0.291,"player_chunk":0.011,"prune":0.004,"publish":0.005,"queue_pages":7.084,"spawn":0.002,"wrap":0.007}
STREAMING_STEP_TIMING total=10.68ms {"drain_packets":0.006,"drain_pages":0.005,"enqueue":3.338,"evict":0.287,"player_chunk":0.013,"prune":0.002,"publish":0.004,"queue_pages":7.014,"spawn":0.003,"wrap":0.007}
STREAMING_STEP_TIMING total=10.84ms {"drain_packets":0.007,"drain_pages":0.005,"enqueue":3.379,"evict":0.286,"player_chunk":0.017,"prune":0.003,"publish":0.004,"queue_pages":7.127,"spawn":0.002,"wrap":0.009}
STREAMING_STEP_TIMING total=10.71ms {"drain_packets":0.008,"drain_pages":0.006,"enqueue":3.323,"evict":0.287,"player_chunk":0.013,"prune":0.002,"publish":0.004,"queue_pages":7.055,"spawn":0.002,"wrap":0.007}
STREAMING_STEP_TIMING total=10.82ms {"drain_packets":0.006,"drain_pages":0.004,"enqueue":3.287,"evict":0.345,"player_chunk":0.015,"prune":0.002,"publish":0.006,"queue_pages":7.145,"spawn":0.002,"wrap":0.006}
STREAMING_STEP_TIMING total=11.20ms {"drain_packets":0.008,"drain_pages":0.006,"enqueue":3.555,"evict":0.294,"player_chunk":0.014,"prune":0.003,"publish":0.006,"queue_pages":7.305,"spawn":0.001,"wrap":0.008}
STREAMING_STEP_TIMING total=10.80ms {"drain_packets":0.007,"drain_pages":0.006,"enqueue":3.331,"evict":0.295,"player_chunk":0.017,"prune":0.003,"publish":0.005,"queue_pages":7.129,"spawn":0.001,"wrap":0.009}
STREAMING_STEP_TIMING total=10.67ms {"drain_packets":0.006,"drain_pages":0.005,"enqueue":3.269,"evict":0.304,"player_chunk":0.013,"prune":0.002,"publish":0.007,"queue_pages":7.055,"spawn":0.002,"wrap":0.008}
STREAMING_STEP_TIMING total=10.51ms {"drain_packets":0.006,"drain_pages":0.005,"enqueue":3.244,"evict":0.281,"player_chunk":0.017,"prune":0.002,"publish":0.003,"queue_pages":6.94,"spawn":0.001,"wrap":0.01}
STREAMING_STEP_TIMING total=10.58ms {"drain_packets":0.008,"drain_pages":0.006,"enqueue":3.358,"evict":0.283,"player_chunk":0.013,"prune":0.004,"publish":0.004,"queue_pages":6.894,"spawn":0.002,"wrap":0.008}
STREAMING_STEP_TIMING total=10.97ms {"drain_packets":0.004,"drain_pages":0.004,"enqueue":3.243,"evict":0.296,"player_chunk":0.017,"prune":0.002,"publish":0.005,"queue_pages":7.388,"spawn":0.001,"wrap":0.009}
STREAMING_STEP_TIMING total=10.57ms {"drain_packets":0.006,"drain_pages":0.005,"enqueue":3.233,"evict":0.271,"player_chunk":0.013,"prune":0.002,"publish":0.002,"queue_pages":7.025,"spawn":0.002,"wrap":0.008}
STREAMING_STEP_TIMING total=10.82ms {"drain_packets":0.007,"drain_pages":0.006,"enqueue":3.325,"evict":0.283,"player_chunk":0.011,"prune":0.003,"publish":0.003,"queue_pages":7.169,"spawn":0.002,"wrap":0.005}
STREAMING_STEP_TIMING total=10.58ms {"drain_packets":0.004,"drain_pages":0.004,"enqueue":3.269,"evict":0.291,"player_chunk":0.012,"prune":0.002,"publish":0.005,"queue_pages":6.981,"spawn":0.002,"wrap":0.01}
STREAMING_STEP_TIMING total=10.66ms {"drain_packets":0.006,"drain_pages":0.005,"enqueue":3.252,"evict":0.286,"player_chunk":0.017,"prune":0.001,"publish":0.003,"queue_pages":7.075,"spawn":0.002,"wrap":0.009}
STREAMING_STEP_TIMING total=10.78ms {"drain_packets":0.008,"drain_pages":0.006,"enqueue":3.348,"evict":0.279,"player_chunk":0.011,"prune":0.003,"publish":0.003,"queue_pages":7.113,"spawn":0.001,"wrap":0.007}
STREAMING_STEP_TIMING total=10.80ms {"drain_packets":0.006,"drain_pages":0.004,"enqueue":3.351,"evict":0.296,"player_chunk":0.016,"prune":0.002,"publish":0.005,"queue_pages":7.106,"spawn":0.002,"wrap":0.009}
STREAMING_STEP_TIMING total=10.71ms {"drain_packets":0.006,"drain_pages":0.004,"enqueue":3.307,"evict":0.275,"player_chunk":0.014,"prune":0.002,"publish":0.003,"queue_pages":7.089,"spawn":0.002,"wrap":0.007}
STREAMING_STEP_TIMING total=10.76ms {"drain_packets":0.009,"drain_pages":0.005,"enqueue":3.332,"evict":0.274,"player_chunk":0.029,"prune":0.003,"publish":0.003,"queue_pages":7.088,"spawn":0.002,"wrap":0.008}
STREAMING_STEP_TIMING total=10.82ms {"drain_packets":0.005,"drain_pages":0.003,"enqueue":3.322,"evict":0.293,"player_chunk":0.013,"prune":0.002,"publish":0.004,"queue_pages":7.172,"spawn":0.001,"wrap":0.008}
STREAMING_STEP_TIMING total=10.66ms {"drain_packets":0.005,"drain_pages":0.004,"enqueue":3.298,"evict":0.28,"player_chunk":0.015,"prune":0.001,"publish":0.003,"queue_pages":7.045,"spawn":0.002,"wrap":0.006}
STREAMING_STEP_TIMING total=11.73ms {"drain_packets":0.01,"drain_pages":0.005,"enqueue":4.247,"evict":0.303,"player_chunk":0.011,"prune":0.005,"publish":0.005,"queue_pages":7.137,"spawn":0.001,"wrap":0.006}
STREAMING_STEP_TIMING total=10.60ms {"drain_packets":0.005,"drain_pages":0.004,"enqueue":3.247,"evict":0.304,"player_chunk":0.017,"prune":0.001,"publish":0.006,"queue_pages":6.998,"spawn":0.002,"wrap":0.009}
STREAMING_STEP_TIMING total=10.63ms {"drain_packets":0.01,"drain_pages":0.007,"enqueue":3.326,"evict":0.275,"player_chunk":0.014,"prune":0.005,"publish":0.003,"queue_pages":6.984,"spawn":0.002,"wrap":0.007}
STREAMING_STEP_TIMING total=10.60ms {"drain_packets":0.008,"drain_pages":0.006,"enqueue":3.342,"evict":0.285,"player_chunk":0.012,"prune":0.003,"publish":0.003,"queue_pages":6.927,"spawn":0.001,"wrap":0.007}
STREAMING_STEP_TIMING total=10.61ms {"drain_packets":0.004,"drain_pages":0.004,"enqueue":3.233,"evict":0.291,"player_chunk":0.013,"prune":0.002,"publish":0.004,"queue_pages":7.045,"spawn":0.002,"wrap":0.007}
STREAMING_STEP_TIMING total=10.67ms {"drain_packets":0.006,"drain_pages":0.005,"enqueue":3.33,"evict":0.274,"player_chunk":0.016,"prune":0.002,"publish":0.003,"queue_pages":7.017,"spawn":0.002,"wrap":0.009}
STREAMING_STEP_TIMING total=10.58ms {"drain_packets":0.007,"drain_pages":0.005,"enqueue":3.267,"evict":0.279,"player_chunk":0.012,"prune":0.003,"publish":0.004,"queue_pages":6.99,"spawn":0.001,"wrap":0.007}
STREAMING_STEP_TIMING total=10.54ms {"drain_packets":0.004,"drain_pages":0.004,"enqueue":3.256,"evict":0.29,"player_chunk":0.015,"prune":0.001,"publish":0.006,"queue_pages":6.95,"spawn":0.002,"wrap":0.006}
STREAMING_STEP_TIMING total=12.50ms {"drain_packets":0.007,"drain_pages":0.005,"enqueue":3.988,"evict":0.368,"player_chunk":0.013,"prune":0.003,"publish":0.004,"queue_pages":8.096,"spawn":0.002,"wrap":0.007}
STREAMING_STEP_TIMING total=12.53ms {"drain_packets":0.007,"drain_pages":0.006,"enqueue":4.094,"evict":0.33,"player_chunk":0.02,"prune":0.003,"publish":0.003,"queue_pages":8.053,"spawn":0.002,"wrap":0.012}
STREAMING_STEP_TIMING total=12.53ms {"drain_packets":0.008,"drain_pages":0.005,"enqueue":4.055,"evict":0.341,"player_chunk":0.012,"prune":0.006,"publish":0.005,"queue_pages":8.087,"spawn":0.001,"wrap":0.008}
STREAMING_STEP_TIMING total=12.18ms {"drain_packets":0.006,"drain_pages":0.005,"enqueue":4.056,"evict":0.305,"player_chunk":0.018,"prune":0.001,"publish":0.006,"queue_pages":7.769,"spawn":0.001,"wrap":0.011}
STREAMING_STEP_TIMING total=10.67ms {"drain_packets":0.006,"drain_pages":0.004,"enqueue":3.287,"evict":0.324,"player_chunk":0.014,"prune":0.002,"publish":0.003,"queue_pages":7.017,"spawn":0.002,"wrap":0.008}
STREAMING_STEP_TIMING total=10.95ms {"drain_packets":0.009,"drain_pages":0.006,"enqueue":3.493,"evict":0.279,"player_chunk":0.018,"prune":0.005,"publish":0.003,"queue_pages":7.12,"spawn":0.001,"wrap":0.01}
STREAMING_STEP_TIMING total=10.70ms {"drain_packets":0.005,"drain_pages":0.004,"enqueue":3.297,"evict":0.294,"player_chunk":0.014,"prune":0.002,"publish":0.005,"queue_pages":7.068,"spawn":0.001,"wrap":0.008}
STREAMING_STEP_TIMING total=10.66ms {"drain_packets":0.005,"drain_pages":0.005,"enqueue":3.291,"evict":0.278,"player_chunk":0.016,"prune":0.002,"publish":0.004,"queue_pages":7.053,"spawn":0.002,"wrap":0.005}
[FrameBudget] streaming=11.2ms topology=0.0ms visual=0.0ms spawn=0.0ms total=11.2ms/6.0ms world.streaming_v0=11.2ms(60)
STREAMING_STEP_TIMING total=17.30ms {"drain_packets":0.008,"drain_pages":0.006,"enqueue":3.35,"evict":0.234,"player_chunk":0.014,"prune":0.055,"publish":6.523,"queue_pages":7.093,"spawn":0.002,"wrap":0.009}
STREAMING_STEP_TIMING total=27.61ms {"drain_packets":0.059,"drain_pages":0.006,"enqueue":3.379,"evict":0.209,"player_chunk":0.014,"prune":0.028,"publish":16.841,"queue_pages":7.062,"spawn":0.002,"wrap":0.007}
STREAMING_STEP_TIMING total=18.78ms {"drain_packets":0.068,"drain_pages":0.005,"enqueue":3.334,"evict":0.272,"player_chunk":0.014,"prune":0.029,"publish":8.044,"queue_pages":7.006,"spawn":0.002,"wrap":0.007}
STREAMING_STEP_TIMING total=28.12ms {"drain_packets":0.061,"drain_pages":0.006,"enqueue":3.495,"evict":0.426,"player_chunk":0.014,"prune":0.024,"publish":17.012,"queue_pages":7.068,"spawn":0.003,"wrap":0.007}
STREAMING_STEP_TIMING total=17.20ms {"drain_packets":0.056,"drain_pages":0.005,"enqueue":3.304,"evict":0.318,"player_chunk":0.014,"prune":0.023,"publish":6.412,"queue_pages":7.052,"spawn":0.003,"wrap":0.007}
STREAMING_STEP_TIMING total=27.71ms {"drain_packets":0.064,"drain_pages":0.006,"enqueue":3.318,"evict":0.329,"player_chunk":0.012,"prune":0.02,"publish":16.701,"queue_pages":7.245,"spawn":0.002,"wrap":0.007}
STREAMING_STEP_TIMING total=17.28ms {"drain_packets":0.054,"drain_pages":0.005,"enqueue":3.283,"evict":0.36,"player_chunk":0.013,"prune":0.019,"publish":6.526,"queue_pages":7.009,"spawn":0.002,"wrap":0.007}
STREAMING_STEP_TIMING total=28.01ms {"drain_packets":0.053,"drain_pages":0.005,"enqueue":3.343,"evict":0.287,"player_chunk":0.012,"prune":0.015,"publish":17.174,"queue_pages":7.114,"spawn":0.001,"wrap":0.007}
STREAMING_STEP_TIMING total=17.11ms {"drain_packets":0.058,"drain_pages":0.005,"enqueue":3.3,"evict":0.285,"player_chunk":0.013,"prune":0.016,"publish":6.424,"queue_pages":6.998,"spawn":0.002,"wrap":0.008}
STREAMING_STEP_TIMING total=27.58ms {"drain_packets":0.006,"drain_pages":0.005,"enqueue":3.332,"evict":0.284,"player_chunk":0.016,"prune":0.011,"publish":16.826,"queue_pages":7.092,"spawn":0.002,"wrap":0.007}
STREAMING_STEP_TIMING total=17.38ms {"drain_packets":0.009,"drain_pages":0.005,"enqueue":3.367,"evict":0.302,"player_chunk":0.014,"prune":0.014,"publish":6.397,"queue_pages":7.261,"spawn":0.002,"wrap":0.009}
STREAMING_STEP_TIMING total=27.61ms {"drain_packets":0.007,"drain_pages":0.005,"enqueue":3.341,"evict":0.298,"player_chunk":0.018,"prune":0.008,"publish":16.893,"queue_pages":7.032,"spawn":0.002,"wrap":0.009}
STREAMING_STEP_TIMING total=17.84ms {"drain_packets":0.008,"drain_pages":0.005,"enqueue":3.426,"evict":0.28,"player_chunk":0.014,"prune":0.011,"publish":6.959,"queue_pages":7.122,"spawn":0.001,"wrap":0.008}
STREAMING_STEP_TIMING total=27.62ms {"drain_packets":0.009,"drain_pages":0.005,"enqueue":3.353,"evict":0.295,"player_chunk":0.015,"prune":0.004,"publish":16.853,"queue_pages":7.079,"spawn":0.001,"wrap":0.006}
STREAMING_STEP_TIMING total=10.86ms {"drain_packets":0.006,"drain_pages":0.005,"enqueue":3.28,"evict":0.293,"player_chunk":0.013,"prune":0.002,"publish":0.005,"queue_pages":7.246,"spawn":0.002,"wrap":0.008}
STREAMING_STEP_TIMING total=10.69ms {"drain_packets":0.005,"drain_pages":0.005,"enqueue":3.3,"evict":0.28,"player_chunk":0.018,"prune":0.002,"publish":0.004,"queue_pages":7.061,"spawn":0.002,"wrap":0.008}
STREAMING_STEP_TIMING total=10.92ms {"drain_packets":0.009,"drain_pages":0.005,"enqueue":3.38,"evict":0.287,"player_chunk":0.013,"prune":0.003,"publish":0.004,"queue_pages":7.207,"spawn":0.001,"wrap":0.008}
STREAMING_STEP_TIMING total=10.74ms {"drain_packets":0.006,"drain_pages":0.005,"enqueue":3.328,"evict":0.285,"player_chunk":0.016,"prune":0.002,"publish":0.005,"queue_pages":7.082,"spawn":0.001,"wrap":0.006}
STREAMING_STEP_TIMING total=10.59ms {"drain_packets":0.005,"drain_pages":0.005,"enqueue":3.321,"evict":0.269,"player_chunk":0.013,"prune":0.002,"publish":0.003,"queue_pages":6.964,"spawn":0.002,"wrap":0.008}
STREAMING_STEP_TIMING total=10.77ms {"drain_packets":0.007,"drain_pages":0.006,"enqueue":3.351,"evict":0.282,"player_chunk":0.012,"prune":0.004,"publish":0.004,"queue_pages":7.093,"spawn":0.002,"wrap":0.008}
ERROR: Parameter "t" is null.
   at: texture_2d_get (./servers/rendering/dummy/storage/texture_storage.h:106)
   GDScript backtrace (most recent call first):
       [0] _capture_viewport (res://tools/runtime_mountain_raster_walk_probe.gd:440)
       [1] _run (res://tools/runtime_mountain_raster_walk_probe.gd:96)
       [2] _wait_until_settled (res://tools/runtime_mountain_raster_walk_probe.gd:293)
STREAMING_STEP_TIMING total=10.64ms {"drain_packets":0.008,"drain_pages":0.005,"enqueue":3.319,"evict":0.283,"player_chunk":0.02,"prune":0.004,"publish":0.003,"queue_pages":6.984,"spawn":0.003,"wrap":0.012}
STREAMING_STEP_TIMING total=10.62ms {"drain_packets":0.004,"drain_pages":0.004,"enqueue":3.248,"evict":0.302,"player_chunk":0.017,"prune":0.002,"publish":0.006,"queue_pages":7.028,"spawn":0.002,"wrap":0.009}
STREAMING_STEP_TIMING total=10.60ms {"drain_packets":0.01,"drain_pages":0.006,"enqueue":3.304,"evict":0.272,"player_chunk":0.014,"prune":0.003,"publish":0.003,"queue_pages":6.976,"spawn":0.002,"wrap":0.008}
STREAMING_STEP_TIMING total=10.95ms {"drain_packets":0.01,"drain_pages":0.006,"enqueue":3.7,"evict":0.284,"player_chunk":0.01,"prune":0.007,"publish":0.004,"queue_pages":6.921,"spawn":0.001,"wrap":0.007}
STREAMING_STEP_TIMING total=10.58ms {"drain_packets":0.005,"drain_pages":0.004,"enqueue":3.248,"evict":0.286,"player_chunk":0.013,"prune":0.002,"publish":0.005,"queue_pages":7.003,"spawn":0.002,"wrap":0.007}
STREAMING_STEP_TIMING total=10.69ms {"drain_packets":0.006,"drain_pages":0.005,"enqueue":3.333,"evict":0.276,"player_chunk":0.015,"prune":0.003,"publish":0.003,"queue_pages":7.043,"spawn":0.001,"wrap":0.006}
STREAMING_STEP_TIMING total=10.81ms {"drain_packets":0.008,"drain_pages":0.005,"enqueue":3.429,"evict":0.289,"player_chunk":0.012,"prune":0.004,"publish":0.006,"queue_pages":7.046,"spawn":0.002,"wrap":0.006}
STREAMING_STEP_TIMING total=10.56ms {"drain_packets":0.006,"drain_pages":0.004,"enqueue":3.25,"evict":0.293,"player_chunk":0.017,"prune":0.001,"publish":0.005,"queue_pages":6.968,"spawn":0.002,"wrap":0.009}
STREAMING_STEP_TIMING total=10.52ms {"drain_packets":0.007,"drain_pages":0.005,"enqueue":3.272,"evict":0.269,"player_chunk":0.017,"prune":0.002,"publish":0.002,"queue_pages":6.932,"spawn":0.002,"wrap":0.012}
STREAMING_STEP_TIMING total=10.68ms {"drain_packets":0.007,"drain_pages":0.004,"enqueue":3.358,"evict":0.28,"player_chunk":0.011,"prune":0.003,"publish":0.005,"queue_pages":7.006,"spawn":0.001,"wrap":0.006}
STREAMING_STEP_TIMING total=10.73ms {"drain_packets":0.005,"drain_pages":0.004,"enqueue":3.29,"evict":0.288,"player_chunk":0.013,"prune":0.002,"publish":0.005,"queue_pages":7.116,"spawn":0.002,"wrap":0.008}
STREAMING_STEP_TIMING total=10.54ms {"drain_packets":0.005,"drain_pages":0.004,"enqueue":3.279,"evict":0.269,"player_chunk":0.016,"prune":0.002,"publish":0.002,"queue_pages":6.954,"spawn":0.002,"wrap":0.009}
STREAMING_STEP_TIMING total=10.70ms {"drain_packets":0.009,"drain_pages":0.006,"enqueue":3.34,"evict":0.28,"player_chunk":0.01,"prune":0.004,"publish":0.004,"queue_pages":7.038,"spawn":0.001,"wrap":0.006}
STREAMING_STEP_TIMING total=10.72ms {"drain_packets":0.005,"drain_pages":0.004,"enqueue":3.252,"evict":0.296,"player_chunk":0.016,"prune":0.002,"publish":0.005,"queue_pages":7.13,"spawn":0.001,"wrap":0.006}
STREAMING_STEP_TIMING total=10.63ms {"drain_packets":0.006,"drain_pages":0.005,"enqueue":3.284,"evict":0.272,"player_chunk":0.014,"prune":0.002,"publish":0.003,"queue_pages":7.031,"spawn":0.002,"wrap":0.007}
STREAMING_STEP_TIMING total=11.23ms {"drain_packets":0.011,"drain_pages":0.007,"enqueue":3.583,"evict":0.293,"player_chunk":0.011,"prune":0.006,"publish":0.005,"queue_pages":7.305,"spawn":0.002,"wrap":0.006}
STREAMING_STEP_TIMING total=11.54ms {"drain_packets":0.007,"drain_pages":0.004,"enqueue":3.417,"evict":0.332,"player_chunk":0.014,"prune":0.002,"publish":0.006,"queue_pages":7.749,"spawn":0.002,"wrap":0.009}
STREAMING_STEP_TIMING total=10.92ms {"drain_packets":0.006,"drain_pages":0.005,"enqueue":3.379,"evict":0.303,"player_chunk":0.017,"prune":0.002,"publish":0.005,"queue_pages":7.191,"spawn":0.002,"wrap":0.01}
STREAMING_STEP_TIMING total=11.12ms {"drain_packets":0.008,"drain_pages":0.005,"enqueue":3.567,"evict":0.32,"player_chunk":0.014,"prune":0.004,"publish":0.005,"queue_pages":7.181,"spawn":0.002,"wrap":0.014}
STREAMING_STEP_TIMING total=13.65ms {"drain_packets":0.006,"drain_pages":0.004,"enqueue":3.359,"evict":0.373,"player_chunk":0.017,"prune":0.002,"publish":0.007,"queue_pages":9.873,"spawn":0.001,"wrap":0.009}
STREAMING_STEP_TIMING total=13.01ms {"drain_packets":0.007,"drain_pages":0.006,"enqueue":4.084,"evict":0.357,"player_chunk":0.016,"prune":0.002,"publish":0.006,"queue_pages":8.516,"spawn":0.002,"wrap":0.009}
STREAMING_STEP_TIMING total=12.13ms {"drain_packets":0.007,"drain_pages":0.005,"enqueue":4.115,"evict":0.287,"player_chunk":0.02,"prune":0.002,"publish":0.004,"queue_pages":7.677,"spawn":0.002,"wrap":0.007}
STREAMING_STEP_TIMING total=10.58ms {"drain_packets":0.007,"drain_pages":0.005,"enqueue":3.275,"evict":0.275,"player_chunk":0.014,"prune":0.002,"publish":0.003,"queue_pages":6.992,"spawn":0.002,"wrap":0.008}
STREAMING_STEP_TIMING total=10.50ms {"drain_packets":0.006,"drain_pages":0.004,"enqueue":3.233,"evict":0.293,"player_chunk":0.013,"prune":0.002,"publish":0.005,"queue_pages":6.935,"spawn":0.001,"wrap":0.007}
STREAMING_STEP_TIMING total=10.56ms {"drain_packets":0.006,"drain_pages":0.005,"enqueue":3.258,"evict":0.302,"player_chunk":0.013,"prune":0.002,"publish":0.006,"queue_pages":6.955,"spawn":0.002,"wrap":0.008}
STREAMING_STEP_TIMING total=10.94ms {"drain_packets":0.007,"drain_pages":0.005,"enqueue":3.349,"evict":0.289,"player_chunk":0.018,"prune":0.002,"publish":0.005,"queue_pages":7.253,"spawn":0.002,"wrap":0.009}
STREAMING_STEP_TIMING total=11.02ms {"drain_packets":0.006,"drain_pages":0.006,"enqueue":3.34,"evict":0.3,"player_chunk":0.014,"prune":0.003,"publish":0.006,"queue_pages":7.331,"spawn":0.002,"wrap":0.008}
STREAMING_STEP_TIMING total=12.11ms {"drain_packets":0.008,"drain_pages":0.006,"enqueue":3.542,"evict":0.353,"player_chunk":0.017,"prune":0.004,"publish":0.007,"queue_pages":8.163,"spawn":0.001,"wrap":0.01}
STREAMING_STEP_TIMING total=12.63ms {"drain_packets":0.008,"drain_pages":0.006,"enqueue":4.05,"evict":0.337,"player_chunk":0.016,"prune":0.002,"publish":0.005,"queue_pages":8.19,"spawn":0.002,"wrap":0.009}
STREAMING_STEP_TIMING total=12.71ms {"drain_packets":0.009,"drain_pages":0.006,"enqueue":4.136,"evict":0.342,"player_chunk":0.02,"prune":0.003,"publish":0.005,"queue_pages":8.179,"spawn":0.002,"wrap":0.006}
STREAMING_STEP_TIMING total=10.79ms {"drain_packets":0.006,"drain_pages":0.005,"enqueue":3.39,"evict":0.293,"player_chunk":0.015,"prune":0.002,"publish":0.004,"queue_pages":7.066,"spawn":0.002,"wrap":0.009}
STREAMING_STEP_TIMING total=10.73ms {"drain_packets":0.006,"drain_pages":0.004,"enqueue":3.344,"evict":0.292,"player_chunk":0.016,"prune":0.002,"publish":0.004,"queue_pages":7.051,"spawn":0.001,"wrap":0.011}
STREAMING_STEP_TIMING total=10.80ms {"drain_packets":0.006,"drain_pages":0.005,"enqueue":3.348,"evict":0.296,"player_chunk":0.013,"prune":0.003,"publish":0.006,"queue_pages":7.107,"spawn":0.002,"wrap":0.008}
STREAMING_STEP_TIMING total=10.71ms {"drain_packets":0.007,"drain_pages":0.005,"enqueue":3.239,"evict":0.282,"player_chunk":0.018,"prune":0.002,"publish":0.005,"queue_pages":7.142,"spawn":0.002,"wrap":0.01}
STREAMING_STEP_TIMING total=10.61ms {"drain_packets":0.005,"drain_pages":0.005,"enqueue":3.233,"evict":0.286,"player_chunk":0.013,"prune":0.002,"publish":0.006,"queue_pages":7.046,"spawn":0.001,"wrap":0.008}
STREAMING_STEP_TIMING total=10.72ms {"drain_packets":0.01,"drain_pages":0.006,"enqueue":3.409,"evict":0.274,"player_chunk":0.018,"prune":0.005,"publish":0.003,"queue_pages":6.985,"spawn":0.002,"wrap":0.009}
STREAMING_STEP_TIMING total=10.69ms {"drain_packets":0.007,"drain_pages":0.004,"enqueue":3.328,"evict":0.279,"player_chunk":0.013,"prune":0.003,"publish":0.005,"queue_pages":7.042,"spawn":0.002,"wrap":0.007}
STREAMING_STEP_TIMING total=10.68ms {"drain_packets":0.006,"drain_pages":0.004,"enqueue":3.266,"evict":0.291,"player_chunk":0.016,"prune":0.002,"publish":0.005,"queue_pages":7.082,"spawn":0.002,"wrap":0.005}
STREAMING_STEP_TIMING total=10.62ms {"drain_packets":0.007,"drain_pages":0.006,"enqueue":3.314,"evict":0.275,"player_chunk":0.014,"prune":0.003,"publish":0.004,"queue_pages":6.986,"spawn":0.002,"wrap":0.008}
STREAMING_STEP_TIMING total=10.79ms {"drain_packets":0.007,"drain_pages":0.006,"enqueue":3.309,"evict":0.299,"player_chunk":0.017,"prune":0.003,"publish":0.005,"queue_pages":7.13,"spawn":0.001,"wrap":0.01}
STREAMING_STEP_TIMING total=10.81ms {"drain_packets":0.005,"drain_pages":0.005,"enqueue":3.298,"evict":0.302,"player_chunk":0.014,"prune":0.003,"publish":0.006,"queue_pages":7.169,"spawn":0.002,"wrap":0.008}
STREAMING_STEP_TIMING total=10.58ms {"drain_packets":0.007,"drain_pages":0.005,"enqueue":3.297,"evict":0.319,"player_chunk":0.016,"prune":0.002,"publish":0.004,"queue_pages":6.916,"spawn":0.001,"wrap":0.01}
STREAMING_STEP_TIMING total=10.67ms {"drain_packets":0.008,"drain_pages":0.005,"enqueue":3.345,"evict":0.286,"player_chunk":0.013,"prune":0.004,"publish":0.005,"queue_pages":6.994,"spawn":0.001,"wrap":0.008}
STREAMING_STEP_TIMING total=10.68ms {"drain_packets":0.006,"drain_pages":0.004,"enqueue":3.291,"evict":0.294,"player_chunk":0.017,"prune":0.002,"publish":0.005,"queue_pages":7.045,"spawn":0.002,"wrap":0.009}
STREAMING_STEP_TIMING total=10.76ms {"drain_packets":0.006,"drain_pages":0.004,"enqueue":3.313,"evict":0.284,"player_chunk":0.013,"prune":0.002,"publish":0.004,"queue_pages":7.127,"spawn":0.002,"wrap":0.008}
STREAMING_STEP_TIMING total=12.11ms {"drain_packets":0.01,"drain_pages":0.007,"enqueue":3.609,"evict":0.365,"player_chunk":0.015,"prune":0.004,"publish":0.005,"queue_pages":8.084,"spawn":0.001,"wrap":0.006}
STREAMING_STEP_TIMING total=12.69ms {"drain_packets":0.007,"drain_pages":0.005,"enqueue":4.073,"evict":0.352,"player_chunk":0.015,"prune":0.002,"publish":0.007,"queue_pages":8.214,"spawn":0.002,"wrap":0.009}
STREAMING_STEP_TIMING total=13.68ms {"drain_packets":0.01,"drain_pages":0.005,"enqueue":4.061,"evict":0.456,"player_chunk":0.019,"prune":0.002,"publish":0.007,"queue_pages":9.1,"spawn":0.002,"wrap":0.01}
STREAMING_STEP_TIMING total=14.35ms {"drain_packets":0.01,"drain_pages":0.007,"enqueue":5.21,"evict":0.299,"player_chunk":0.019,"prune":0.004,"publish":0.007,"queue_pages":8.78,"spawn":0.003,"wrap":0.011}
STREAMING_STEP_TIMING total=10.73ms {"drain_packets":0.007,"drain_pages":0.005,"enqueue":3.36,"evict":0.285,"player_chunk":0.019,"prune":0.003,"publish":0.004,"queue_pages":7.034,"spawn":0.001,"wrap":0.01}
STREAMING_STEP_TIMING total=10.83ms {"drain_packets":0.008,"drain_pages":0.007,"enqueue":3.414,"evict":0.283,"player_chunk":0.016,"prune":0.004,"publish":0.005,"queue_pages":7.081,"spawn":0.002,"wrap":0.009}
STREAMING_STEP_TIMING total=10.86ms {"drain_packets":0.006,"drain_pages":0.005,"enqueue":3.283,"evict":0.359,"player_chunk":0.017,"prune":0.001,"publish":0.005,"queue_pages":7.169,"spawn":0.001,"wrap":0.01}
STREAMING_STEP_TIMING total=10.69ms {"drain_packets":0.008,"drain_pages":0.005,"enqueue":3.295,"evict":0.279,"player_chunk":0.013,"prune":0.002,"publish":0.005,"queue_pages":7.068,"spawn":0.002,"wrap":0.009}
STREAMING_STEP_TIMING total=10.93ms {"drain_packets":0.008,"drain_pages":0.006,"enqueue":3.411,"evict":0.284,"player_chunk":0.015,"prune":0.005,"publish":0.005,"queue_pages":7.187,"spawn":0.002,"wrap":0.006}
STREAMING_STEP_TIMING total=10.93ms {"drain_packets":0.006,"drain_pages":0.006,"enqueue":3.413,"evict":0.303,"player_chunk":0.013,"prune":0.004,"publish":0.004,"queue_pages":7.17,"spawn":0.002,"wrap":0.008}
STREAMING_STEP_TIMING total=10.74ms {"drain_packets":0.005,"drain_pages":0.012,"enqueue":3.308,"evict":0.271,"player_chunk":0.016,"prune":0.002,"publish":0.003,"queue_pages":7.113,"spawn":0.002,"wrap":0.009}
STREAMING_STEP_TIMING total=10.80ms {"drain_packets":0.006,"drain_pages":0.005,"enqueue":3.35,"evict":0.285,"player_chunk":0.011,"prune":0.003,"publish":0.005,"queue_pages":7.12,"spawn":0.001,"wrap":0.007}
STREAMING_STEP_TIMING total=11.31ms {"drain_packets":0.006,"drain_pages":0.005,"enqueue":3.41,"evict":0.31,"player_chunk":0.017,"prune":0.002,"publish":0.006,"queue_pages":7.543,"spawn":0.001,"wrap":0.009}
STREAMING_STEP_TIMING total=10.69ms {"drain_packets":0.006,"drain_pages":0.004,"enqueue":3.266,"evict":0.274,"player_chunk":0.013,"prune":0.001,"publish":0.003,"queue_pages":7.113,"spawn":0.002,"wrap":0.008}
STREAMING_STEP_TIMING total=10.89ms {"drain_packets":0.006,"drain_pages":0.005,"enqueue":3.309,"evict":0.281,"player_chunk":0.011,"prune":0.002,"publish":0.004,"queue_pages":7.264,"spawn":0.001,"wrap":0.007}
STREAMING_STEP_TIMING total=10.65ms {"drain_packets":0.004,"drain_pages":0.004,"enqueue":3.25,"evict":0.285,"player_chunk":0.012,"prune":0.002,"publish":0.004,"queue_pages":7.084,"spawn":0.002,"wrap":0.007}
STREAMING_STEP_TIMING total=10.66ms {"drain_packets":0.005,"drain_pages":0.004,"enqueue":3.273,"evict":0.276,"player_chunk":0.015,"prune":0.002,"publish":0.003,"queue_pages":7.068,"spawn":0.002,"wrap":0.006}
STREAMING_STEP_TIMING total=10.81ms {"drain_packets":0.012,"drain_pages":0.007,"enqueue":3.355,"evict":0.293,"player_chunk":0.014,"prune":0.005,"publish":0.005,"queue_pages":7.108,"spawn":0.002,"wrap":0.007}
STREAMING_STEP_TIMING total=10.74ms {"drain_packets":0.005,"drain_pages":0.005,"enqueue":3.247,"evict":0.356,"player_chunk":0.016,"prune":0.002,"publish":0.007,"queue_pages":7.089,"spawn":0.002,"wrap":0.009}
STREAMING_STEP_TIMING total=10.77ms {"drain_packets":0.007,"drain_pages":0.005,"enqueue":3.357,"evict":0.279,"player_chunk":0.013,"prune":0.003,"publish":0.004,"queue_pages":7.093,"spawn":0.002,"wrap":0.007}
STREAMING_STEP_TIMING total=10.96ms {"drain_packets":0.009,"drain_pages":0.005,"enqueue":3.454,"evict":0.287,"player_chunk":0.016,"prune":0.004,"publish":0.004,"queue_pages":7.164,"spawn":0.002,"wrap":0.009}
STREAMING_STEP_TIMING total=10.75ms {"drain_packets":0.006,"drain_pages":0.004,"enqueue":3.258,"evict":0.307,"player_chunk":0.013,"prune":0.002,"publish":0.006,"queue_pages":7.142,"spawn":0.002,"wrap":0.007}
STREAMING_STEP_TIMING total=10.57ms {"drain_packets":0.007,"drain_pages":0.005,"enqueue":3.256,"evict":0.273,"player_chunk":0.017,"prune":0.003,"publish":0.003,"queue_pages":6.993,"spawn":0.001,"wrap":0.009}
STREAMING_STEP_TIMING total=10.71ms {"drain_packets":0.009,"drain_pages":0.005,"enqueue":3.295,"evict":0.292,"player_chunk":0.012,"prune":0.004,"publish":0.005,"queue_pages":7.073,"spawn":0.001,"wrap":0.008}
STREAMING_STEP_TIMING total=10.92ms {"drain_packets":0.006,"drain_pages":0.005,"enqueue":3.321,"evict":0.295,"player_chunk":0.015,"prune":0.002,"publish":0.007,"queue_pages":7.255,"spawn":0.002,"wrap":0.006}
STREAMING_STEP_TIMING total=10.72ms {"drain_packets":0.006,"drain_pages":0.005,"enqueue":3.309,"evict":0.281,"player_chunk":0.013,"prune":0.002,"publish":0.003,"queue_pages":7.089,"spawn":0.002,"wrap":0.008}
STREAMING_STEP_TIMING total=10.73ms {"drain_packets":0.007,"drain_pages":0.005,"enqueue":3.345,"evict":0.283,"player_chunk":0.016,"prune":0.004,"publish":0.005,"queue_pages":7.049,"spawn":0.002,"wrap":0.009}
STREAMING_STEP_TIMING total=10.74ms {"drain_packets":0.006,"drain_pages":0.004,"enqueue":3.275,"evict":0.293,"player_chunk":0.013,"prune":0.001,"publish":0.004,"queue_pages":7.136,"spawn":0.002,"wrap":0.007}
STREAMING_STEP_TIMING total=10.69ms {"drain_packets":0.006,"drain_pages":0.004,"enqueue":3.283,"evict":0.29,"player_chunk":0.017,"prune":0.001,"publish":0.003,"queue_pages":7.073,"spawn":0.001,"wrap":0.009}
STREAMING_STEP_TIMING total=15.32ms {"drain_packets":0.013,"drain_pages":0.007,"enqueue":4.034,"evict":0.439,"player_chunk":0.013,"prune":0.006,"publish":0.006,"queue_pages":10.785,"spawn":0.002,"wrap":0.007}
STREAMING_STEP_TIMING total=11.98ms {"drain_packets":0.011,"drain_pages":0.006,"enqueue":3.511,"evict":0.334,"player_chunk":0.016,"prune":0.005,"publish":0.004,"queue_pages":8.082,"spawn":0.002,"wrap":0.01}
STREAMING_STEP_TIMING total=11.84ms {"drain_packets":0.006,"drain_pages":0.003,"enqueue":4.054,"evict":0.299,"player_chunk":0.016,"prune":0.002,"publish":0.006,"queue_pages":7.444,"spawn":0.002,"wrap":0.008}
STREAMING_STEP_TIMING total=10.94ms {"drain_packets":0.006,"drain_pages":0.005,"enqueue":3.313,"evict":0.303,"player_chunk":0.017,"prune":0.002,"publish":0.004,"queue_pages":7.282,"spawn":0.002,"wrap":0.007}
STREAMING_STEP_TIMING total=10.59ms {"drain_packets":0.007,"drain_pages":0.005,"enqueue":3.303,"evict":0.281,"player_chunk":0.013,"prune":0.003,"publish":0.004,"queue_pages":6.963,"spawn":0.002,"wrap":0.008}
STREAMING_STEP_TIMING total=10.74ms {"drain_packets":0.006,"drain_pages":0.005,"enqueue":3.286,"evict":0.283,"player_chunk":0.016,"prune":0.002,"publish":0.005,"queue_pages":7.124,"spawn":0.002,"wrap":0.009}
STREAMING_STEP_TIMING total=11.45ms {"drain_packets":0.006,"drain_pages":0.005,"enqueue":3.298,"evict":0.359,"player_chunk":0.013,"prune":0.002,"publish":0.006,"queue_pages":7.748,"spawn":0.002,"wrap":0.008}
STREAMING_STEP_TIMING total=12.67ms {"drain_packets":0.008,"drain_pages":0.006,"enqueue":4.163,"evict":0.35,"player_chunk":0.022,"prune":0.002,"publish":0.006,"queue_pages":8.098,"spawn":0.002,"wrap":0.011}
STREAMING_STEP_TIMING total=13.07ms {"drain_packets":0.01,"drain_pages":0.006,"enqueue":4.471,"evict":0.336,"player_chunk":0.016,"prune":0.005,"publish":0.004,"queue_pages":8.211,"spawn":0.001,"wrap":0.009}
STREAMING_STEP_TIMING total=10.64ms {"drain_packets":0.007,"drain_pages":0.005,"enqueue":3.383,"evict":0.276,"player_chunk":0.019,"prune":0.003,"publish":0.003,"queue_pages":6.933,"spawn":0.002,"wrap":0.011}
STREAMING_STEP_TIMING total=10.56ms {"drain_packets":0.004,"drain_pages":0.005,"enqueue":3.318,"evict":0.271,"player_chunk":0.013,"prune":0.002,"publish":0.004,"queue_pages":6.934,"spawn":0.003,"wrap":0.007}
STREAMING_STEP_TIMING total=10.87ms {"drain_packets":0.008,"drain_pages":0.005,"enqueue":3.32,"evict":0.328,"player_chunk":0.013,"prune":0.002,"publish":0.003,"queue_pages":7.18,"spawn":0.001,"wrap":0.006}
STREAMING_STEP_TIMING total=10.58ms {"drain_packets":0.005,"drain_pages":0.004,"enqueue":3.251,"evict":0.287,"player_chunk":0.013,"prune":0.002,"publish":0.004,"queue_pages":7.001,"spawn":0.001,"wrap":0.007}
STREAMING_STEP_TIMING total=11.86ms {"drain_packets":0.009,"drain_pages":0.005,"enqueue":3.313,"evict":0.349,"player_chunk":0.017,"prune":0.003,"publish":0.005,"queue_pages":8.145,"spawn":0.002,"wrap":0.009}
STREAMING_STEP_TIMING total=14.59ms {"drain_packets":0.007,"drain_pages":0.005,"enqueue":4.101,"evict":0.448,"player_chunk":0.016,"prune":0.003,"publish":0.007,"queue_pages":9.985,"spawn":0.002,"wrap":0.009}
STREAMING_STEP_TIMING total=13.73ms {"drain_packets":0.011,"drain_pages":0.006,"enqueue":5.234,"evict":0.299,"player_chunk":0.025,"prune":0.004,"publish":0.006,"queue_pages":8.129,"spawn":0.002,"wrap":0.014}
STREAMING_STEP_TIMING total=10.95ms {"drain_packets":0.009,"drain_pages":0.005,"enqueue":3.427,"evict":0.285,"player_chunk":0.014,"prune":0.004,"publish":0.005,"queue_pages":7.191,"spawn":0.002,"wrap":0.008}
STREAMING_STEP_TIMING total=10.94ms {"drain_packets":0.005,"drain_pages":0.004,"enqueue":3.281,"evict":0.296,"player_chunk":0.017,"prune":0.002,"publish":0.006,"queue_pages":7.312,"spawn":0.002,"wrap":0.009}
STREAMING_STEP_TIMING total=13.00ms {"drain_packets":0.011,"drain_pages":0.007,"enqueue":3.91,"evict":0.468,"player_chunk":0.014,"prune":0.006,"publish":0.008,"queue_pages":8.563,"spawn":0.002,"wrap":0.009}
STREAMING_STEP_TIMING total=12.62ms {"drain_packets":0.014,"drain_pages":0.007,"enqueue":5.289,"evict":0.289,"player_chunk":0.029,"prune":0.007,"publish":0.005,"queue_pages":6.962,"spawn":0.003,"wrap":0.009}
STREAMING_STEP_TIMING total=12.70ms {"drain_packets":0.008,"drain_pages":0.006,"enqueue":3.487,"evict":0.442,"player_chunk":0.014,"prune":0.003,"publish":0.007,"queue_pages":8.716,"spawn":0.002,"wrap":0.008}
STREAMING_STEP_TIMING total=14.74ms {"drain_packets":0.011,"drain_pages":0.007,"enqueue":5.207,"evict":0.309,"player_chunk":0.023,"prune":0.004,"publish":0.006,"queue_pages":9.154,"spawn":0.002,"wrap":0.014}
STREAMING_STEP_TIMING total=10.80ms {"drain_packets":0.006,"drain_pages":0.005,"enqueue":3.307,"evict":0.305,"player_chunk":0.013,"prune":0.002,"publish":0.009,"queue_pages":7.141,"spawn":0.003,"wrap":0.009}
STREAMING_STEP_TIMING total=10.63ms {"drain_packets":0.006,"drain_pages":0.005,"enqueue":3.322,"evict":0.279,"player_chunk":0.017,"prune":0.002,"publish":0.004,"queue_pages":6.986,"spawn":0.002,"wrap":0.01}
STREAMING_STEP_TIMING total=14.33ms {"drain_packets":0.009,"drain_pages":0.005,"enqueue":3.474,"evict":0.435,"player_chunk":0.014,"prune":0.004,"publish":0.007,"queue_pages":10.369,"spawn":0.001,"wrap":0.008}
STREAMING_STEP_TIMING total=12.85ms {"drain_packets":0.014,"drain_pages":0.008,"enqueue":5.184,"evict":0.285,"player_chunk":0.023,"prune":0.011,"publish":0.005,"queue_pages":7.299,"spawn":0.002,"wrap":0.013}
[FrameBudget] streaming=13.5ms topology=0.0ms visual=0.0ms spawn=0.0ms total=13.5ms/6.0ms world.streaming_v0=13.5ms(60)
STREAMING_STEP_TIMING total=10.67ms {"drain_packets":0.006,"drain_pages":0.006,"enqueue":3.247,"evict":0.286,"player_chunk":0.014,"prune":0.002,"publish":0.005,"queue_pages":7.09,"spawn":0.002,"wrap":0.008}
STREAMING_STEP_TIMING total=10.41ms {"drain_packets":0.006,"drain_pages":0.005,"enqueue":3.224,"evict":0.271,"player_chunk":0.016,"prune":0.002,"publish":0.003,"queue_pages":6.875,"spawn":0.002,"wrap":0.006}
STREAMING_STEP_TIMING total=10.59ms {"drain_packets":0.009,"drain_pages":0.005,"enqueue":3.364,"evict":0.279,"player_chunk":0.013,"prune":0.004,"publish":0.004,"queue_pages":6.904,"spawn":0.002,"wrap":0.007}
STREAMING_STEP_TIMING total=12.56ms {"drain_packets":0.005,"drain_pages":0.005,"enqueue":3.241,"evict":0.446,"player_chunk":0.017,"prune":0.001,"publish":0.007,"queue_pages":8.822,"spawn":0.002,"wrap":0.009}
STREAMING_STEP_TIMING total=14.28ms {"drain_packets":0.009,"drain_pages":0.007,"enqueue":5.189,"evict":0.298,"player_chunk":0.019,"prune":0.004,"publish":0.006,"queue_pages":8.733,"spawn":0.003,"wrap":0.013}
STREAMING_STEP_TIMING total=10.45ms {"drain_packets":0.005,"drain_pages":0.005,"enqueue":3.231,"evict":0.27,"player_chunk":0.018,"prune":0.002,"publish":0.002,"queue_pages":6.907,"spawn":0.001,"wrap":0.01}
STREAMING_STEP_TIMING total=10.63ms {"drain_packets":0.009,"drain_pages":0.004,"enqueue":3.435,"evict":0.275,"player_chunk":0.01,"prune":0.005,"publish":0.003,"queue_pages":6.883,"spawn":0.001,"wrap":0.006}
STREAMING_STEP_TIMING total=11.06ms {"drain_packets":0.004,"drain_pages":0.003,"enqueue":3.288,"evict":0.296,"player_chunk":0.017,"prune":0.002,"publish":0.005,"queue_pages":7.429,"spawn":0.002,"wrap":0.009}
STREAMING_STEP_TIMING total=10.69ms {"drain_packets":0.006,"drain_pages":0.005,"enqueue":3.266,"evict":0.284,"player_chunk":0.013,"prune":0.002,"publish":0.004,"queue_pages":7.097,"spawn":0.001,"wrap":0.008}
STREAMING_STEP_TIMING total=10.79ms {"drain_packets":0.008,"drain_pages":0.005,"enqueue":3.38,"evict":0.279,"player_chunk":0.016,"prune":0.004,"publish":0.004,"queue_pages":7.09,"spawn":0.001,"wrap":0.006}
STREAMING_STEP_TIMING total=10.68ms {"drain_packets":0.008,"drain_pages":0.005,"enqueue":3.325,"evict":0.286,"player_chunk":0.013,"prune":0.003,"publish":0.005,"queue_pages":7.026,"spawn":0.002,"wrap":0.008}
STREAMING_STEP_TIMING total=10.51ms {"drain_packets":0.006,"drain_pages":0.004,"enqueue":3.251,"evict":0.279,"player_chunk":0.018,"prune":0.002,"publish":0.003,"queue_pages":6.936,"spawn":0.002,"wrap":0.011}
STREAMING_STEP_TIMING total=10.48ms {"drain_packets":0.008,"drain_pages":0.005,"enqueue":3.237,"evict":0.277,"player_chunk":0.013,"prune":0.004,"publish":0.005,"queue_pages":6.925,"spawn":0.002,"wrap":0.007}
STREAMING_STEP_TIMING total=10.91ms {"drain_packets":0.007,"drain_pages":0.005,"enqueue":3.669,"evict":0.291,"player_chunk":0.018,"prune":0.003,"publish":0.005,"queue_pages":6.899,"spawn":0.006,"wrap":0.009}
STREAMING_STEP_TIMING total=10.60ms {"drain_packets":0.005,"drain_pages":0.005,"enqueue":3.276,"evict":0.286,"player_chunk":0.013,"prune":0.002,"publish":0.005,"queue_pages":6.998,"spawn":0.002,"wrap":0.008}
STREAMING_STEP_TIMING total=10.88ms {"drain_packets":0.008,"drain_pages":0.006,"enqueue":3.401,"evict":0.32,"player_chunk":0.016,"prune":0.003,"publish":0.004,"queue_pages":7.11,"spawn":0.002,"wrap":0.009}
STREAMING_STEP_TIMING total=10.59ms {"drain_packets":0.006,"drain_pages":0.004,"enqueue":3.277,"evict":0.285,"player_chunk":0.013,"prune":0.002,"publish":0.006,"queue_pages":6.984,"spawn":0.002,"wrap":0.008}
STREAMING_STEP_TIMING total=10.78ms {"drain_packets":0.006,"drain_pages":0.005,"enqueue":3.333,"evict":0.275,"player_chunk":0.016,"prune":0.001,"publish":0.003,"queue_pages":7.127,"spawn":0.002,"wrap":0.005}
STREAMING_STEP_TIMING total=10.72ms {"drain_packets":0.008,"drain_pages":0.005,"enqueue":3.298,"evict":0.276,"player_chunk":0.012,"prune":0.003,"publish":0.004,"queue_pages":7.102,"spawn":0.002,"wrap":0.006}
STREAMING_STEP_TIMING total=10.79ms {"drain_packets":0.005,"drain_pages":0.003,"enqueue":3.28,"evict":0.294,"player_chunk":0.015,"prune":0.002,"publish":0.005,"queue_pages":7.172,"spawn":0.001,"wrap":0.009}
STREAMING_STEP_TIMING total=10.67ms {"drain_packets":0.005,"drain_pages":0.005,"enqueue":3.33,"evict":0.279,"player_chunk":0.013,"prune":0.002,"publish":0.002,"queue_pages":7.021,"spawn":0.001,"wrap":0.008}
STREAMING_STEP_TIMING total=10.62ms {"drain_packets":0.007,"drain_pages":0.005,"enqueue":3.271,"evict":0.295,"player_chunk":0.011,"prune":0.003,"publish":0.004,"queue_pages":7.015,"spawn":0.001,"wrap":0.007}
STREAMING_STEP_TIMING total=10.70ms {"drain_packets":0.006,"drain_pages":0.005,"enqueue":3.261,"evict":0.299,"player_chunk":0.012,"prune":0.002,"publish":0.005,"queue_pages":7.094,"spawn":0.002,"wrap":0.007}
STREAMING_STEP_TIMING total=10.81ms {"drain_packets":0.007,"drain_pages":0.004,"enqueue":3.373,"evict":0.28,"player_chunk":0.016,"prune":0.002,"publish":0.004,"queue_pages":7.108,"spawn":0.002,"wrap":0.01}
STREAMING_STEP_TIMING total=10.70ms {"drain_packets":0.009,"drain_pages":0.005,"enqueue":3.344,"evict":0.283,"player_chunk":0.015,"prune":0.003,"publish":0.004,"queue_pages":7.011,"spawn":0.003,"wrap":0.018}
STREAMING_STEP_TIMING total=10.69ms {"drain_packets":0.006,"drain_pages":0.005,"enqueue":3.251,"evict":0.286,"player_chunk":0.016,"prune":0.002,"publish":0.005,"queue_pages":7.108,"spawn":0.002,"wrap":0.006}
STREAMING_STEP_TIMING total=10.58ms {"drain_packets":0.007,"drain_pages":0.004,"enqueue":3.267,"evict":0.28,"player_chunk":0.014,"prune":0.002,"publish":0.004,"queue_pages":6.99,"spawn":0.002,"wrap":0.008}
STREAMING_STEP_TIMING total=10.72ms {"drain_packets":0.008,"drain_pages":0.005,"enqueue":3.409,"evict":0.282,"player_chunk":0.02,"prune":0.004,"publish":0.004,"queue_pages":6.972,"spawn":0.002,"wrap":0.012}
STREAMING_STEP_TIMING total=10.77ms {"drain_packets":0.006,"drain_pages":0.005,"enqueue":3.307,"evict":0.293,"player_chunk":0.013,"prune":0.002,"publish":0.005,"queue_pages":7.123,"spawn":0.002,"wrap":0.008}
STREAMING_STEP_TIMING total=10.64ms {"drain_packets":0.005,"drain_pages":0.006,"enqueue":3.307,"evict":0.278,"player_chunk":0.016,"prune":0.003,"publish":0.003,"queue_pages":7.013,"spawn":0.002,"wrap":0.009}
STREAMING_STEP_TIMING total=11.23ms {"drain_packets":0.009,"drain_pages":0.005,"enqueue":3.963,"evict":0.287,"player_chunk":0.018,"prune":0.005,"publish":0.004,"queue_pages":6.922,"spawn":0.003,"wrap":0.013}
STREAMING_STEP_TIMING total=10.72ms {"drain_packets":0.006,"drain_pages":0.004,"enqueue":3.3,"evict":0.289,"player_chunk":0.019,"prune":0.002,"publish":0.005,"queue_pages":7.078,"spawn":0.002,"wrap":0.01}
STREAMING_STEP_TIMING total=10.72ms {"drain_packets":0.005,"drain_pages":0.005,"enqueue":3.307,"evict":0.301,"player_chunk":0.014,"prune":0.003,"publish":0.005,"queue_pages":7.065,"spawn":0.002,"wrap":0.007}
STREAMING_STEP_TIMING total=10.73ms {"drain_packets":0.008,"drain_pages":0.005,"enqueue":3.42,"evict":0.277,"player_chunk":0.016,"prune":0.003,"publish":0.003,"queue_pages":6.987,"spawn":0.002,"wrap":0.006}
STREAMING_STEP_TIMING total=10.70ms {"drain_packets":0.005,"drain_pages":0.005,"enqueue":3.309,"evict":0.29,"player_chunk":0.013,"prune":0.003,"publish":0.005,"queue_pages":7.058,"spawn":0.002,"wrap":0.008}
STREAMING_STEP_TIMING total=10.80ms {"drain_packets":0.005,"drain_pages":0.005,"enqueue":3.31,"evict":0.312,"player_chunk":0.016,"prune":0.002,"publish":0.005,"queue_pages":7.13,"spawn":0.001,"wrap":0.011}
STREAMING_STEP_TIMING total=10.67ms {"drain_packets":0.009,"drain_pages":0.006,"enqueue":3.355,"evict":0.277,"player_chunk":0.014,"prune":0.004,"publish":0.003,"queue_pages":6.992,"spawn":0.002,"wrap":0.009}
STREAMING_STEP_TIMING total=10.76ms {"drain_packets":0.004,"drain_pages":0.004,"enqueue":3.232,"evict":0.294,"player_chunk":0.017,"prune":0.003,"publish":0.006,"queue_pages":7.187,"spawn":0.002,"wrap":0.009}
STREAMING_STEP_TIMING total=10.76ms {"drain_packets":0.005,"drain_pages":0.004,"enqueue":3.238,"evict":0.304,"player_chunk":0.014,"prune":0.002,"publish":0.006,"queue_pages":7.174,"spawn":0.002,"wrap":0.009}
STREAMING_STEP_TIMING total=10.62ms {"drain_packets":0.007,"drain_pages":0.006,"enqueue":3.317,"evict":0.279,"player_chunk":0.02,"prune":0.003,"publish":0.005,"queue_pages":6.971,"spawn":0.002,"wrap":0.011}
STREAMING_STEP_TIMING total=10.81ms {"drain_packets":0.007,"drain_pages":0.004,"enqueue":3.292,"evict":0.297,"player_chunk":0.014,"prune":0.002,"publish":0.006,"queue_pages":7.177,"spawn":0.002,"wrap":0.008}
STREAMING_STEP_TIMING total=10.86ms {"drain_packets":0.007,"drain_pages":0.004,"enqueue":3.306,"evict":0.293,"player_chunk":0.016,"prune":0.002,"publish":0.007,"queue_pages":7.218,"spawn":0.002,"wrap":0.006}
STREAMING_STEP_TIMING total=10.72ms {"drain_packets":0.007,"drain_pages":0.004,"enqueue":3.369,"evict":0.28,"player_chunk":0.013,"prune":0.004,"publish":0.005,"queue_pages":7.023,"spawn":0.002,"wrap":0.008}
STREAMING_STEP_TIMING total=10.79ms {"drain_packets":0.006,"drain_pages":0.005,"enqueue":3.366,"evict":0.288,"player_chunk":0.016,"prune":0.004,"publish":0.005,"queue_pages":7.086,"spawn":0.002,"wrap":0.009}
STREAMING_STEP_TIMING total=10.80ms {"drain_packets":0.005,"drain_pages":0.005,"enqueue":3.322,"evict":0.293,"player_chunk":0.013,"prune":0.002,"publish":0.006,"queue_pages":7.141,"spawn":0.002,"wrap":0.008}
STREAMING_STEP_TIMING total=10.65ms {"drain_packets":0.007,"drain_pages":0.005,"enqueue":3.355,"evict":0.277,"player_chunk":0.018,"prune":0.003,"publish":0.004,"queue_pages":6.963,"spawn":0.002,"wrap":0.011}
STREAMING_STEP_TIMING total=10.74ms {"drain_packets":0.006,"drain_pages":0.004,"enqueue":3.355,"evict":0.283,"player_chunk":0.013,"prune":0.003,"publish":0.005,"queue_pages":7.061,"spawn":0.002,"wrap":0.007}
STREAMING_STEP_TIMING total=10.62ms {"drain_packets":0.006,"drain_pages":0.005,"enqueue":3.26,"evict":0.281,"player_chunk":0.017,"prune":0.003,"publish":0.005,"queue_pages":7.027,"spawn":0.002,"wrap":0.009}
STREAMING_STEP_TIMING total=10.75ms {"drain_packets":0.006,"drain_pages":0.006,"enqueue":3.372,"evict":0.287,"player_chunk":0.015,"prune":0.003,"publish":0.004,"queue_pages":7.04,"spawn":0.002,"wrap":0.009}
STREAMING_STEP_TIMING total=10.93ms {"drain_packets":0.007,"drain_pages":0.005,"enqueue":3.408,"evict":0.29,"player_chunk":0.016,"prune":0.003,"publish":0.005,"queue_pages":7.186,"spawn":0.001,"wrap":0.006}
STREAMING_STEP_TIMING total=10.51ms {"drain_packets":0.007,"drain_pages":0.006,"enqueue":3.245,"evict":0.293,"player_chunk":0.017,"prune":0.002,"publish":0.006,"queue_pages":6.924,"spawn":0.002,"wrap":0.01}
STREAMING_STEP_TIMING total=10.65ms {"drain_packets":0.007,"drain_pages":0.005,"enqueue":3.287,"evict":0.286,"player_chunk":0.018,"prune":0.001,"publish":0.004,"queue_pages":7.031,"spawn":0.002,"wrap":0.01}
STREAMING_STEP_TIMING total=11.07ms {"drain_packets":0.008,"drain_pages":0.006,"enqueue":3.409,"evict":0.297,"player_chunk":0.013,"prune":0.005,"publish":0.006,"queue_pages":7.314,"spawn":0.002,"wrap":0.007}
STREAMING_STEP_TIMING total=10.53ms {"drain_packets":0.006,"drain_pages":0.005,"enqueue":3.243,"evict":0.31,"player_chunk":0.017,"prune":0.002,"publish":0.005,"queue_pages":6.928,"spawn":0.001,"wrap":0.011}
STREAMING_STEP_TIMING total=10.56ms {"drain_packets":0.009,"drain_pages":0.005,"enqueue":3.314,"evict":0.276,"player_chunk":0.013,"prune":0.002,"publish":0.004,"queue_pages":6.929,"spawn":0.002,"wrap":0.008}
STREAMING_STEP_TIMING total=10.97ms {"drain_packets":0.009,"drain_pages":0.005,"enqueue":3.357,"evict":0.296,"player_chunk":0.016,"prune":0.003,"publish":0.006,"queue_pages":7.265,"spawn":0.002,"wrap":0.009}
STREAMING_STEP_TIMING total=10.83ms {"drain_packets":0.006,"drain_pages":0.006,"enqueue":3.345,"evict":0.305,"player_chunk":0.014,"prune":0.003,"publish":0.006,"queue_pages":7.136,"spawn":0.003,"wrap":0.007}
STREAMING_STEP_TIMING total=12.18ms {"drain_packets":0.009,"drain_pages":0.006,"enqueue":4.81,"evict":0.276,"player_chunk":0.019,"prune":0.003,"publish":0.004,"queue_pages":7.043,"spawn":0.003,"wrap":0.006}
STREAMING_STEP_TIMING total=10.66ms {"drain_packets":0.008,"drain_pages":0.006,"enqueue":3.291,"evict":0.288,"player_chunk":0.014,"prune":0.002,"publish":0.006,"queue_pages":7.033,"spawn":0.001,"wrap":0.008}
STREAMING_STEP_TIMING total=11.28ms {"drain_packets":0.007,"drain_pages":0.005,"enqueue":3.275,"evict":0.3,"player_chunk":0.017,"prune":0.003,"publish":0.006,"queue_pages":7.655,"spawn":0.002,"wrap":0.01}
STREAMING_STEP_TIMING total=10.74ms {"drain_packets":0.006,"drain_pages":0.005,"enqueue":3.302,"evict":0.276,"player_chunk":0.014,"prune":0.001,"publish":0.002,"queue_pages":7.122,"spawn":0.002,"wrap":0.008}
STREAMING_STEP_TIMING total=11.35ms {"drain_packets":0.011,"drain_pages":0.007,"enqueue":3.703,"evict":0.276,"player_chunk":0.013,"prune":0.006,"publish":0.004,"queue_pages":7.313,"spawn":0.002,"wrap":0.008}
STREAMING_STEP_TIMING total=10.65ms {"drain_packets":0.005,"drain_pages":0.005,"enqueue":3.302,"evict":0.291,"player_chunk":0.014,"prune":0.002,"publish":0.005,"queue_pages":7.012,"spawn":0.002,"wrap":0.009}
STREAMING_STEP_TIMING total=10.60ms {"drain_packets":0.006,"drain_pages":0.005,"enqueue":3.256,"evict":0.388,"player_chunk":0.017,"prune":0.002,"publish":0.003,"queue_pages":6.91,"spawn":0.002,"wrap":0.01}
STREAMING_STEP_TIMING total=10.68ms {"drain_packets":0.008,"drain_pages":0.005,"enqueue":3.298,"evict":0.278,"player_chunk":0.014,"prune":0.003,"publish":0.004,"queue_pages":7.054,"spawn":0.002,"wrap":0.009}
STREAMING_STEP_TIMING total=11.13ms {"drain_packets":0.005,"drain_pages":0.004,"enqueue":3.343,"evict":0.298,"player_chunk":0.016,"prune":0.002,"publish":0.005,"queue_pages":7.443,"spawn":0.002,"wrap":0.007}
STREAMING_STEP_TIMING total=10.55ms {"drain_packets":0.006,"drain_pages":0.005,"enqueue":3.238,"evict":0.285,"player_chunk":0.013,"prune":0.002,"publish":0.005,"queue_pages":6.988,"spawn":0.002,"wrap":0.008}
STREAMING_STEP_TIMING total=10.66ms {"drain_packets":0.007,"drain_pages":0.005,"enqueue":3.283,"evict":0.278,"player_chunk":0.017,"prune":0.002,"publish":0.004,"queue_pages":7.057,"spawn":0.001,"wrap":0.009}
STREAMING_STEP_TIMING total=12.50ms {"drain_packets":0.009,"drain_pages":0.006,"enqueue":3.989,"evict":0.287,"player_chunk":0.013,"prune":0.004,"publish":0.006,"queue_pages":8.178,"spawn":0.002,"wrap":0.007}
STREAMING_STEP_TIMING total=11.64ms {"drain_packets":0.005,"drain_pages":0.004,"enqueue":3.269,"evict":0.297,"player_chunk":0.017,"prune":0.002,"publish":0.007,"queue_pages":8.029,"spawn":0.001,"wrap":0.01}
STREAMING_STEP_TIMING total=10.73ms {"drain_packets":0.006,"drain_pages":0.005,"enqueue":3.294,"evict":0.269,"player_chunk":0.014,"prune":0.001,"publish":0.003,"queue_pages":7.127,"spawn":0.002,"wrap":0.008}
STREAMING_STEP_TIMING total=10.82ms {"drain_packets":0.009,"drain_pages":0.005,"enqueue":3.383,"evict":0.283,"player_chunk":0.01,"prune":0.004,"publish":0.004,"queue_pages":7.111,"spawn":0.001,"wrap":0.007}
STREAMING_STEP_TIMING total=10.84ms {"drain_packets":0.006,"drain_pages":0.005,"enqueue":3.344,"evict":0.294,"player_chunk":0.017,"prune":0.002,"publish":0.006,"queue_pages":7.157,"spawn":0.001,"wrap":0.009}
STREAMING_STEP_TIMING total=10.57ms {"drain_packets":0.006,"drain_pages":0.004,"enqueue":3.275,"evict":0.271,"player_chunk":0.015,"prune":0.002,"publish":0.003,"queue_pages":6.988,"spawn":0.001,"wrap":0.006}
STREAMING_STEP_TIMING total=10.76ms {"drain_packets":0.007,"drain_pages":0.004,"enqueue":3.357,"evict":0.281,"player_chunk":0.01,"prune":0.003,"publish":0.004,"queue_pages":7.081,"spawn":0.001,"wrap":0.006}
STREAMING_STEP_TIMING total=10.94ms {"drain_packets":0.006,"drain_pages":0.004,"enqueue":3.314,"evict":0.291,"player_chunk":0.025,"prune":0.002,"publish":0.006,"queue_pages":7.281,"spawn":0.002,"wrap":0.01}
STREAMING_STEP_TIMING total=10.64ms {"drain_packets":0.005,"drain_pages":0.005,"enqueue":3.333,"evict":0.269,"player_chunk":0.013,"prune":0.002,"publish":0.003,"queue_pages":6.995,"spawn":0.001,"wrap":0.008}
STREAMING_STEP_TIMING total=10.71ms {"drain_packets":0.007,"drain_pages":0.005,"enqueue":3.366,"evict":0.279,"player_chunk":0.012,"prune":0.004,"publish":0.004,"queue_pages":7.022,"spawn":0.001,"wrap":0.007}
STREAMING_STEP_TIMING total=10.86ms {"drain_packets":0.006,"drain_pages":0.005,"enqueue":3.285,"evict":0.296,"player_chunk":0.013,"prune":0.002,"publish":0.005,"queue_pages":7.234,"spawn":0.002,"wrap":0.008}
STREAMING_STEP_TIMING total=12.29ms {"drain_packets":0.008,"drain_pages":0.005,"enqueue":3.563,"evict":0.494,"player_chunk":0.017,"prune":0.004,"publish":0.005,"queue_pages":8.178,"spawn":0.002,"wrap":0.009}
STREAMING_STEP_TIMING total=13.11ms {"drain_packets":0.01,"drain_pages":0.007,"enqueue":4.307,"evict":0.345,"player_chunk":0.017,"prune":0.004,"publish":0.005,"queue_pages":8.402,"spawn":0.003,"wrap":0.01}
STREAMING_STEP_TIMING total=12.39ms {"drain_packets":0.01,"drain_pages":0.006,"enqueue":4.422,"evict":0.297,"player_chunk":0.018,"prune":0.004,"publish":0.005,"queue_pages":7.615,"spawn":0.002,"wrap":0.007}
STREAMING_STEP_TIMING total=10.73ms {"drain_packets":0.006,"drain_pages":0.004,"enqueue":3.249,"evict":0.293,"player_chunk":0.013,"prune":0.002,"publish":0.005,"queue_pages":7.142,"spawn":0.002,"wrap":0.008}
STREAMING_STEP_TIMING total=10.66ms {"drain_packets":0.005,"drain_pages":0.005,"enqueue":3.308,"evict":0.273,"player_chunk":0.016,"prune":0.002,"publish":0.003,"queue_pages":7.035,"spawn":0.002,"wrap":0.009}
STREAMING_STEP_TIMING total=10.72ms {"drain_packets":0.009,"drain_pages":0.005,"enqueue":3.432,"evict":0.279,"player_chunk":0.015,"prune":0.004,"publish":0.004,"queue_pages":6.964,"spawn":0.001,"wrap":0.006}
STREAMING_STEP_TIMING total=10.55ms {"drain_packets":0.004,"drain_pages":0.004,"enqueue":3.239,"evict":0.294,"player_chunk":0.018,"prune":0.002,"publish":0.005,"queue_pages":6.974,"spawn":0.001,"wrap":0.01}
STREAMING_STEP_TIMING total=10.75ms {"drain_packets":0.006,"drain_pages":0.005,"enqueue":3.298,"evict":0.277,"player_chunk":0.013,"prune":0.001,"publish":0.003,"queue_pages":7.139,"spawn":0.002,"wrap":0.008}
STREAMING_STEP_TIMING total=10.62ms {"drain_packets":0.007,"drain_pages":0.005,"enqueue":3.301,"evict":0.274,"player_chunk":0.011,"prune":0.004,"publish":0.003,"queue_pages":7.003,"spawn":0.001,"wrap":0.007}
STREAMING_STEP_TIMING total=10.69ms {"drain_packets":0.005,"drain_pages":0.003,"enqueue":3.284,"evict":0.295,"player_chunk":0.012,"prune":0.002,"publish":0.005,"queue_pages":7.071,"spawn":0.001,"wrap":0.007}
STREAMING_STEP_TIMING total=10.64ms {"drain_packets":0.006,"drain_pages":0.004,"enqueue":3.335,"evict":0.276,"player_chunk":0.016,"prune":0.002,"publish":0.003,"queue_pages":6.989,"spawn":0.002,"wrap":0.005}
STREAMING_STEP_TIMING total=10.86ms {"drain_packets":0.009,"drain_pages":0.005,"enqueue":3.522,"evict":0.282,"player_chunk":0.013,"prune":0.005,"publish":0.004,"queue_pages":7.008,"spawn":0.001,"wrap":0.008}
STREAMING_STEP_TIMING total=10.56ms {"drain_packets":0.005,"drain_pages":0.004,"enqueue":3.275,"evict":0.29,"player_chunk":0.017,"prune":0.002,"publish":0.005,"queue_pages":6.948,"spawn":0.002,"wrap":0.011}
STREAMING_STEP_TIMING total=10.64ms {"drain_packets":0.005,"drain_pages":0.005,"enqueue":3.273,"evict":0.277,"player_chunk":0.013,"prune":0.002,"publish":0.003,"queue_pages":7.054,"spawn":0.001,"wrap":0.008}
STREAMING_STEP_TIMING total=10.76ms {"drain_packets":0.01,"drain_pages":0.006,"enqueue":3.443,"evict":0.278,"player_chunk":0.013,"prune":0.005,"publish":0.003,"queue_pages":6.989,"spawn":0.002,"wrap":0.007}
STREAMING_STEP_TIMING total=10.76ms {"drain_packets":0.005,"drain_pages":0.004,"enqueue":3.275,"evict":0.284,"player_chunk":0.013,"prune":0.001,"publish":0.004,"queue_pages":7.163,"spawn":0.002,"wrap":0.008}
STREAMING_STEP_TIMING total=10.64ms {"drain_packets":0.005,"drain_pages":0.004,"enqueue":3.307,"evict":0.276,"player_chunk":0.015,"prune":0.001,"publish":0.002,"queue_pages":7.02,"spawn":0.002,"wrap":0.009}
STREAMING_STEP_TIMING total=10.66ms {"drain_packets":0.009,"drain_pages":0.006,"enqueue":3.308,"evict":0.276,"player_chunk":0.01,"prune":0.004,"publish":0.003,"queue_pages":7.038,"spawn":0.001,"wrap":0.006}
STREAMING_STEP_TIMING total=10.78ms {"drain_packets":0.005,"drain_pages":0.004,"enqueue":3.392,"evict":0.297,"player_chunk":0.015,"prune":0.002,"publish":0.006,"queue_pages":7.048,"spawn":0.002,"wrap":0.006}
STREAMING_STEP_TIMING total=10.55ms {"drain_packets":0.005,"drain_pages":0.004,"enqueue":3.267,"evict":0.277,"player_chunk":0.014,"prune":0.002,"publish":0.003,"queue_pages":6.963,"spawn":0.002,"wrap":0.007}
STREAMING_STEP_TIMING total=10.70ms {"drain_packets":0.007,"drain_pages":0.005,"enqueue":3.308,"evict":0.279,"player_chunk":0.012,"prune":0.003,"publish":0.003,"queue_pages":7.074,"spawn":0.002,"wrap":0.006}
STREAMING_STEP_TIMING total=10.72ms {"drain_packets":0.006,"drain_pages":0.004,"enqueue":3.28,"evict":0.287,"player_chunk":0.013,"prune":0.002,"publish":0.004,"queue_pages":7.112,"spawn":0.002,"wrap":0.012}
STREAMING_STEP_TIMING total=10.59ms {"drain_packets":0.005,"drain_pages":0.005,"enqueue":3.29,"evict":0.271,"player_chunk":0.018,"prune":0.001,"publish":0.003,"queue_pages":6.982,"spawn":0.001,"wrap":0.009}
STREAMING_STEP_TIMING total=10.80ms {"drain_packets":0.007,"drain_pages":0.005,"enqueue":3.311,"evict":0.283,"player_chunk":0.01,"prune":0.003,"publish":0.004,"queue_pages":7.167,"spawn":0.001,"wrap":0.006}
STREAMING_STEP_TIMING total=10.81ms {"drain_packets":0.004,"drain_pages":0.003,"enqueue":3.3,"evict":0.291,"player_chunk":0.015,"prune":0.002,"publish":0.005,"queue_pages":7.178,"spawn":0.001,"wrap":0.008}
STREAMING_STEP_TIMING total=10.62ms {"drain_packets":0.008,"drain_pages":0.005,"enqueue":3.315,"evict":0.276,"player_chunk":0.013,"prune":0.003,"publish":0.003,"queue_pages":6.972,"spawn":0.002,"wrap":0.017}
STREAMING_STEP_TIMING total=10.70ms {"drain_packets":0.007,"drain_pages":0.005,"enqueue":3.428,"evict":0.283,"player_chunk":0.012,"prune":0.005,"publish":0.004,"queue_pages":6.946,"spawn":0.002,"wrap":0.005}
STREAMING_STEP_TIMING total=10.90ms {"drain_packets":0.006,"drain_pages":0.004,"enqueue":3.282,"evict":0.292,"player_chunk":0.014,"prune":0.002,"publish":0.006,"queue_pages":7.284,"spawn":0.002,"wrap":0.008}
STREAMING_STEP_TIMING total=10.52ms {"drain_packets":0.006,"drain_pages":0.005,"enqueue":3.221,"evict":0.274,"player_chunk":0.017,"prune":0.003,"publish":0.003,"queue_pages":6.976,"spawn":0.001,"wrap":0.01}
STREAMING_STEP_TIMING total=26.52ms {"drain_packets":0.008,"drain_pages":0.006,"enqueue":3.759,"evict":0.221,"player_chunk":0.014,"prune":0.045,"publish":13.604,"queue_pages":8.855,"spawn":0.002,"wrap":0.007}
STREAMING_STEP_TIMING total=26.88ms {"drain_packets":0.409,"drain_pages":0.006,"enqueue":3.295,"evict":0.291,"player_chunk":0.014,"prune":0.028,"publish":14.001,"queue_pages":8.818,"spawn":0.003,"wrap":0.008}
STREAMING_STEP_TIMING total=13.99ms {"drain_packets":0.061,"drain_pages":0.006,"enqueue":3.451,"evict":0.496,"player_chunk":0.013,"prune":0.035,"publish":0.373,"queue_pages":9.541,"spawn":0.002,"wrap":0.007}
STREAMING_STEP_TIMING total=15.24ms {"drain_packets":0.081,"drain_pages":0.01,"enqueue":5.097,"evict":0.284,"player_chunk":0.021,"prune":0.035,"publish":0.266,"queue_pages":9.431,"spawn":0.003,"wrap":0.011}
STREAMING_STEP_TIMING total=15.13ms {"drain_packets":0.074,"drain_pages":0.006,"enqueue":4.705,"evict":0.272,"player_chunk":0.015,"prune":0.03,"publish":0.261,"queue_pages":9.752,"spawn":0.003,"wrap":0.009}
STREAMING_STEP_TIMING total=15.36ms {"drain_packets":0.007,"drain_pages":0.006,"enqueue":4.754,"evict":0.274,"player_chunk":0.017,"prune":0.032,"publish":0.279,"queue_pages":9.974,"spawn":0.003,"wrap":0.01}
STREAMING_STEP_TIMING total=15.96ms {"drain_packets":0.131,"drain_pages":0.007,"enqueue":5.617,"evict":0.243,"player_chunk":0.016,"prune":0.033,"publish":0.219,"queue_pages":9.687,"spawn":0.002,"wrap":0.008}
STREAMING_STEP_TIMING total=15.15ms {"drain_packets":0.077,"drain_pages":0.007,"enqueue":4.507,"evict":0.541,"player_chunk":0.021,"prune":0.034,"publish":0.229,"queue_pages":9.708,"spawn":0.002,"wrap":0.016}
STREAMING_STEP_TIMING total=17.03ms {"drain_packets":0.109,"drain_pages":0.009,"enqueue":5.779,"evict":0.393,"player_chunk":0.02,"prune":0.045,"publish":0.306,"queue_pages":10.345,"spawn":0.004,"wrap":0.013}
STREAMING_STEP_TIMING total=18.40ms {"drain_packets":0.011,"drain_pages":0.007,"enqueue":6.735,"evict":0.457,"player_chunk":0.027,"prune":0.041,"publish":0.348,"queue_pages":10.759,"spawn":0.003,"wrap":0.011}
STREAMING_STEP_TIMING total=21.37ms {"drain_packets":0.014,"drain_pages":0.007,"enqueue":5.731,"evict":0.357,"player_chunk":0.026,"prune":0.071,"publish":0.688,"queue_pages":14.449,"spawn":0.003,"wrap":0.021}
STREAMING_STEP_TIMING total=30.36ms {"drain_packets":0.014,"drain_pages":0.009,"enqueue":5.901,"evict":0.36,"player_chunk":0.021,"prune":0.039,"publish":0.276,"queue_pages":23.728,"spawn":0.002,"wrap":0.013}
[FrameBudget] streaming=12.1ms topology=0.0ms visual=0.0ms spawn=0.0ms total=12.1ms/6.0ms world.streaming_v0=12.1ms(60)
STREAMING_STEP_TIMING total=18.06ms {"drain_packets":0.011,"drain_pages":0.007,"enqueue":4.952,"evict":0.379,"player_chunk":0.017,"prune":0.049,"publish":0.267,"queue_pages":12.36,"spawn":0.002,"wrap":0.01}
STREAMING_STEP_TIMING total=36.08ms {"drain_packets":0.011,"drain_pages":0.16,"enqueue":5.521,"evict":0.403,"player_chunk":0.022,"prune":0.041,"publish":0.306,"queue_pages":29.602,"spawn":0.002,"wrap":0.013}
STREAMING_STEP_TIMING total=19.28ms {"drain_packets":0.013,"drain_pages":0.008,"enqueue":5.292,"evict":0.388,"player_chunk":0.02,"prune":0.044,"publish":0.26,"queue_pages":13.236,"spawn":0.003,"wrap":0.012}
STREAMING_STEP_TIMING total=16.61ms {"drain_packets":0.012,"drain_pages":0.007,"enqueue":5.783,"evict":0.356,"player_chunk":0.022,"prune":0.038,"publish":0.268,"queue_pages":10.115,"spawn":0.002,"wrap":0.009}
STREAMING_STEP_TIMING total=17.06ms {"drain_packets":0.014,"drain_pages":0.008,"enqueue":5.289,"evict":0.36,"player_chunk":0.018,"prune":0.059,"publish":0.27,"queue_pages":11.028,"spawn":0.002,"wrap":0.01}
STREAMING_STEP_TIMING total=17.63ms {"drain_packets":0.011,"drain_pages":0.007,"enqueue":6.643,"evict":0.354,"player_chunk":0.029,"prune":0.046,"publish":0.259,"queue_pages":10.265,"spawn":0.003,"wrap":0.015}
STREAMING_STEP_TIMING total=16.53ms {"drain_packets":0.01,"drain_pages":0.007,"enqueue":5.135,"evict":0.369,"player_chunk":0.017,"prune":0.039,"publish":0.273,"queue_pages":10.663,"spawn":0.002,"wrap":0.01}
STREAMING_STEP_TIMING total=16.42ms {"drain_packets":0.011,"drain_pages":0.006,"enqueue":5.453,"evict":0.37,"player_chunk":0.02,"prune":0.038,"publish":0.279,"queue_pages":10.235,"spawn":0.002,"wrap":0.008}
STREAMING_STEP_TIMING total=15.90ms {"drain_packets":0.009,"drain_pages":0.007,"enqueue":4.937,"evict":0.363,"player_chunk":0.017,"prune":0.034,"publish":0.268,"queue_pages":10.256,"spawn":0.003,"wrap":0.009}
STREAMING_STEP_TIMING total=17.99ms {"drain_packets":0.011,"drain_pages":0.006,"enqueue":6.926,"evict":0.399,"player_chunk":0.02,"prune":0.038,"publish":0.271,"queue_pages":10.299,"spawn":0.002,"wrap":0.012}
STREAMING_STEP_TIMING total=16.29ms {"drain_packets":0.009,"drain_pages":0.006,"enqueue":5.116,"evict":0.37,"player_chunk":0.019,"prune":0.036,"publish":0.283,"queue_pages":10.433,"spawn":0.003,"wrap":0.01}
STREAMING_STEP_TIMING total=16.32ms {"drain_packets":0.01,"drain_pages":0.006,"enqueue":5.281,"evict":0.371,"player_chunk":0.025,"prune":0.038,"publish":0.271,"queue_pages":10.299,"spawn":0.002,"wrap":0.013}
STREAMING_STEP_TIMING total=16.58ms {"drain_packets":0.008,"drain_pages":0.007,"enqueue":4.965,"evict":0.416,"player_chunk":0.018,"prune":0.034,"publish":0.521,"queue_pages":10.599,"spawn":0.002,"wrap":0.01}
STREAMING_STEP_TIMING total=17.75ms {"drain_packets":0.01,"drain_pages":0.007,"enqueue":5.546,"evict":0.378,"player_chunk":0.022,"prune":0.039,"publish":0.613,"queue_pages":11.127,"spawn":0.003,"wrap":0.008}
STREAMING_STEP_TIMING total=17.16ms {"drain_packets":0.01,"drain_pages":0.007,"enqueue":5.547,"evict":0.381,"player_chunk":0.018,"prune":0.04,"publish":0.321,"queue_pages":10.825,"spawn":0.002,"wrap":0.01}
STREAMING_STEP_TIMING total=19.27ms {"drain_packets":0.01,"drain_pages":0.006,"enqueue":4.983,"evict":0.405,"player_chunk":0.023,"prune":0.035,"publish":0.312,"queue_pages":13.473,"spawn":0.003,"wrap":0.015}
STREAMING_STEP_TIMING total=15.66ms {"drain_packets":0.012,"drain_pages":0.006,"enqueue":4.655,"evict":0.379,"player_chunk":0.02,"prune":0.034,"publish":0.282,"queue_pages":10.257,"spawn":0.002,"wrap":0.013}
STREAMING_STEP_TIMING total=16.29ms {"drain_packets":0.009,"drain_pages":0.152,"enqueue":5.08,"evict":0.358,"player_chunk":0.022,"prune":0.034,"publish":0.274,"queue_pages":10.346,"spawn":0.002,"wrap":0.012}
STREAMING_STEP_TIMING total=14.60ms {"drain_packets":0.01,"drain_pages":0.006,"enqueue":5.272,"evict":0.313,"player_chunk":0.016,"prune":0.036,"publish":0.235,"queue_pages":8.699,"spawn":0.002,"wrap":0.01}
STREAMING_STEP_TIMING total=18.76ms {"drain_packets":0.009,"drain_pages":0.143,"enqueue":4.136,"evict":0.319,"player_chunk":0.019,"prune":0.031,"publish":5.855,"queue_pages":8.234,"spawn":0.002,"wrap":0.008}
STREAMING_STEP_TIMING total=27.46ms {"drain_packets":0.007,"drain_pages":0.005,"enqueue":3.688,"evict":0.277,"player_chunk":0.016,"prune":0.02,"publish":16.196,"queue_pages":7.233,"spawn":0.008,"wrap":0.01}
STREAMING_STEP_TIMING total=17.68ms {"drain_packets":0.009,"drain_pages":0.006,"enqueue":3.457,"evict":0.273,"player_chunk":0.02,"prune":0.026,"publish":5.747,"queue_pages":8.129,"spawn":0.002,"wrap":0.012}
STREAMING_STEP_TIMING total=26.56ms {"drain_packets":0.007,"drain_pages":0.004,"enqueue":3.24,"evict":0.272,"player_chunk":0.013,"prune":0.016,"publish":16.036,"queue_pages":6.957,"spawn":0.002,"wrap":0.008}
STREAMING_STEP_TIMING total=18.76ms {"drain_packets":0.007,"drain_pages":0.005,"enqueue":3.245,"evict":0.332,"player_chunk":0.017,"prune":0.015,"publish":7.367,"queue_pages":7.762,"spawn":0.002,"wrap":0.009}
STREAMING_STEP_TIMING total=29.04ms {"drain_packets":0.008,"drain_pages":0.006,"enqueue":3.897,"evict":0.288,"player_chunk":0.015,"prune":0.017,"publish":17.766,"queue_pages":7.028,"spawn":0.002,"wrap":0.009}
STREAMING_STEP_TIMING total=17.20ms {"drain_packets":0.008,"drain_pages":0.005,"enqueue":3.345,"evict":0.281,"player_chunk":0.017,"prune":0.011,"publish":6.324,"queue_pages":7.202,"spawn":0.001,"wrap":0.007}
STREAMING_STEP_TIMING total=30.67ms {"drain_packets":0.008,"drain_pages":0.005,"enqueue":3.319,"evict":0.345,"player_chunk":0.013,"prune":0.009,"publish":19.763,"queue_pages":7.196,"spawn":0.002,"wrap":0.009}
STREAMING_STEP_TIMING total=20.08ms {"drain_packets":0.007,"drain_pages":0.006,"enqueue":4.108,"evict":0.294,"player_chunk":0.02,"prune":0.01,"publish":7.364,"queue_pages":8.255,"spawn":0.002,"wrap":0.01}
STREAMING_STEP_TIMING total=28.74ms {"drain_packets":0.009,"drain_pages":0.006,"enqueue":3.503,"evict":0.3,"player_chunk":0.014,"prune":0.005,"publish":17.954,"queue_pages":6.937,"spawn":0.002,"wrap":0.008}
STREAMING_STEP_TIMING total=10.65ms {"drain_packets":0.006,"drain_pages":0.005,"enqueue":3.281,"evict":0.283,"player_chunk":0.017,"prune":0.002,"publish":0.004,"queue_pages":7.046,"spawn":0.002,"wrap":0.006}
STREAMING_STEP_TIMING total=10.60ms {"drain_packets":0.008,"drain_pages":0.005,"enqueue":3.328,"evict":0.269,"player_chunk":0.013,"prune":0.003,"publish":0.002,"queue_pages":6.955,"spawn":0.002,"wrap":0.008}
STREAMING_STEP_TIMING total=10.67ms {"drain_packets":0.007,"drain_pages":0.005,"enqueue":3.311,"evict":0.281,"player_chunk":0.016,"prune":0.002,"publish":0.004,"queue_pages":7.028,"spawn":0.001,"wrap":0.01}
STREAMING_STEP_TIMING total=10.87ms {"drain_packets":0.006,"drain_pages":0.005,"enqueue":3.262,"evict":0.294,"player_chunk":0.013,"prune":0.001,"publish":0.006,"queue_pages":7.273,"spawn":0.002,"wrap":0.007}
STREAMING_STEP_TIMING total=11.03ms {"drain_packets":0.009,"drain_pages":0.006,"enqueue":3.467,"evict":0.284,"player_chunk":0.016,"prune":0.004,"publish":0.005,"queue_pages":7.23,"spawn":0.001,"wrap":0.01}
STREAMING_STEP_TIMING total=10.52ms {"drain_packets":0.007,"drain_pages":0.005,"enqueue":3.276,"evict":0.275,"player_chunk":0.014,"prune":0.002,"publish":0.004,"queue_pages":6.922,"spawn":0.002,"wrap":0.009}
STREAMING_STEP_TIMING total=10.72ms {"drain_packets":0.005,"drain_pages":0.005,"enqueue":3.272,"evict":0.283,"player_chunk":0.015,"prune":0.002,"publish":0.005,"queue_pages":7.126,"spawn":0.001,"wrap":0.006}
STREAMING_STEP_TIMING total=10.58ms {"drain_packets":0.005,"drain_pages":0.005,"enqueue":3.252,"evict":0.28,"player_chunk":0.014,"prune":0.002,"publish":0.003,"queue_pages":7.013,"spawn":0.002,"wrap":0.007}
STREAMING_STEP_TIMING total=10.85ms {"drain_packets":0.008,"drain_pages":0.005,"enqueue":3.525,"evict":0.272,"player_chunk":0.017,"prune":0.005,"publish":0.004,"queue_pages":6.999,"spawn":0.001,"wrap":0.01}
STREAMING_STEP_TIMING total=10.79ms {"drain_packets":0.006,"drain_pages":0.004,"enqueue":3.249,"evict":0.3,"player_chunk":0.013,"prune":0.001,"publish":0.006,"queue_pages":7.199,"spawn":0.001,"wrap":0.008}
STREAMING_STEP_TIMING total=10.73ms {"drain_packets":0.006,"drain_pages":0.005,"enqueue":3.273,"evict":0.284,"player_chunk":0.018,"prune":0.002,"publish":0.004,"queue_pages":7.123,"spawn":0.002,"wrap":0.009}
STREAMING_STEP_TIMING total=10.86ms {"drain_packets":0.008,"drain_pages":0.005,"enqueue":3.515,"evict":0.268,"player_chunk":0.017,"prune":0.005,"publish":0.003,"queue_pages":7.024,"spawn":0.002,"wrap":0.011}
STREAMING_STEP_TIMING total=10.99ms {"drain_packets":0.004,"drain_pages":0.003,"enqueue":3.243,"evict":0.285,"player_chunk":0.017,"prune":0.002,"publish":0.006,"queue_pages":7.412,"spawn":0.002,"wrap":0.01}
STREAMING_STEP_TIMING total=10.86ms {"drain_packets":0.006,"drain_pages":0.004,"enqueue":3.318,"evict":0.332,"player_chunk":0.014,"prune":0.002,"publish":0.004,"queue_pages":7.166,"spawn":0.002,"wrap":0.008}
STREAMING_STEP_TIMING total=10.96ms {"drain_packets":0.006,"drain_pages":0.005,"enqueue":3.486,"evict":0.273,"player_chunk":0.016,"prune":0.003,"publish":0.003,"queue_pages":7.163,"spawn":0.001,"wrap":0.006}
STREAMING_STEP_TIMING total=10.64ms {"drain_packets":0.007,"drain_pages":0.004,"enqueue":3.381,"evict":0.277,"player_chunk":0.011,"prune":0.004,"publish":0.004,"queue_pages":6.938,"spawn":0.001,"wrap":0.008}
STREAMING_STEP_TIMING total=10.54ms {"drain_packets":0.005,"drain_pages":0.004,"enqueue":3.231,"evict":0.288,"player_chunk":0.017,"prune":0.002,"publish":0.005,"queue_pages":6.973,"spawn":0.002,"wrap":0.01}
STREAMING_STEP_TIMING total=10.76ms {"drain_packets":0.005,"drain_pages":0.005,"enqueue":3.314,"evict":0.276,"player_chunk":0.013,"prune":0.002,"publish":0.003,"queue_pages":7.126,"spawn":0.002,"wrap":0.009}
STREAMING_STEP_TIMING total=10.82ms {"drain_packets":0.007,"drain_pages":0.005,"enqueue":3.314,"evict":0.293,"player_chunk":0.014,"prune":0.003,"publish":0.005,"queue_pages":7.164,"spawn":0.001,"wrap":0.008}
STREAMING_STEP_TIMING total=13.82ms {"drain_packets":0.006,"drain_pages":0.004,"enqueue":3.282,"evict":0.5,"player_chunk":0.015,"prune":0.002,"publish":0.008,"queue_pages":9.989,"spawn":0.002,"wrap":0.008}
STREAMING_STEP_TIMING total=11.78ms {"drain_packets":0.007,"drain_pages":0.006,"enqueue":4.358,"evict":0.39,"player_chunk":0.026,"prune":0.002,"publish":0.005,"queue_pages":6.965,"spawn":0.003,"wrap":0.013}
STREAMING_STEP_TIMING total=10.60ms {"drain_packets":0.006,"drain_pages":0.005,"enqueue":3.323,"evict":0.272,"player_chunk":0.014,"prune":0.002,"publish":0.003,"queue_pages":6.959,"spawn":0.002,"wrap":0.008}
STREAMING_STEP_TIMING total=10.82ms {"drain_packets":0.006,"drain_pages":0.005,"enqueue":3.304,"evict":0.291,"player_chunk":0.015,"prune":0.003,"publish":0.006,"queue_pages":7.178,"spawn":0.001,"wrap":0.006}
STREAMING_STEP_TIMING total=10.64ms {"drain_packets":0.006,"drain_pages":0.007,"enqueue":3.27,"evict":0.297,"player_chunk":0.013,"prune":0.002,"publish":0.006,"queue_pages":7.023,"spawn":0.003,"wrap":0.007}
STREAMING_STEP_TIMING total=10.78ms {"drain_packets":0.007,"drain_pages":0.005,"enqueue":3.268,"evict":0.298,"player_chunk":0.018,"prune":0.002,"publish":0.006,"queue_pages":7.157,"spawn":0.002,"wrap":0.01}
STREAMING_STEP_TIMING total=10.76ms {"drain_packets":0.007,"drain_pages":0.005,"enqueue":3.327,"evict":0.295,"player_chunk":0.023,"prune":0.002,"publish":0.005,"queue_pages":7.084,"spawn":0.002,"wrap":0.009}
STREAMING_STEP_TIMING total=10.63ms {"drain_packets":0.006,"drain_pages":0.005,"enqueue":3.282,"evict":0.286,"player_chunk":0.018,"prune":0.002,"publish":0.005,"queue_pages":7.013,"spawn":0.002,"wrap":0.01}
STREAMING_STEP_TIMING total=10.76ms {"drain_packets":0.007,"drain_pages":0.005,"enqueue":3.371,"evict":0.287,"player_chunk":0.014,"prune":0.002,"publish":0.005,"queue_pages":7.052,"spawn":0.002,"wrap":0.008}
STREAMING_STEP_TIMING total=10.73ms {"drain_packets":0.005,"drain_pages":0.005,"enqueue":3.243,"evict":0.297,"player_chunk":0.017,"prune":0.002,"publish":0.004,"queue_pages":7.143,"spawn":0.001,"wrap":0.011}
STREAMING_STEP_TIMING total=10.61ms {"drain_packets":0.007,"drain_pages":0.004,"enqueue":3.293,"evict":0.292,"player_chunk":0.013,"prune":0.003,"publish":0.005,"queue_pages":6.979,"spawn":0.002,"wrap":0.008}
STREAMING_STEP_TIMING total=10.77ms {"drain_packets":0.008,"drain_pages":0.006,"enqueue":3.452,"evict":0.279,"player_chunk":0.016,"prune":0.004,"publish":0.004,"queue_pages":6.989,"spawn":0.001,"wrap":0.006}
STREAMING_STEP_TIMING total=10.58ms {"drain_packets":0.007,"drain_pages":0.005,"enqueue":3.264,"evict":0.278,"player_chunk":0.014,"prune":0.003,"publish":0.005,"queue_pages":6.99,"spawn":0.002,"wrap":0.009}
STREAMING_STEP_TIMING total=10.66ms {"drain_packets":0.006,"drain_pages":0.004,"enqueue":3.277,"evict":0.286,"player_chunk":0.03,"prune":0.002,"publish":0.005,"queue_pages":7.039,"spawn":0.002,"wrap":0.01}
STREAMING_STEP_TIMING total=10.87ms {"drain_packets":0.008,"drain_pages":0.005,"enqueue":3.314,"evict":0.288,"player_chunk":0.014,"prune":0.003,"publish":0.005,"queue_pages":7.219,"spawn":0.001,"wrap":0.009}
STREAMING_STEP_TIMING total=10.94ms {"drain_packets":0.005,"drain_pages":0.006,"enqueue":3.343,"evict":0.28,"player_chunk":0.018,"prune":0.002,"publish":0.005,"queue_pages":7.271,"spawn":0.001,"wrap":0.011}
STREAMING_STEP_TIMING total=10.64ms {"drain_packets":0.006,"drain_pages":0.005,"enqueue":3.259,"evict":0.289,"player_chunk":0.013,"prune":0.002,"publish":0.005,"queue_pages":7.045,"spawn":0.003,"wrap":0.007}
STREAMING_STEP_TIMING total=10.74ms {"drain_packets":0.007,"drain_pages":0.006,"enqueue":3.32,"evict":0.268,"player_chunk":0.016,"prune":0.004,"publish":0.003,"queue_pages":7.1,"spawn":0.001,"wrap":0.01}
STREAMING_STEP_TIMING total=10.78ms {"drain_packets":0.005,"drain_pages":0.004,"enqueue":3.29,"evict":0.302,"player_chunk":0.013,"prune":0.002,"publish":0.005,"queue_pages":7.147,"spawn":0.002,"wrap":0.008}
STREAMING_STEP_TIMING total=11.00ms {"drain_packets":0.006,"drain_pages":0.005,"enqueue":3.355,"evict":0.307,"player_chunk":0.016,"prune":0.003,"publish":0.005,"queue_pages":7.297,"spawn":0.001,"wrap":0.007}
STREAMING_STEP_TIMING total=10.94ms {"drain_packets":0.007,"drain_pages":0.005,"enqueue":3.488,"evict":0.282,"player_chunk":0.013,"prune":0.004,"publish":0.005,"queue_pages":7.129,"spawn":0.002,"wrap":0.008}
STREAMING_STEP_TIMING total=11.86ms {"drain_packets":0.007,"drain_pages":0.005,"enqueue":3.247,"evict":0.299,"player_chunk":0.017,"prune":0.004,"publish":0.006,"queue_pages":8.259,"spawn":0.002,"wrap":0.01}
STREAMING_STEP_TIMING total=11.18ms {"drain_packets":0.006,"drain_pages":0.005,"enqueue":3.35,"evict":0.296,"player_chunk":0.014,"prune":0.003,"publish":0.006,"queue_pages":7.492,"spawn":0.002,"wrap":0.008}
STREAMING_STEP_TIMING total=10.63ms {"drain_packets":0.005,"drain_pages":0.005,"enqueue":3.249,"evict":0.27,"player_chunk":0.018,"prune":0.002,"publish":0.002,"queue_pages":7.064,"spawn":0.002,"wrap":0.009}
STREAMING_STEP_TIMING total=10.80ms {"drain_packets":0.01,"drain_pages":0.008,"enqueue":3.521,"evict":0.269,"player_chunk":0.01,"prune":0.006,"publish":0.004,"queue_pages":6.961,"spawn":0.001,"wrap":0.006}
STREAMING_STEP_TIMING total=10.55ms {"drain_packets":0.004,"drain_pages":0.004,"enqueue":3.245,"evict":0.293,"player_chunk":0.017,"prune":0.002,"publish":0.006,"queue_pages":6.969,"spawn":0.002,"wrap":0.009}
STREAMING_STEP_TIMING total=10.69ms {"drain_packets":0.005,"drain_pages":0.004,"enqueue":3.256,"evict":0.277,"player_chunk":0.013,"prune":0.002,"publish":0.003,"queue_pages":7.12,"spawn":0.002,"wrap":0.008}
STREAMING_STEP_TIMING total=10.94ms {"drain_packets":0.008,"drain_pages":0.006,"enqueue":3.649,"evict":0.271,"player_chunk":0.011,"prune":0.004,"publish":0.003,"queue_pages":6.981,"spawn":0.001,"wrap":0.005}
STREAMING_STEP_TIMING total=10.63ms {"drain_packets":0.007,"drain_pages":0.004,"enqueue":3.324,"evict":0.283,"player_chunk":0.013,"prune":0.003,"publish":0.006,"queue_pages":6.979,"spawn":0.002,"wrap":0.007}
STREAMING_STEP_TIMING total=10.63ms {"drain_packets":0.004,"drain_pages":0.005,"enqueue":3.267,"evict":0.272,"player_chunk":0.017,"prune":0.002,"publish":0.003,"queue_pages":7.052,"spawn":0.002,"wrap":0.009}
STREAMING_STEP_TIMING total=10.81ms {"drain_packets":0.007,"drain_pages":0.005,"enqueue":3.345,"evict":0.28,"player_chunk":0.01,"prune":0.004,"publish":0.003,"queue_pages":7.145,"spawn":0.001,"wrap":0.007}
STREAMING_STEP_TIMING total=10.67ms {"drain_packets":0.005,"drain_pages":0.005,"enqueue":3.328,"evict":0.284,"player_chunk":0.015,"prune":0.002,"publish":0.004,"queue_pages":7.015,"spawn":0.002,"wrap":0.009}
STREAMING_STEP_TIMING total=10.64ms {"drain_packets":0.005,"drain_pages":0.005,"enqueue":3.281,"evict":0.274,"player_chunk":0.013,"prune":0.002,"publish":0.003,"queue_pages":7.048,"spawn":0.002,"wrap":0.009}
STREAMING_STEP_TIMING total=10.71ms {"drain_packets":0.008,"drain_pages":0.006,"enqueue":3.28,"evict":0.276,"player_chunk":0.011,"prune":0.003,"publish":0.003,"queue_pages":7.11,"spawn":0.002,"wrap":0.012}
STREAMING_STEP_TIMING total=10.56ms {"drain_packets":0.005,"drain_pages":0.005,"enqueue":3.239,"evict":0.289,"player_chunk":0.014,"prune":0.002,"publish":0.005,"queue_pages":6.987,"spawn":0.003,"wrap":0.009}
STREAMING_STEP_TIMING total=10.61ms {"drain_packets":0.005,"drain_pages":0.005,"enqueue":3.304,"evict":0.269,"player_chunk":0.016,"prune":0.002,"publish":0.003,"queue_pages":6.999,"spawn":0.002,"wrap":0.005}
STREAMING_STEP_TIMING total=10.75ms {"drain_packets":0.008,"drain_pages":0.006,"enqueue":3.291,"evict":0.274,"player_chunk":0.012,"prune":0.002,"publish":0.004,"queue_pages":7.146,"spawn":0.002,"wrap":0.007}
STREAMING_STEP_TIMING total=10.72ms {"drain_packets":0.005,"drain_pages":0.003,"enqueue":3.287,"evict":0.285,"player_chunk":0.014,"prune":0.001,"publish":0.004,"queue_pages":7.112,"spawn":0.002,"wrap":0.008}
STREAMING_STEP_TIMING total=10.86ms {"drain_packets":0.007,"drain_pages":0.005,"enqueue":3.333,"evict":0.296,"player_chunk":0.013,"prune":0.003,"publish":0.005,"queue_pages":7.189,"spawn":0.001,"wrap":0.008}
STREAMING_STEP_TIMING total=11.51ms {"drain_packets":0.01,"drain_pages":0.006,"enqueue":4.037,"evict":0.287,"player_chunk":0.017,"prune":0.007,"publish":0.005,"queue_pages":7.127,"spawn":0.002,"wrap":0.009}
STREAMING_STEP_TIMING total=13.15ms {"drain_packets":0.008,"drain_pages":0.005,"enqueue":3.69,"evict":0.294,"player_chunk":0.013,"prune":0.003,"publish":0.007,"queue_pages":9.118,"spawn":0.002,"wrap":0.008}
STREAMING_STEP_TIMING total=11.04ms {"drain_packets":0.007,"drain_pages":0.005,"enqueue":3.335,"evict":0.314,"player_chunk":0.019,"prune":0.003,"publish":0.005,"queue_pages":7.33,"spawn":0.003,"wrap":0.013}
STREAMING_STEP_TIMING total=11.04ms {"drain_packets":0.009,"drain_pages":0.006,"enqueue":3.565,"evict":0.286,"player_chunk":0.014,"prune":0.004,"publish":0.004,"queue_pages":7.138,"spawn":0.002,"wrap":0.008}
STREAMING_STEP_TIMING total=14.81ms {"drain_packets":0.01,"drain_pages":0.005,"enqueue":3.549,"evict":0.302,"player_chunk":0.017,"prune":0.005,"publish":0.007,"queue_pages":10.902,"spawn":0.001,"wrap":0.007}
STREAMING_STEP_TIMING total=12.69ms {"drain_packets":0.012,"drain_pages":0.007,"enqueue":4.031,"evict":0.296,"player_chunk":0.015,"prune":0.007,"publish":0.006,"queue_pages":8.3,"spawn":0.003,"wrap":0.011}
STREAMING_STEP_TIMING total=13.71ms {"drain_packets":0.009,"drain_pages":0.005,"enqueue":3.585,"evict":0.475,"player_chunk":0.018,"prune":0.004,"publish":0.007,"queue_pages":9.589,"spawn":0.002,"wrap":0.01}
STREAMING_STEP_TIMING total=15.60ms {"drain_packets":0.01,"drain_pages":0.008,"enqueue":5.304,"evict":0.294,"player_chunk":0.019,"prune":0.004,"publish":0.006,"queue_pages":9.939,"spawn":0.003,"wrap":0.012}
STREAMING_STEP_TIMING total=11.57ms {"drain_packets":0.008,"drain_pages":0.005,"enqueue":3.502,"evict":0.432,"player_chunk":0.022,"prune":0.004,"publish":0.008,"queue_pages":7.57,"spawn":0.002,"wrap":0.013}
STREAMING_STEP_TIMING total=16.98ms {"drain_packets":0.012,"drain_pages":0.008,"enqueue":5.4,"evict":0.325,"player_chunk":0.02,"prune":0.008,"publish":0.008,"queue_pages":11.181,"spawn":0.003,"wrap":0.013}
STREAMING_STEP_TIMING total=10.58ms {"drain_packets":0.008,"drain_pages":0.005,"enqueue":3.329,"evict":0.272,"player_chunk":0.017,"prune":0.003,"publish":0.004,"queue_pages":6.931,"spawn":0.001,"wrap":0.007}
STREAMING_STEP_TIMING total=11.52ms {"drain_packets":0.009,"drain_pages":0.01,"enqueue":4.08,"evict":0.276,"player_chunk":0.013,"prune":0.006,"publish":0.004,"queue_pages":7.109,"spawn":0.002,"wrap":0.008}
STREAMING_STEP_TIMING total=13.08ms {"drain_packets":0.012,"drain_pages":0.008,"enqueue":4.082,"evict":0.35,"player_chunk":0.018,"prune":0.006,"publish":0.006,"queue_pages":8.587,"spawn":0.001,"wrap":0.011}
STREAMING_STEP_TIMING total=12.79ms {"drain_packets":0.007,"drain_pages":0.006,"enqueue":4.033,"evict":0.301,"player_chunk":0.016,"prune":0.002,"publish":0.006,"queue_pages":8.405,"spawn":0.002,"wrap":0.009}
STREAMING_STEP_TIMING total=10.78ms {"drain_packets":0.011,"drain_pages":0.005,"enqueue":3.32,"evict":0.283,"player_chunk":0.025,"prune":0.003,"publish":0.004,"queue_pages":7.108,"spawn":0.002,"wrap":0.015}
STREAMING_STEP_TIMING total=10.99ms {"drain_packets":0.012,"drain_pages":0.006,"enqueue":3.612,"evict":0.277,"player_chunk":0.013,"prune":0.005,"publish":0.005,"queue_pages":7.046,"spawn":0.002,"wrap":0.008}
STREAMING_STEP_TIMING total=11.00ms {"drain_packets":0.007,"drain_pages":0.006,"enqueue":3.332,"evict":0.291,"player_chunk":0.018,"prune":0.004,"publish":0.005,"queue_pages":7.321,"spawn":0.002,"wrap":0.009}
STREAMING_STEP_TIMING total=11.73ms {"drain_packets":0.008,"drain_pages":0.005,"enqueue":3.358,"evict":0.365,"player_chunk":0.014,"prune":0.004,"publish":0.006,"queue_pages":7.962,"spawn":0.002,"wrap":0.008}
STREAMING_STEP_TIMING total=13.69ms {"drain_packets":0.009,"drain_pages":0.006,"enqueue":4.117,"evict":0.449,"player_chunk":0.021,"prune":0.004,"publish":0.008,"queue_pages":9.06,"spawn":0.002,"wrap":0.008}
STREAMING_STEP_TIMING total=12.42ms {"drain_packets":0.01,"drain_pages":0.006,"enqueue":4.82,"evict":0.314,"player_chunk":0.019,"prune":0.005,"publish":0.007,"queue_pages":7.225,"spawn":0.002,"wrap":0.012}
STREAMING_STEP_TIMING total=11.52ms {"drain_packets":0.009,"drain_pages":0.006,"enqueue":3.367,"evict":0.297,"player_chunk":0.018,"prune":0.005,"publish":0.006,"queue_pages":7.795,"spawn":0.001,"wrap":0.01}
STREAMING_STEP_TIMING total=11.06ms {"drain_packets":0.011,"drain_pages":0.007,"enqueue":3.488,"evict":0.29,"player_chunk":0.014,"prune":0.005,"publish":0.006,"queue_pages":7.224,"spawn":0.003,"wrap":0.008}
STREAMING_STEP_TIMING total=11.15ms {"drain_packets":0.009,"drain_pages":0.006,"enqueue":3.579,"evict":0.35,"player_chunk":0.02,"prune":0.004,"publish":0.005,"queue_pages":7.157,"spawn":0.002,"wrap":0.011}
STREAMING_STEP_TIMING total=10.97ms {"drain_packets":0.006,"drain_pages":0.005,"enqueue":3.346,"evict":0.292,"player_chunk":0.015,"prune":0.003,"publish":0.006,"queue_pages":7.288,"spawn":0.002,"wrap":0.008}
STREAMING_STEP_TIMING total=12.93ms {"drain_packets":0.008,"drain_pages":0.006,"enqueue":4.187,"evict":0.35,"player_chunk":0.017,"prune":0.003,"publish":0.006,"queue_pages":8.341,"spawn":0.001,"wrap":0.01}
STREAMING_STEP_TIMING total=12.94ms {"drain_packets":0.007,"drain_pages":0.005,"enqueue":4.133,"evict":0.378,"player_chunk":0.016,"prune":0.003,"publish":0.006,"queue_pages":8.38,"spawn":0.003,"wrap":0.009}
STREAMING_STEP_TIMING total=13.10ms {"drain_packets":0.009,"drain_pages":0.006,"enqueue":4.271,"evict":0.366,"player_chunk":0.022,"prune":0.004,"publish":0.006,"queue_pages":8.403,"spawn":0.002,"wrap":0.009}
STREAMING_STEP_TIMING total=12.25ms {"drain_packets":0.012,"drain_pages":0.006,"enqueue":4.158,"evict":0.297,"player_chunk":0.016,"prune":0.006,"publish":0.006,"queue_pages":7.739,"spawn":0.002,"wrap":0.009}
STREAMING_STEP_TIMING total=10.94ms {"drain_packets":0.007,"drain_pages":0.005,"enqueue":3.288,"evict":0.353,"player_chunk":0.018,"prune":0.002,"publish":0.007,"queue_pages":7.244,"spawn":0.002,"wrap":0.009}
STREAMING_STEP_TIMING total=13.21ms {"drain_packets":0.008,"drain_pages":0.006,"enqueue":4.121,"evict":0.48,"player_chunk":0.016,"prune":0.003,"publish":0.005,"queue_pages":8.551,"spawn":0.002,"wrap":0.01}
STREAMING_STEP_TIMING total=11.19ms {"drain_packets":0.01,"drain_pages":0.005,"enqueue":3.833,"evict":0.275,"player_chunk":0.021,"prune":0.004,"publish":0.003,"queue_pages":7.025,"spawn":0.002,"wrap":0.011}
STREAMING_STEP_TIMING total=10.94ms {"drain_packets":0.008,"drain_pages":0.006,"enqueue":3.427,"evict":0.289,"player_chunk":0.018,"prune":0.003,"publish":0.006,"queue_pages":7.167,"spawn":0.002,"wrap":0.01}
STREAMING_STEP_TIMING total=10.88ms {"drain_packets":0.005,"drain_pages":0.005,"enqueue":3.242,"evict":0.308,"player_chunk":0.017,"prune":0.002,"publish":0.007,"queue_pages":7.281,"spawn":0.002,"wrap":0.009}
[FrameBudget] streaming=13.3ms topology=0.0ms visual=0.0ms spawn=0.0ms total=13.3ms/6.0ms world.streaming_v0=13.3ms(60)
STREAMING_STEP_TIMING total=10.71ms {"drain_packets":0.006,"drain_pages":0.005,"enqueue":3.325,"evict":0.274,"player_chunk":0.013,"prune":0.002,"publish":0.003,"queue_pages":7.075,"spawn":0.001,"wrap":0.008}
STREAMING_STEP_TIMING total=12.94ms {"drain_packets":0.009,"drain_pages":0.005,"enqueue":3.466,"evict":0.359,"player_chunk":0.012,"prune":0.005,"publish":0.006,"queue_pages":9.07,"spawn":0.001,"wrap":0.005}
STREAMING_STEP_TIMING total=12.06ms {"drain_packets":0.007,"drain_pages":0.005,"enqueue":4.156,"evict":0.292,"player_chunk":0.021,"prune":0.002,"publish":0.006,"queue_pages":7.553,"spawn":0.002,"wrap":0.009}
STREAMING_STEP_TIMING total=11.48ms {"drain_packets":0.006,"drain_pages":0.005,"enqueue":3.259,"evict":0.433,"player_chunk":0.018,"prune":0.002,"publish":0.006,"queue_pages":7.742,"spawn":0.001,"wrap":0.01}
STREAMING_STEP_TIMING total=16.43ms {"drain_packets":0.015,"drain_pages":0.011,"enqueue":5.009,"evict":0.46,"player_chunk":0.019,"prune":0.003,"publish":0.008,"queue_pages":10.889,"spawn":0.003,"wrap":0.011}
STREAMING_STEP_TIMING total=15.25ms {"drain_packets":0.012,"drain_pages":0.008,"enqueue":5.268,"evict":0.295,"player_chunk":0.025,"prune":0.005,"publish":0.006,"queue_pages":9.616,"spawn":0.002,"wrap":0.015}
STREAMING_STEP_TIMING total=10.77ms {"drain_packets":0.006,"drain_pages":0.006,"enqueue":3.293,"evict":0.277,"player_chunk":0.015,"prune":0.002,"publish":0.003,"queue_pages":7.155,"spawn":0.002,"wrap":0.008}
STREAMING_STEP_TIMING total=10.63ms {"drain_packets":0.007,"drain_pages":0.005,"enqueue":3.288,"evict":0.291,"player_chunk":0.012,"prune":0.003,"publish":0.005,"queue_pages":7.009,"spawn":0.002,"wrap":0.008}
STREAMING_STEP_TIMING total=10.66ms {"drain_packets":0.007,"drain_pages":0.005,"enqueue":3.348,"evict":0.298,"player_chunk":0.015,"prune":0.004,"publish":0.005,"queue_pages":6.965,"spawn":0.002,"wrap":0.008}
STREAMING_STEP_TIMING total=13.14ms {"drain_packets":0.007,"drain_pages":0.004,"enqueue":3.315,"evict":0.484,"player_chunk":0.016,"prune":0.002,"publish":0.006,"queue_pages":9.294,"spawn":0.002,"wrap":0.006}
STREAMING_STEP_TIMING total=11.51ms {"drain_packets":0.012,"drain_pages":0.006,"enqueue":4.093,"evict":0.278,"player_chunk":0.019,"prune":0.005,"publish":0.004,"queue_pages":7.077,"spawn":0.002,"wrap":0.012}
STREAMING_STEP_TIMING total=10.81ms {"drain_packets":0.007,"drain_pages":0.006,"enqueue":3.373,"evict":0.292,"player_chunk":0.018,"prune":0.003,"publish":0.005,"queue_pages":7.088,"spawn":0.001,"wrap":0.01}
STREAMING_STEP_TIMING total=10.74ms {"drain_packets":0.006,"drain_pages":0.004,"enqueue":3.318,"evict":0.298,"player_chunk":0.013,"prune":0.003,"publish":0.006,"queue_pages":7.078,"spawn":0.002,"wrap":0.008}
STREAMING_STEP_TIMING total=11.00ms {"drain_packets":0.011,"drain_pages":0.005,"enqueue":3.405,"evict":0.289,"player_chunk":0.018,"prune":0.004,"publish":0.005,"queue_pages":7.246,"spawn":0.002,"wrap":0.01}
STREAMING_STEP_TIMING total=10.78ms {"drain_packets":0.005,"drain_pages":0.004,"enqueue":3.283,"evict":0.29,"player_chunk":0.014,"prune":0.002,"publish":0.006,"queue_pages":7.163,"spawn":0.002,"wrap":0.008}
STREAMING_STEP_TIMING total=10.69ms {"drain_packets":0.007,"drain_pages":0.005,"enqueue":3.388,"evict":0.281,"player_chunk":0.015,"prune":0.003,"publish":0.005,"queue_pages":6.971,"spawn":0.002,"wrap":0.009}
STREAMING_STEP_TIMING total=10.82ms {"drain_packets":0.007,"drain_pages":0.004,"enqueue":3.313,"evict":0.282,"player_chunk":0.013,"prune":0.002,"publish":0.005,"queue_pages":7.182,"spawn":0.002,"wrap":0.008}
STREAMING_STEP_TIMING total=11.00ms {"drain_packets":0.006,"drain_pages":0.005,"enqueue":3.27,"evict":0.29,"player_chunk":0.015,"prune":0.002,"publish":0.005,"queue_pages":7.394,"spawn":0.002,"wrap":0.006}
STREAMING_STEP_TIMING total=15.80ms {"drain_packets":0.01,"drain_pages":0.006,"enqueue":4.475,"evict":0.452,"player_chunk":0.015,"prune":0.004,"publish":0.008,"queue_pages":10.821,"spawn":0.002,"wrap":0.008}
STREAMING_STEP_TIMING total=13.35ms {"drain_packets":0.01,"drain_pages":0.006,"enqueue":4.356,"evict":0.351,"player_chunk":0.024,"prune":0.004,"publish":0.006,"queue_pages":8.574,"spawn":0.002,"wrap":0.015}
STREAMING_STEP_TIMING total=15.86ms {"drain_packets":0.01,"drain_pages":0.007,"enqueue":4.448,"evict":0.456,"player_chunk":0.015,"prune":0.004,"publish":0.008,"queue_pages":10.901,"spawn":0.002,"wrap":0.009}
STREAMING_STEP_TIMING total=11.71ms {"drain_packets":0.01,"drain_pages":0.006,"enqueue":4.306,"evict":0.289,"player_chunk":0.027,"prune":0.006,"publish":0.004,"queue_pages":7.04,"spawn":0.003,"wrap":0.015}
STREAMING_STEP_TIMING total=10.95ms {"drain_packets":0.011,"drain_pages":0.005,"enqueue":3.409,"evict":0.285,"player_chunk":0.016,"prune":0.005,"publish":0.005,"queue_pages":7.206,"spawn":0.002,"wrap":0.008}
STREAMING_STEP_TIMING total=10.60ms {"drain_packets":0.007,"drain_pages":0.004,"enqueue":3.287,"evict":0.29,"player_chunk":0.018,"prune":0.002,"publish":0.006,"queue_pages":6.974,"spawn":0.002,"wrap":0.01}
STREAMING_STEP_TIMING total=11.31ms {"drain_packets":0.007,"drain_pages":0.005,"enqueue":3.304,"evict":0.376,"player_chunk":0.013,"prune":0.002,"publish":0.005,"queue_pages":7.589,"spawn":0.002,"wrap":0.009}
STREAMING_STEP_TIMING total=13.13ms {"drain_packets":0.011,"drain_pages":0.007,"enqueue":4.549,"evict":0.349,"player_chunk":0.018,"prune":0.006,"publish":0.006,"queue_pages":8.173,"spawn":0.002,"wrap":0.007}
STREAMING_STEP_TIMING total=13.23ms {"drain_packets":0.011,"drain_pages":0.007,"enqueue":4.322,"evict":0.355,"player_chunk":0.016,"prune":0.006,"publish":0.007,"queue_pages":8.494,"spawn":0.002,"wrap":0.009}
STREAMING_STEP_TIMING total=12.93ms {"drain_packets":0.01,"drain_pages":0.006,"enqueue":4.096,"evict":0.354,"player_chunk":0.021,"prune":0.004,"publish":0.007,"queue_pages":8.418,"spawn":0.003,"wrap":0.011}
STREAMING_STEP_TIMING total=13.21ms {"drain_packets":0.01,"drain_pages":0.007,"enqueue":4.147,"evict":0.404,"player_chunk":0.016,"prune":0.004,"publish":0.007,"queue_pages":8.572,"spawn":0.024,"wrap":0.012}
STREAMING_STEP_TIMING total=11.43ms {"drain_packets":0.01,"drain_pages":0.006,"enqueue":3.754,"evict":0.298,"player_chunk":0.02,"prune":0.004,"publish":0.005,"queue_pages":7.311,"spawn":0.003,"wrap":0.012}
STREAMING_STEP_TIMING total=10.88ms {"drain_packets":0.01,"drain_pages":0.006,"enqueue":3.534,"evict":0.275,"player_chunk":0.02,"prune":0.004,"publish":0.004,"queue_pages":7.002,"spawn":0.005,"wrap":0.015}
STREAMING_STEP_TIMING total=10.71ms {"drain_packets":0.005,"drain_pages":0.003,"enqueue":3.29,"evict":0.284,"player_chunk":0.018,"prune":0.002,"publish":0.006,"queue_pages":7.091,"spawn":0.002,"wrap":0.01}
STREAMING_STEP_TIMING total=10.85ms {"drain_packets":0.006,"drain_pages":0.005,"enqueue":3.293,"evict":0.336,"player_chunk":0.015,"prune":0.002,"publish":0.007,"queue_pages":7.176,"spawn":0.002,"wrap":0.008}
STREAMING_STEP_TIMING total=10.84ms {"drain_packets":0.008,"drain_pages":0.008,"enqueue":3.321,"evict":0.28,"player_chunk":0.019,"prune":0.003,"publish":0.003,"queue_pages":7.184,"spawn":0.003,"wrap":0.007}
STREAMING_STEP_TIMING total=10.81ms {"drain_packets":0.005,"drain_pages":0.004,"enqueue":3.307,"evict":0.306,"player_chunk":0.013,"prune":0.002,"publish":0.005,"queue_pages":7.16,"spawn":0.001,"wrap":0.008}
STREAMING_STEP_TIMING total=10.82ms {"drain_packets":0.007,"drain_pages":0.005,"enqueue":3.332,"evict":0.296,"player_chunk":0.017,"prune":0.002,"publish":0.006,"queue_pages":7.141,"spawn":0.002,"wrap":0.01}
STREAMING_STEP_TIMING total=10.76ms {"drain_packets":0.008,"drain_pages":0.004,"enqueue":3.348,"evict":0.286,"player_chunk":0.014,"prune":0.003,"publish":0.005,"queue_pages":7.077,"spawn":0.002,"wrap":0.009}
STREAMING_STEP_TIMING total=16.47ms {"drain_packets":0.015,"drain_pages":0.008,"enqueue":6.201,"evict":0.309,"player_chunk":0.017,"prune":0.007,"publish":0.007,"queue_pages":9.894,"spawn":0.002,"wrap":0.009}
STREAMING_STEP_TIMING total=10.89ms {"drain_packets":0.01,"drain_pages":0.006,"enqueue":3.312,"evict":0.292,"player_chunk":0.015,"prune":0.004,"publish":0.006,"queue_pages":7.228,"spawn":0.002,"wrap":0.008}
STREAMING_STEP_TIMING total=11.44ms {"drain_packets":0.007,"drain_pages":0.006,"enqueue":3.256,"evict":0.296,"player_chunk":0.017,"prune":0.003,"publish":0.007,"queue_pages":7.837,"spawn":0.001,"wrap":0.011}
STREAMING_STEP_TIMING total=10.92ms {"drain_packets":0.006,"drain_pages":0.005,"enqueue":3.369,"evict":0.285,"player_chunk":0.015,"prune":0.003,"publish":0.005,"queue_pages":7.221,"spawn":0.002,"wrap":0.009}
STREAMING_STEP_TIMING total=11.96ms {"drain_packets":0.014,"drain_pages":0.007,"enqueue":4.256,"evict":0.322,"player_chunk":0.016,"prune":0.008,"publish":0.006,"queue_pages":7.321,"spawn":0.002,"wrap":0.006}
STREAMING_STEP_TIMING total=10.95ms {"drain_packets":0.01,"drain_pages":0.006,"enqueue":3.37,"evict":0.291,"player_chunk":0.013,"prune":0.004,"publish":0.007,"queue_pages":7.239,"spawn":0.003,"wrap":0.01}
STREAMING_STEP_TIMING total=10.79ms {"drain_packets":0.008,"drain_pages":0.006,"enqueue":3.338,"evict":0.289,"player_chunk":0.017,"prune":0.004,"publish":0.006,"queue_pages":7.106,"spawn":0.002,"wrap":0.011}
STREAMING_STEP_TIMING total=11.52ms {"drain_packets":0.024,"drain_pages":0.008,"enqueue":3.95,"evict":0.291,"player_chunk":0.014,"prune":0.006,"publish":0.006,"queue_pages":7.212,"spawn":0.001,"wrap":0.008}
STREAMING_STEP_TIMING total=10.80ms {"drain_packets":0.008,"drain_pages":0.005,"enqueue":3.324,"evict":0.295,"player_chunk":0.017,"prune":0.003,"publish":0.006,"queue_pages":7.132,"spawn":0.001,"wrap":0.01}
STREAMING_STEP_TIMING total=10.78ms {"drain_packets":0.007,"drain_pages":0.006,"enqueue":3.377,"evict":0.286,"player_chunk":0.013,"prune":0.003,"publish":0.003,"queue_pages":7.068,"spawn":0.003,"wrap":0.008}
STREAMING_STEP_TIMING total=12.12ms {"drain_packets":0.008,"drain_pages":0.006,"enqueue":3.464,"evict":0.301,"player_chunk":0.025,"prune":0.003,"publish":0.007,"queue_pages":8.283,"spawn":0.003,"wrap":0.015}
STREAMING_STEP_TIMING total=11.98ms {"drain_packets":0.011,"drain_pages":0.006,"enqueue":3.446,"evict":0.367,"player_chunk":0.015,"prune":0.005,"publish":0.006,"queue_pages":8.112,"spawn":0.002,"wrap":0.008}
STREAMING_STEP_TIMING total=11.40ms {"drain_packets":0.012,"drain_pages":0.007,"enqueue":3.443,"evict":0.368,"player_chunk":0.017,"prune":0.005,"publish":0.007,"queue_pages":7.533,"spawn":0.002,"wrap":0.006}
STREAMING_STEP_TIMING total=13.64ms {"drain_packets":0.013,"drain_pages":0.008,"enqueue":5.314,"evict":0.297,"player_chunk":0.02,"prune":0.007,"publish":0.006,"queue_pages":7.963,"spawn":0.002,"wrap":0.008}
STREAMING_STEP_TIMING total=15.34ms {"drain_packets":0.015,"drain_pages":0.009,"enqueue":5.227,"evict":0.304,"player_chunk":0.019,"prune":0.008,"publish":0.007,"queue_pages":9.731,"spawn":0.002,"wrap":0.011}
STREAMING_STEP_TIMING total=11.05ms {"drain_packets":0.009,"drain_pages":0.006,"enqueue":3.601,"evict":0.296,"player_chunk":0.015,"prune":0.005,"publish":0.005,"queue_pages":7.096,"spawn":0.003,"wrap":0.008}
STREAMING_STEP_TIMING total=14.39ms {"drain_packets":0.006,"drain_pages":0.005,"enqueue":3.308,"evict":0.446,"player_chunk":0.018,"prune":0.002,"publish":0.008,"queue_pages":10.585,"spawn":0.002,"wrap":0.009}
STREAMING_STEP_TIMING total=16.20ms {"drain_packets":0.013,"drain_pages":0.008,"enqueue":5.237,"evict":0.355,"player_chunk":0.021,"prune":0.005,"publish":0.007,"queue_pages":10.538,"spawn":0.002,"wrap":0.012}
STREAMING_STEP_TIMING total=13.43ms {"drain_packets":0.01,"drain_pages":0.006,"enqueue":4.363,"evict":0.36,"player_chunk":0.021,"prune":0.005,"publish":0.006,"queue_pages":8.639,"spawn":0.001,"wrap":0.012}
STREAMING_STEP_TIMING total=12.75ms {"drain_packets":0.008,"drain_pages":0.006,"enqueue":4.094,"evict":0.348,"player_chunk":0.015,"prune":0.004,"publish":0.007,"queue_pages":8.258,"spawn":0.003,"wrap":0.009}
STREAMING_STEP_TIMING total=12.83ms {"drain_packets":0.007,"drain_pages":0.005,"enqueue":4.086,"evict":0.355,"player_chunk":0.019,"prune":0.002,"publish":0.008,"queue_pages":8.334,"spawn":0.002,"wrap":0.007}
STREAMING_STEP_TIMING total=14.00ms {"drain_packets":0.008,"drain_pages":0.006,"enqueue":4.126,"evict":0.451,"player_chunk":0.016,"prune":0.003,"publish":0.007,"queue_pages":9.371,"spawn":0.002,"wrap":0.009}
STREAMING_STEP_TIMING total=13.27ms {"drain_packets":0.012,"drain_pages":0.007,"enqueue":5.279,"evict":0.285,"player_chunk":0.023,"prune":0.007,"publish":0.005,"queue_pages":7.637,"spawn":0.002,"wrap":0.014}
STREAMING_STEP_TIMING total=10.64ms {"drain_packets":0.007,"drain_pages":0.004,"enqueue":3.264,"evict":0.28,"player_chunk":0.013,"prune":0.001,"publish":0.004,"queue_pages":7.052,"spawn":0.002,"wrap":0.008}
STREAMING_STEP_TIMING total=10.79ms {"drain_packets":0.007,"drain_pages":0.005,"enqueue":3.317,"evict":0.295,"player_chunk":0.016,"prune":0.004,"publish":0.006,"queue_pages":7.126,"spawn":0.002,"wrap":0.009}
STREAMING_STEP_TIMING total=10.67ms {"drain_packets":0.007,"drain_pages":0.005,"enqueue":3.352,"evict":0.278,"player_chunk":0.015,"prune":0.003,"publish":0.003,"queue_pages":6.992,"spawn":0.002,"wrap":0.008}
STREAMING_STEP_TIMING total=11.18ms {"drain_packets":0.006,"drain_pages":0.004,"enqueue":3.37,"evict":0.294,"player_chunk":0.013,"prune":0.003,"publish":0.006,"queue_pages":7.467,"spawn":0.001,"wrap":0.009}
STREAMING_STEP_TIMING total=11.31ms {"drain_packets":0.005,"drain_pages":0.005,"enqueue":3.289,"evict":0.389,"player_chunk":0.014,"prune":0.002,"publish":0.007,"queue_pages":7.583,"spawn":0.002,"wrap":0.008}
STREAMING_STEP_TIMING total=12.96ms {"drain_packets":0.014,"drain_pages":0.007,"enqueue":4.047,"evict":0.465,"player_chunk":0.016,"prune":0.004,"publish":0.005,"queue_pages":8.386,"spawn":0.002,"wrap":0.006}
STREAMING_STEP_TIMING total=11.72ms {"drain_packets":0.01,"drain_pages":0.006,"enqueue":4.285,"evict":0.287,"player_chunk":0.023,"prune":0.004,"publish":0.004,"queue_pages":7.076,"spawn":0.004,"wrap":0.015}
STREAMING_STEP_TIMING total=11.43ms {"drain_packets":0.008,"drain_pages":0.005,"enqueue":3.286,"evict":0.363,"player_chunk":0.019,"prune":0.002,"publish":0.008,"queue_pages":7.725,"spawn":0.001,"wrap":0.011}
STREAMING_STEP_TIMING total=12.46ms {"drain_packets":0.008,"drain_pages":0.006,"enqueue":4.096,"evict":0.295,"player_chunk":0.015,"prune":0.003,"publish":0.006,"queue_pages":8.015,"spawn":0.003,"wrap":0.009}
STREAMING_STEP_TIMING total=10.70ms {"drain_packets":0.005,"drain_pages":0.005,"enqueue":3.288,"evict":0.271,"player_chunk":0.018,"prune":0.002,"publish":0.003,"queue_pages":7.091,"spawn":0.002,"wrap":0.01}
STREAMING_STEP_TIMING total=11.48ms {"drain_packets":0.014,"drain_pages":0.008,"enqueue":3.849,"evict":0.305,"player_chunk":0.012,"prune":0.008,"publish":0.006,"queue_pages":7.267,"spawn":0.001,"wrap":0.006}
STREAMING_STEP_TIMING total=11.65ms {"drain_packets":0.007,"drain_pages":0.006,"enqueue":3.427,"evict":0.437,"player_chunk":0.018,"prune":0.003,"publish":0.006,"queue_pages":7.727,"spawn":0.002,"wrap":0.011}
STREAMING_STEP_TIMING total=13.02ms {"drain_packets":0.009,"drain_pages":0.007,"enqueue":4.119,"evict":0.358,"player_chunk":0.016,"prune":0.004,"publish":0.006,"queue_pages":8.485,"spawn":0.002,"wrap":0.009}
STREAMING_STEP_TIMING total=13.02ms {"drain_packets":0.007,"drain_pages":0.005,"enqueue":4.141,"evict":0.34,"player_chunk":0.019,"prune":0.002,"publish":0.005,"queue_pages":8.488,"spawn":0.003,"wrap":0.006}
STREAMING_STEP_TIMING total=12.79ms {"drain_packets":0.01,"drain_pages":0.006,"enqueue":4.214,"evict":0.301,"player_chunk":0.015,"prune":0.005,"publish":0.004,"queue_pages":8.223,"spawn":0.002,"wrap":0.01}
STREAMING_STEP_TIMING total=12.71ms {"drain_packets":0.013,"drain_pages":0.007,"enqueue":4.401,"evict":0.292,"player_chunk":0.016,"prune":0.007,"publish":0.006,"queue_pages":7.96,"spawn":0.002,"wrap":0.009}
STREAMING_STEP_TIMING total=11.30ms {"drain_packets":0.006,"drain_pages":0.005,"enqueue":3.398,"evict":0.316,"player_chunk":0.014,"prune":0.003,"publish":0.006,"queue_pages":7.543,"spawn":0.002,"wrap":0.008}
STREAMING_STEP_TIMING total=10.99ms {"drain_packets":0.006,"drain_pages":0.005,"enqueue":3.275,"evict":0.277,"player_chunk":0.019,"prune":0.002,"publish":0.005,"queue_pages":7.382,"spawn":0.002,"wrap":0.011}
STREAMING_STEP_TIMING total=11.20ms {"drain_packets":0.013,"drain_pages":0.006,"enqueue":3.636,"evict":0.344,"player_chunk":0.028,"prune":0.006,"publish":0.004,"queue_pages":7.15,"spawn":0.002,"wrap":0.009}
STREAMING_STEP_TIMING total=11.16ms {"drain_packets":0.007,"drain_pages":0.005,"enqueue":3.491,"evict":0.289,"player_chunk":0.017,"prune":0.003,"publish":0.006,"queue_pages":7.329,"spawn":0.001,"wrap":0.011}
STREAMING_STEP_TIMING total=11.05ms {"drain_packets":0.006,"drain_pages":0.005,"enqueue":3.383,"evict":0.307,"player_chunk":0.013,"prune":0.002,"publish":0.007,"queue_pages":7.312,"spawn":0.002,"wrap":0.008}
STREAMING_STEP_TIMING total=11.11ms {"drain_packets":0.01,"drain_pages":0.006,"enqueue":3.762,"evict":0.279,"player_chunk":0.017,"prune":0.005,"publish":0.005,"queue_pages":7.019,"spawn":0.002,"wrap":0.006}
STREAMING_STEP_TIMING total=10.81ms {"drain_packets":0.006,"drain_pages":0.005,"enqueue":3.314,"evict":0.296,"player_chunk":0.014,"prune":0.002,"publish":0.003,"queue_pages":7.161,"spawn":0.002,"wrap":0.008}
STREAMING_STEP_TIMING total=10.72ms {"drain_packets":0.006,"drain_pages":0.004,"enqueue":3.356,"evict":0.296,"player_chunk":0.017,"prune":0.002,"publish":0.005,"queue_pages":7.021,"spawn":0.002,"wrap":0.01}
STREAMING_STEP_TIMING total=10.80ms {"drain_packets":0.008,"drain_pages":0.006,"enqueue":3.378,"evict":0.276,"player_chunk":0.013,"prune":0.004,"publish":0.004,"queue_pages":7.097,"spawn":0.002,"wrap":0.009}
STREAMING_STEP_TIMING total=11.16ms {"drain_packets":0.005,"drain_pages":0.004,"enqueue":3.273,"evict":0.458,"player_chunk":0.017,"prune":0.002,"publish":0.007,"queue_pages":7.383,"spawn":0.001,"wrap":0.01}
STREAMING_STEP_TIMING total=12.77ms {"drain_packets":0.011,"drain_pages":0.007,"enqueue":5.277,"evict":0.288,"player_chunk":0.019,"prune":0.005,"publish":0.005,"queue_pages":7.143,"spawn":0.002,"wrap":0.012}
STREAMING_STEP_TIMING total=10.68ms {"drain_packets":0.006,"drain_pages":0.005,"enqueue":3.302,"evict":0.283,"player_chunk":0.024,"prune":0.002,"publish":0.004,"queue_pages":7.038,"spawn":0.002,"wrap":0.01}
STREAMING_STEP_TIMING total=10.73ms {"drain_packets":0.009,"drain_pages":0.006,"enqueue":3.371,"evict":0.289,"player_chunk":0.014,"prune":0.005,"publish":0.005,"queue_pages":7.024,"spawn":0.002,"wrap":0.008}
STREAMING_STEP_TIMING total=10.63ms {"drain_packets":0.005,"drain_pages":0.005,"enqueue":3.285,"evict":0.292,"player_chunk":0.016,"prune":0.002,"publish":0.006,"queue_pages":7.006,"spawn":0.001,"wrap":0.006}
STREAMING_STEP_TIMING total=16.18ms {"drain_packets":0.011,"drain_pages":0.007,"enqueue":4.908,"evict":0.386,"player_chunk":0.014,"prune":0.005,"publish":0.008,"queue_pages":10.826,"spawn":0.002,"wrap":0.007}
STREAMING_STEP_TIMING total=10.86ms {"drain_packets":0.005,"drain_pages":0.005,"enqueue":3.304,"evict":0.278,"player_chunk":0.017,"prune":0.002,"publish":0.003,"queue_pages":7.229,"spawn":0.002,"wrap":0.01}
STREAMING_STEP_TIMING total=10.79ms {"drain_packets":0.008,"drain_pages":0.006,"enqueue":3.34,"evict":0.288,"player_chunk":0.013,"prune":0.002,"publish":0.006,"queue_pages":7.119,"spawn":0.002,"wrap":0.008}
STREAMING_STEP_TIMING total=10.78ms {"drain_packets":0.005,"drain_pages":0.005,"enqueue":3.284,"evict":0.291,"player_chunk":0.016,"prune":0.002,"publish":0.006,"queue_pages":7.157,"spawn":0.002,"wrap":0.01}
STREAMING_STEP_TIMING total=10.61ms {"drain_packets":0.005,"drain_pages":0.005,"enqueue":3.274,"evict":0.271,"player_chunk":0.013,"prune":0.002,"publish":0.002,"queue_pages":7.023,"spawn":0.002,"wrap":0.008}
STREAMING_STEP_TIMING total=10.75ms {"drain_packets":0.009,"drain_pages":0.006,"enqueue":3.396,"evict":0.287,"player_chunk":0.012,"prune":0.004,"publish":0.004,"queue_pages":7.019,"spawn":0.002,"wrap":0.006}
STREAMING_STEP_TIMING total=12.39ms {"drain_packets":0.005,"drain_pages":0.004,"enqueue":3.271,"evict":0.297,"player_chunk":0.013,"prune":0.002,"publish":0.006,"queue_pages":8.782,"spawn":0.001,"wrap":0.008}
STREAMING_STEP_TIMING total=12.68ms {"drain_packets":0.008,"drain_pages":0.006,"enqueue":3.44,"evict":0.464,"player_chunk":0.018,"prune":0.003,"publish":0.009,"queue_pages":8.716,"spawn":0.001,"wrap":0.007}
STREAMING_STEP_TIMING total=16.92ms {"drain_packets":0.013,"drain_pages":0.007,"enqueue":5.323,"evict":0.451,"player_chunk":0.019,"prune":0.006,"publish":0.008,"queue_pages":11.072,"spawn":0.003,"wrap":0.013}
STREAMING_STEP_TIMING total=12.99ms {"drain_packets":0.007,"drain_pages":0.005,"enqueue":4.215,"evict":0.369,"player_chunk":0.023,"prune":0.003,"publish":0.006,"queue_pages":8.343,"spawn":0.002,"wrap":0.015}
STREAMING_STEP_TIMING total=12.74ms {"drain_packets":0.007,"drain_pages":0.005,"enqueue":4.142,"evict":0.28,"player_chunk":0.017,"prune":0.003,"publish":0.004,"queue_pages":8.268,"spawn":0.002,"wrap":0.011}
STREAMING_STEP_TIMING total=10.72ms {"drain_packets":0.009,"drain_pages":0.006,"enqueue":3.341,"evict":0.274,"player_chunk":0.015,"prune":0.004,"publish":0.004,"queue_pages":7.051,"spawn":0.002,"wrap":0.009}
STREAMING_STEP_TIMING total=11.00ms {"drain_packets":0.01,"drain_pages":0.005,"enqueue":3.39,"evict":0.299,"player_chunk":0.013,"prune":0.006,"publish":0.005,"queue_pages":7.262,"spawn":0.002,"wrap":0.008}
STREAMING_STEP_TIMING total=10.66ms {"drain_packets":0.008,"drain_pages":0.005,"enqueue":3.316,"evict":0.283,"player_chunk":0.018,"prune":0.003,"publish":0.005,"queue_pages":7.011,"spawn":0.001,"wrap":0.011}
STREAMING_STEP_TIMING total=10.67ms {"drain_packets":0.008,"drain_pages":0.006,"enqueue":3.32,"evict":0.28,"player_chunk":0.014,"prune":0.002,"publish":0.005,"queue_pages":7.022,"spawn":0.002,"wrap":0.008}
STREAMING_STEP_TIMING total=10.66ms {"drain_packets":0.006,"drain_pages":0.005,"enqueue":3.267,"evict":0.294,"player_chunk":0.017,"prune":0.002,"publish":0.005,"queue_pages":7.051,"spawn":0.002,"wrap":0.006}
STREAMING_STEP_TIMING total=10.72ms {"drain_packets":0.005,"drain_pages":0.005,"enqueue":3.299,"evict":0.274,"player_chunk":0.014,"prune":0.002,"publish":0.003,"queue_pages":7.105,"spawn":0.001,"wrap":0.008}
STREAMING_STEP_TIMING total=10.73ms {"drain_packets":0.01,"drain_pages":0.006,"enqueue":3.296,"evict":0.278,"player_chunk":0.012,"prune":0.004,"publish":0.003,"queue_pages":7.108,"spawn":0.002,"wrap":0.007}
STREAMING_STEP_TIMING total=10.78ms {"drain_packets":0.005,"drain_pages":0.004,"enqueue":3.31,"evict":0.294,"player_chunk":0.013,"prune":0.002,"publish":0.005,"queue_pages":7.131,"spawn":0.002,"wrap":0.008}
STREAMING_STEP_TIMING total=10.95ms {"drain_packets":0.005,"drain_pages":0.005,"enqueue":3.366,"evict":0.279,"player_chunk":0.016,"prune":0.002,"publish":0.003,"queue_pages":7.257,"spawn":0.002,"wrap":0.009}
STREAMING_STEP_TIMING total=10.99ms {"drain_packets":0.014,"drain_pages":0.007,"enqueue":3.405,"evict":0.277,"player_chunk":0.011,"prune":0.004,"publish":0.004,"queue_pages":7.255,"spawn":0.001,"wrap":0.007}
STREAMING_STEP_TIMING total=10.92ms {"drain_packets":0.004,"drain_pages":0.003,"enqueue":3.289,"evict":0.296,"player_chunk":0.017,"prune":0.002,"publish":0.006,"queue_pages":7.286,"spawn":0.002,"wrap":0.009}
STREAMING_STEP_TIMING total=10.70ms {"drain_packets":0.008,"drain_pages":0.005,"enqueue":3.372,"evict":0.271,"player_chunk":0.013,"prune":0.004,"publish":0.003,"queue_pages":7.012,"spawn":0.003,"wrap":0.007}
STREAMING_STEP_TIMING total=11.23ms {"drain_packets":0.008,"drain_pages":0.006,"enqueue":3.335,"evict":0.347,"player_chunk":0.016,"prune":0.003,"publish":0.006,"queue_pages":7.495,"spawn":0.002,"wrap":0.015}
STREAMING_STEP_TIMING total=10.96ms {"drain_packets":0.007,"drain_pages":0.005,"enqueue":3.404,"evict":0.29,"player_chunk":0.015,"prune":0.002,"publish":0.006,"queue_pages":7.216,"spawn":0.002,"wrap":0.008}
STREAMING_STEP_TIMING total=10.59ms {"drain_packets":0.006,"drain_pages":0.004,"enqueue":3.274,"evict":0.269,"player_chunk":0.017,"prune":0.001,"publish":0.003,"queue_pages":7.008,"spawn":0.001,"wrap":0.01}
STREAMING_STEP_TIMING total=16.04ms {"drain_packets":0.013,"drain_pages":0.046,"enqueue":4.421,"evict":0.569,"player_chunk":0.028,"prune":0.007,"publish":0.006,"queue_pages":10.937,"spawn":0.003,"wrap":0.011}
STREAMING_STEP_TIMING total=10.72ms {"drain_packets":0.009,"drain_pages":0.005,"enqueue":3.387,"evict":0.276,"player_chunk":0.025,"prune":0.003,"publish":0.003,"queue_pages":6.988,"spawn":0.003,"wrap":0.015}
STREAMING_STEP_TIMING total=10.85ms {"drain_packets":0.005,"drain_pages":0.004,"enqueue":3.271,"evict":0.29,"player_chunk":0.014,"prune":0.002,"publish":0.005,"queue_pages":7.251,"spawn":0.002,"wrap":0.008}
STREAMING_STEP_TIMING total=10.66ms {"drain_packets":0.006,"drain_pages":0.004,"enqueue":3.288,"evict":0.278,"player_chunk":0.017,"prune":0.002,"publish":0.004,"queue_pages":7.044,"spawn":0.001,"wrap":0.01}
[FrameBudget] streaming=12.1ms topology=0.0ms visual=0.0ms spawn=0.0ms total=12.1ms/6.0ms world.streaming_v0=12.1ms(60)
STREAMING_STEP_TIMING total=10.63ms {"drain_packets":0.006,"drain_pages":0.005,"enqueue":3.277,"evict":0.286,"player_chunk":0.013,"prune":0.002,"publish":0.005,"queue_pages":7.024,"spawn":0.002,"wrap":0.008}
STREAMING_STEP_TIMING total=10.68ms {"drain_packets":0.007,"drain_pages":0.005,"enqueue":3.374,"evict":0.279,"player_chunk":0.015,"prune":0.004,"publish":0.004,"queue_pages":6.982,"spawn":0.001,"wrap":0.006}
STREAMING_STEP_TIMING total=10.62ms {"drain_packets":0.006,"drain_pages":0.004,"enqueue":3.265,"evict":0.277,"player_chunk":0.013,"prune":0.002,"publish":0.003,"queue_pages":7.041,"spawn":0.002,"wrap":0.008}
STREAMING_STEP_TIMING total=10.75ms {"drain_packets":0.007,"drain_pages":0.005,"enqueue":3.317,"evict":0.276,"player_chunk":0.016,"prune":0.002,"publish":0.004,"queue_pages":7.104,"spawn":0.001,"wrap":0.013}
STREAMING_STEP_TIMING total=10.70ms {"drain_packets":0.005,"drain_pages":0.004,"enqueue":3.339,"evict":0.279,"player_chunk":0.012,"prune":0.002,"publish":0.005,"queue_pages":7.04,"spawn":0.002,"wrap":0.007}
STREAMING_STEP_TIMING total=10.66ms {"drain_packets":0.005,"drain_pages":0.004,"enqueue":3.285,"evict":0.284,"player_chunk":0.016,"prune":0.002,"publish":0.004,"queue_pages":7.044,"spawn":0.002,"wrap":0.009}
STREAMING_STEP_TIMING total=17.61ms {"drain_packets":0.008,"drain_pages":0.007,"enqueue":3.304,"evict":0.25,"player_chunk":0.011,"prune":0.054,"publish":6.376,"queue_pages":7.591,"spawn":0.002,"wrap":0.007}
STREAMING_STEP_TIMING total=31.88ms {"drain_packets":0.105,"drain_pages":0.006,"enqueue":3.367,"evict":0.314,"player_chunk":0.014,"prune":0.03,"publish":19.938,"queue_pages":8.09,"spawn":0.002,"wrap":0.007}
STREAMING_STEP_TIMING total=26.48ms {"drain_packets":0.105,"drain_pages":0.009,"enqueue":4.959,"evict":0.376,"player_chunk":0.017,"prune":0.048,"publish":9.208,"queue_pages":11.745,"spawn":0.002,"wrap":0.009}
STREAMING_STEP_TIMING total=35.62ms {"drain_packets":0.07,"drain_pages":0.006,"enqueue":4.761,"evict":0.415,"player_chunk":0.014,"prune":0.032,"publish":20.331,"queue_pages":9.975,"spawn":0.002,"wrap":0.007}
STREAMING_STEP_TIMING total=27.25ms {"drain_packets":0.125,"drain_pages":0.01,"enqueue":5.053,"evict":0.398,"player_chunk":0.018,"prune":0.04,"publish":8.486,"queue_pages":13.1,"spawn":0.003,"wrap":0.012}
STREAMING_STEP_TIMING total=42.14ms {"drain_packets":0.077,"drain_pages":0.007,"enqueue":4.326,"evict":0.683,"player_chunk":0.018,"prune":0.027,"publish":27.991,"queue_pages":8.995,"spawn":0.003,"wrap":0.009}
STREAMING_STEP_TIMING total=26.02ms {"drain_packets":0.074,"drain_pages":0.143,"enqueue":5.082,"evict":0.596,"player_chunk":0.017,"prune":0.028,"publish":10.233,"queue_pages":9.822,"spawn":0.004,"wrap":0.014}
STREAMING_STEP_TIMING total=41.12ms {"drain_packets":0.081,"drain_pages":0.007,"enqueue":5.453,"evict":0.348,"player_chunk":0.026,"prune":0.023,"publish":25.006,"queue_pages":10.159,"spawn":0.004,"wrap":0.014}
STREAMING_STEP_TIMING total=27.94ms {"drain_packets":0.101,"drain_pages":0.009,"enqueue":4.249,"evict":0.444,"player_chunk":0.015,"prune":0.035,"publish":11.499,"queue_pages":11.572,"spawn":0.002,"wrap":0.01}
STREAMING_STEP_TIMING total=46.69ms {"drain_packets":0.012,"drain_pages":0.007,"enqueue":5.123,"evict":0.616,"player_chunk":0.023,"prune":0.023,"publish":26.619,"queue_pages":14.248,"spawn":0.003,"wrap":0.013}
STREAMING_STEP_TIMING total=26.24ms {"drain_packets":0.009,"drain_pages":0.007,"enqueue":4.911,"evict":0.569,"player_chunk":0.017,"prune":0.02,"publish":9.837,"queue_pages":10.851,"spawn":0.002,"wrap":0.01}
STREAMING_STEP_TIMING total=41.36ms {"drain_packets":0.01,"drain_pages":0.006,"enqueue":5.457,"evict":0.452,"player_chunk":0.021,"prune":0.014,"publish":24.764,"queue_pages":10.624,"spawn":0.002,"wrap":0.007}
STREAMING_STEP_TIMING total=14.43ms {"drain_packets":0.01,"drain_pages":0.006,"enqueue":4.268,"evict":0.414,"player_chunk":0.016,"prune":0.014,"publish":0.068,"queue_pages":9.619,"spawn":0.002,"wrap":0.01}
STREAMING_STEP_TIMING total=13.91ms {"drain_packets":0.009,"drain_pages":0.007,"enqueue":4.772,"evict":0.361,"player_chunk":0.022,"prune":0.011,"publish":0.05,"queue_pages":8.667,"spawn":0.002,"wrap":0.012}
STREAMING_STEP_TIMING total=18.69ms {"drain_packets":0.008,"drain_pages":0.131,"enqueue":4.151,"evict":0.358,"player_chunk":0.016,"prune":0.009,"publish":5.739,"queue_pages":8.255,"spawn":0.003,"wrap":0.016}
STREAMING_STEP_TIMING total=30.62ms {"drain_packets":0.008,"drain_pages":0.006,"enqueue":4.145,"evict":0.307,"player_chunk":0.019,"prune":0.003,"publish":17.849,"queue_pages":8.269,"spawn":0.002,"wrap":0.007}
STREAMING_STEP_TIMING total=10.73ms {"drain_packets":0.007,"drain_pages":0.006,"enqueue":3.333,"evict":0.284,"player_chunk":0.014,"prune":0.003,"publish":0.004,"queue_pages":7.067,"spawn":0.002,"wrap":0.008}
STREAMING_STEP_TIMING total=10.68ms {"drain_packets":0.005,"drain_pages":0.005,"enqueue":3.261,"evict":0.29,"player_chunk":0.015,"prune":0.002,"publish":0.004,"queue_pages":7.09,"spawn":0.001,"wrap":0.008}
ERROR: Parameter "t" is null.
   at: texture_2d_get (./servers/rendering/dummy/storage/texture_storage.h:106)
   GDScript backtrace (most recent call first):
       [0] _capture_viewport (res://tools/runtime_mountain_raster_walk_probe.gd:440)
       [1] _run (res://tools/runtime_mountain_raster_walk_probe.gd:96)
       [2] _wait_until_settled (res://tools/runtime_mountain_raster_walk_probe.gd:293)
STREAMING_STEP_TIMING total=10.80ms {"drain_packets":0.013,"drain_pages":0.008,"enqueue":3.399,"evict":0.291,"player_chunk":0.022,"prune":0.005,"publish":0.004,"queue_pages":7.04,"spawn":0.003,"wrap":0.012}
STREAMING_STEP_TIMING total=12.57ms {"drain_packets":0.006,"drain_pages":0.004,"enqueue":3.237,"evict":0.386,"player_chunk":0.018,"prune":0.003,"publish":0.008,"queue_pages":8.896,"spawn":0.001,"wrap":0.01}
STREAMING_STEP_TIMING total=11.04ms {"drain_packets":0.008,"drain_pages":0.006,"enqueue":3.376,"evict":0.297,"player_chunk":0.015,"prune":0.003,"publish":0.006,"queue_pages":7.319,"spawn":0.002,"wrap":0.009}
STREAMING_STEP_TIMING total=10.65ms {"drain_packets":0.008,"drain_pages":0.005,"enqueue":3.294,"evict":0.29,"player_chunk":0.016,"prune":0.004,"publish":0.005,"queue_pages":7.023,"spawn":0.001,"wrap":0.006}
STREAMING_STEP_TIMING total=11.73ms {"drain_packets":0.006,"drain_pages":0.006,"enqueue":3.265,"evict":0.315,"player_chunk":0.014,"prune":0.002,"publish":0.006,"queue_pages":8.108,"spawn":0.002,"wrap":0.009}
STREAMING_STEP_TIMING total=10.59ms {"drain_packets":0.007,"drain_pages":0.005,"enqueue":3.262,"evict":0.29,"player_chunk":0.02,"prune":0.002,"publish":0.004,"queue_pages":6.987,"spawn":0.001,"wrap":0.01}
STREAMING_STEP_TIMING total=10.74ms {"drain_packets":0.009,"drain_pages":0.005,"enqueue":3.35,"evict":0.286,"player_chunk":0.017,"prune":0.003,"publish":0.003,"queue_pages":7.048,"spawn":0.002,"wrap":0.019}
STREAMING_STEP_TIMING total=10.63ms {"drain_packets":0.005,"drain_pages":0.004,"enqueue":3.254,"evict":0.292,"player_chunk":0.017,"prune":0.002,"publish":0.005,"queue_pages":7.044,"spawn":0.001,"wrap":0.009}
STREAMING_STEP_TIMING total=11.06ms {"drain_packets":0.005,"drain_pages":0.005,"enqueue":3.248,"evict":0.365,"player_chunk":0.014,"prune":0.002,"publish":0.007,"queue_pages":7.402,"spawn":0.001,"wrap":0.008}
STREAMING_STEP_TIMING total=10.94ms {"drain_packets":0.01,"drain_pages":0.005,"enqueue":3.481,"evict":0.292,"player_chunk":0.019,"prune":0.004,"publish":0.004,"queue_pages":7.111,"spawn":0.002,"wrap":0.01}
STREAMING_STEP_TIMING total=10.93ms {"drain_packets":0.008,"drain_pages":0.005,"enqueue":3.338,"evict":0.305,"player_chunk":0.013,"prune":0.004,"publish":0.006,"queue_pages":7.24,"spawn":0.002,"wrap":0.008}
STREAMING_STEP_TIMING total=10.87ms {"drain_packets":0.007,"drain_pages":0.005,"enqueue":3.284,"evict":0.305,"player_chunk":0.017,"prune":0.002,"publish":0.006,"queue_pages":7.237,"spawn":0.001,"wrap":0.006}
STREAMING_STEP_TIMING total=12.58ms {"drain_packets":0.008,"drain_pages":0.004,"enqueue":3.469,"evict":0.271,"player_chunk":0.013,"prune":0.032,"publish":0.283,"queue_pages":8.491,"spawn":0.002,"wrap":0.008}
STREAMING_STEP_TIMING total=11.72ms {"drain_packets":0.008,"drain_pages":0.006,"enqueue":3.65,"evict":0.261,"player_chunk":0.014,"prune":0.044,"publish":0.203,"queue_pages":7.519,"spawn":0.002,"wrap":0.007}
STREAMING_STEP_TIMING total=13.88ms {"drain_packets":0.072,"drain_pages":0.007,"enqueue":3.547,"evict":0.312,"player_chunk":0.014,"prune":0.041,"publish":0.33,"queue_pages":9.541,"spawn":0.002,"wrap":0.008}
STREAMING_STEP_TIMING total=15.08ms {"drain_packets":0.088,"drain_pages":0.008,"enqueue":4.249,"evict":0.343,"player_chunk":0.02,"prune":0.046,"publish":0.259,"queue_pages":10.05,"spawn":0.003,"wrap":0.011}
STREAMING_STEP_TIMING total=19.84ms {"drain_packets":0.074,"drain_pages":0.006,"enqueue":4.817,"evict":0.439,"player_chunk":0.02,"prune":0.043,"publish":0.267,"queue_pages":14.159,"spawn":0.002,"wrap":0.013}
STREAMING_STEP_TIMING total=17.64ms {"drain_packets":0.068,"drain_pages":0.006,"enqueue":4.701,"evict":0.436,"player_chunk":0.016,"prune":0.041,"publish":0.266,"queue_pages":12.087,"spawn":0.002,"wrap":0.01}
STREAMING_STEP_TIMING total=18.13ms {"drain_packets":0.08,"drain_pages":0.009,"enqueue":4.822,"evict":0.627,"player_chunk":0.016,"prune":0.044,"publish":0.339,"queue_pages":12.179,"spawn":0.002,"wrap":0.009}
STREAMING_STEP_TIMING total=16.73ms {"drain_packets":0.096,"drain_pages":0.008,"enqueue":5.148,"evict":0.401,"player_chunk":0.023,"prune":0.048,"publish":0.341,"queue_pages":10.644,"spawn":0.003,"wrap":0.011}
STREAMING_STEP_TIMING total=17.14ms {"drain_packets":0.1,"drain_pages":0.009,"enqueue":5.338,"evict":0.374,"player_chunk":0.023,"prune":0.055,"publish":0.298,"queue_pages":10.917,"spawn":0.005,"wrap":0.016}
STREAMING_STEP_TIMING total=16.91ms {"drain_packets":0.011,"drain_pages":0.007,"enqueue":5.232,"evict":0.386,"player_chunk":0.025,"prune":0.051,"publish":0.311,"queue_pages":10.869,"spawn":0.003,"wrap":0.014}
STREAMING_STEP_TIMING total=17.10ms {"drain_packets":0.012,"drain_pages":0.007,"enqueue":5.336,"evict":0.375,"player_chunk":0.02,"prune":0.054,"publish":0.305,"queue_pages":10.969,"spawn":0.003,"wrap":0.012}
STREAMING_STEP_TIMING total=17.10ms {"drain_packets":0.011,"drain_pages":0.007,"enqueue":5.276,"evict":0.401,"player_chunk":0.024,"prune":0.052,"publish":0.307,"queue_pages":11.005,"spawn":0.003,"wrap":0.014}
STREAMING_STEP_TIMING total=17.84ms {"drain_packets":0.01,"drain_pages":0.007,"enqueue":5.284,"evict":0.391,"player_chunk":0.02,"prune":0.053,"publish":0.297,"queue_pages":11.759,"spawn":0.003,"wrap":0.012}
STREAMING_STEP_TIMING total=49.01ms {"drain_packets":0.01,"drain_pages":0.007,"enqueue":6.56,"evict":1.082,"player_chunk":0.414,"prune":0.047,"publish":26.002,"queue_pages":14.87,"spawn":0.002,"wrap":0.01}
STREAMING_STEP_TIMING total=23.62ms {"drain_packets":0.01,"drain_pages":0.007,"enqueue":9.587,"evict":0.365,"player_chunk":0.017,"prune":0.05,"publish":0.898,"queue_pages":12.675,"spawn":0.002,"wrap":0.01}
STREAMING_STEP_TIMING total=58.80ms {"drain_packets":0.013,"drain_pages":0.008,"enqueue":6.775,"evict":0.409,"player_chunk":0.022,"prune":0.051,"publish":0.419,"queue_pages":51.086,"spawn":0.002,"wrap":0.013}
STREAMING_STEP_TIMING total=16.31ms {"drain_packets":0.009,"drain_pages":0.006,"enqueue":5.234,"evict":0.36,"player_chunk":0.019,"prune":0.047,"publish":0.299,"queue_pages":10.316,"spawn":0.003,"wrap":0.012}
STREAMING_STEP_TIMING total=24.65ms {"drain_packets":0.008,"drain_pages":0.147,"enqueue":5.002,"evict":0.38,"player_chunk":0.021,"prune":0.045,"publish":8.806,"queue_pages":10.227,"spawn":0.002,"wrap":0.009}
STREAMING_STEP_TIMING total=38.98ms {"drain_packets":0.013,"drain_pages":0.008,"enqueue":4.945,"evict":0.323,"player_chunk":0.016,"prune":0.088,"publish":23.435,"queue_pages":10.139,"spawn":0.002,"wrap":0.01}
STREAMING_STEP_TIMING total=20.57ms {"drain_packets":0.01,"drain_pages":0.136,"enqueue":4.193,"evict":0.323,"player_chunk":0.02,"prune":0.044,"publish":7.495,"queue_pages":8.337,"spawn":0.002,"wrap":0.011}
STREAMING_STEP_TIMING total=34.16ms {"drain_packets":0.007,"drain_pages":0.12,"enqueue":4.119,"evict":0.327,"player_chunk":0.016,"prune":0.028,"publish":20.762,"queue_pages":8.768,"spawn":0.002,"wrap":0.009}
STREAMING_STEP_TIMING total=20.09ms {"drain_packets":0.008,"drain_pages":0.006,"enqueue":4.112,"evict":0.31,"player_chunk":0.02,"prune":0.027,"publish":7.07,"queue_pages":8.529,"spawn":0.002,"wrap":0.007}
STREAMING_STEP_TIMING total=34.17ms {"drain_packets":0.007,"drain_pages":0.005,"enqueue":3.616,"evict":0.327,"player_chunk":0.014,"prune":0.021,"publish":19.715,"queue_pages":10.454,"spawn":0.002,"wrap":0.008}
STREAMING_STEP_TIMING total=20.43ms {"drain_packets":0.01,"drain_pages":0.006,"enqueue":4.256,"evict":0.336,"player_chunk":0.02,"prune":0.028,"publish":7.519,"queue_pages":8.237,"spawn":0.002,"wrap":0.01}
STREAMING_STEP_TIMING total=29.52ms {"drain_packets":0.006,"drain_pages":0.005,"enqueue":3.262,"evict":0.286,"player_chunk":0.019,"prune":0.016,"publish":18.769,"queue_pages":7.138,"spawn":0.003,"wrap":0.011}
STREAMING_STEP_TIMING total=17.49ms {"drain_packets":0.007,"drain_pages":0.006,"enqueue":3.25,"evict":0.351,"player_chunk":0.017,"prune":0.016,"publish":6.823,"queue_pages":7.008,"spawn":0.002,"wrap":0.007}
STREAMING_STEP_TIMING total=29.06ms {"drain_packets":0.008,"drain_pages":0.006,"enqueue":4.128,"evict":0.282,"player_chunk":0.015,"prune":0.014,"publish":16.431,"queue_pages":8.158,"spawn":0.002,"wrap":0.01}
STREAMING_STEP_TIMING total=18.62ms {"drain_packets":0.007,"drain_pages":0.006,"enqueue":3.281,"evict":0.284,"player_chunk":0.017,"prune":0.012,"publish":7.841,"queue_pages":7.164,"spawn":0.002,"wrap":0.009}
STREAMING_STEP_TIMING total=30.21ms {"drain_packets":0.006,"drain_pages":0.006,"enqueue":3.3,"evict":0.287,"player_chunk":0.014,"prune":0.007,"publish":19.572,"queue_pages":7.011,"spawn":0.002,"wrap":0.008}
STREAMING_STEP_TIMING total=16.89ms {"drain_packets":0.007,"drain_pages":0.005,"enqueue":3.321,"evict":0.291,"player_chunk":0.015,"prune":0.009,"publish":6.219,"queue_pages":7.013,"spawn":0.001,"wrap":0.007}
STREAMING_STEP_TIMING total=28.70ms {"drain_packets":0.008,"drain_pages":0.005,"enqueue":3.265,"evict":0.299,"player_chunk":0.013,"prune":0.002,"publish":18.057,"queue_pages":7.045,"spawn":0.002,"wrap":0.008}
STREAMING_STEP_TIMING total=10.81ms {"drain_packets":0.006,"drain_pages":0.005,"enqueue":3.289,"evict":0.298,"player_chunk":0.017,"prune":0.002,"publish":0.004,"queue_pages":7.178,"spawn":0.002,"wrap":0.009}
STREAMING_STEP_TIMING total=10.57ms {"drain_packets":0.006,"drain_pages":0.004,"enqueue":3.289,"evict":0.286,"player_chunk":0.013,"prune":0.003,"publish":0.004,"queue_pages":6.955,"spawn":0.002,"wrap":0.008}
STREAMING_STEP_TIMING total=10.86ms {"drain_packets":0.006,"drain_pages":0.005,"enqueue":3.306,"evict":0.292,"player_chunk":0.016,"prune":0.002,"publish":0.004,"queue_pages":7.217,"spawn":0.002,"wrap":0.006}
STREAMING_STEP_TIMING total=10.74ms {"drain_packets":0.006,"drain_pages":0.005,"enqueue":3.26,"evict":0.295,"player_chunk":0.013,"prune":0.001,"publish":0.005,"queue_pages":7.139,"spawn":0.002,"wrap":0.008}
STREAMING_STEP_TIMING total=10.59ms {"drain_packets":0.006,"drain_pages":0.004,"enqueue":3.257,"evict":0.292,"player_chunk":0.016,"prune":0.001,"publish":0.004,"queue_pages":6.995,"spawn":0.002,"wrap":0.009}
STREAMING_STEP_TIMING total=10.71ms {"drain_packets":0.008,"drain_pages":0.006,"enqueue":3.285,"evict":0.282,"player_chunk":0.014,"prune":0.005,"publish":0.003,"queue_pages":7.099,"spawn":0.002,"wrap":0.007}
STREAMING_STEP_TIMING total=10.64ms {"drain_packets":0.004,"drain_pages":0.004,"enqueue":3.258,"evict":0.303,"player_chunk":0.016,"prune":0.002,"publish":0.005,"queue_pages":7.037,"spawn":0.002,"wrap":0.009}
STREAMING_STEP_TIMING total=10.64ms {"drain_packets":0.006,"drain_pages":0.004,"enqueue":3.302,"evict":0.299,"player_chunk":0.013,"prune":0.002,"publish":0.002,"queue_pages":6.998,"spawn":0.002,"wrap":0.007}
STREAMING_STEP_TIMING total=10.88ms {"drain_packets":0.009,"drain_pages":0.008,"enqueue":3.356,"evict":0.297,"player_chunk":0.014,"prune":0.004,"publish":0.005,"queue_pages":7.177,"spawn":0.002,"wrap":0.008}
STREAMING_STEP_TIMING total=10.91ms {"drain_packets":0.006,"drain_pages":0.004,"enqueue":3.313,"evict":0.301,"player_chunk":0.02,"prune":0.002,"publish":0.005,"queue_pages":7.249,"spawn":0.002,"wrap":0.008}
STREAMING_STEP_TIMING total=10.68ms {"drain_packets":0.006,"drain_pages":0.004,"enqueue":3.26,"evict":0.295,"player_chunk":0.017,"prune":0.001,"publish":0.004,"queue_pages":7.083,"spawn":0.001,"wrap":0.006}
STREAMING_STEP_TIMING total=10.87ms {"drain_packets":0.006,"drain_pages":0.005,"enqueue":3.374,"evict":0.293,"player_chunk":0.017,"prune":0.003,"publish":0.005,"queue_pages":7.148,"spawn":0.004,"wrap":0.011}
STREAMING_STEP_TIMING total=10.87ms {"drain_packets":0.003,"drain_pages":0.003,"enqueue":3.298,"evict":0.305,"player_chunk":0.012,"prune":0.002,"publish":0.005,"queue_pages":7.235,"spawn":0.002,"wrap":0.007}
STREAMING_STEP_TIMING total=10.75ms {"drain_packets":0.006,"drain_pages":0.004,"enqueue":3.304,"evict":0.307,"player_chunk":0.013,"prune":0.001,"publish":0.004,"queue_pages":7.095,"spawn":0.002,"wrap":0.008}
STREAMING_STEP_TIMING total=10.75ms {"drain_packets":0.006,"drain_pages":0.006,"enqueue":3.326,"evict":0.293,"player_chunk":0.017,"prune":0.002,"publish":0.004,"queue_pages":7.08,"spawn":0.002,"wrap":0.01}
STREAMING_STEP_TIMING total=10.79ms {"drain_packets":0.007,"drain_pages":0.006,"enqueue":3.339,"evict":0.315,"player_chunk":0.014,"prune":0.003,"publish":0.006,"queue_pages":7.088,"spawn":0.002,"wrap":0.009}
STREAMING_STEP_TIMING total=13.03ms {"drain_packets":0.008,"drain_pages":0.005,"enqueue":3.293,"evict":0.467,"player_chunk":0.017,"prune":0.002,"publish":0.008,"queue_pages":9.215,"spawn":0.002,"wrap":0.011}
STREAMING_STEP_TIMING total=14.26ms {"drain_packets":0.009,"drain_pages":0.006,"enqueue":5.219,"evict":0.37,"player_chunk":0.019,"prune":0.004,"publish":0.006,"queue_pages":8.61,"spawn":0.002,"wrap":0.012}
STREAMING_STEP_TIMING total=12.77ms {"drain_packets":0.007,"drain_pages":0.004,"enqueue":4.126,"evict":0.384,"player_chunk":0.019,"prune":0.002,"publish":0.005,"queue_pages":8.205,"spawn":0.002,"wrap":0.007}
STREAMING_STEP_TIMING total=12.83ms {"drain_packets":0.01,"drain_pages":0.006,"enqueue":4.138,"evict":0.357,"player_chunk":0.016,"prune":0.004,"publish":0.004,"queue_pages":8.279,"spawn":0.002,"wrap":0.009}
STREAMING_STEP_TIMING total=12.63ms {"drain_packets":0.006,"drain_pages":0.006,"enqueue":4.058,"evict":0.352,"player_chunk":0.018,"prune":0.002,"publish":0.004,"queue_pages":8.175,"spawn":0.002,"wrap":0.01}
STREAMING_STEP_TIMING total=12.64ms {"drain_packets":0.006,"drain_pages":0.005,"enqueue":4.067,"evict":0.356,"player_chunk":0.015,"prune":0.003,"publish":0.004,"queue_pages":8.174,"spawn":0.001,"wrap":0.009}
STREAMING_STEP_TIMING total=12.62ms {"drain_packets":0.005,"drain_pages":0.005,"enqueue":4.064,"evict":0.359,"player_chunk":0.02,"prune":0.002,"publish":0.004,"queue_pages":8.145,"spawn":0.002,"wrap":0.01}
STREAMING_STEP_TIMING total=12.73ms {"drain_packets":0.007,"drain_pages":0.006,"enqueue":4.077,"evict":0.288,"player_chunk":0.015,"prune":0.003,"publish":0.003,"queue_pages":8.323,"spawn":0.002,"wrap":0.01}
STREAMING_STEP_TIMING total=10.72ms {"drain_packets":0.007,"drain_pages":0.005,"enqueue":3.36,"evict":0.297,"player_chunk":0.013,"prune":0.003,"publish":0.003,"queue_pages":7.019,"spawn":0.001,"wrap":0.009}
STREAMING_STEP_TIMING total=10.64ms {"drain_packets":0.005,"drain_pages":0.006,"enqueue":3.284,"evict":0.304,"player_chunk":0.013,"prune":0.002,"publish":0.006,"queue_pages":7.013,"spawn":0.002,"wrap":0.007}
STREAMING_STEP_TIMING total=10.64ms {"drain_packets":0.009,"drain_pages":0.005,"enqueue":3.355,"evict":0.282,"player_chunk":0.016,"prune":0.004,"publish":0.003,"queue_pages":6.955,"spawn":0.001,"wrap":0.006}
STREAMING_STEP_TIMING total=10.80ms {"drain_packets":0.008,"drain_pages":0.005,"enqueue":3.389,"evict":0.283,"player_chunk":0.012,"prune":0.003,"publish":0.004,"queue_pages":7.087,"spawn":0.002,"wrap":0.007}
STREAMING_STEP_TIMING total=10.72ms {"drain_packets":0.004,"drain_pages":0.004,"enqueue":3.24,"evict":0.3,"player_chunk":0.016,"prune":0.002,"publish":0.006,"queue_pages":7.13,"spawn":0.002,"wrap":0.009}
STREAMING_STEP_TIMING total=10.53ms {"drain_packets":0.006,"drain_pages":0.004,"enqueue":3.254,"evict":0.276,"player_chunk":0.013,"prune":0.003,"publish":0.002,"queue_pages":6.958,"spawn":0.002,"wrap":0.008}
STREAMING_STEP_TIMING total=10.79ms {"drain_packets":0.009,"drain_pages":0.006,"enqueue":3.363,"evict":0.296,"player_chunk":0.011,"prune":0.005,"publish":0.004,"queue_pages":7.082,"spawn":0.001,"wrap":0.006}
STREAMING_STEP_TIMING total=10.73ms {"drain_packets":0.005,"drain_pages":0.004,"enqueue":3.215,"evict":0.307,"player_chunk":0.014,"prune":0.002,"publish":0.005,"queue_pages":7.166,"spawn":0.002,"wrap":0.007}
STREAMING_STEP_TIMING total=12.65ms {"drain_packets":0.007,"drain_pages":0.005,"enqueue":3.94,"evict":0.364,"player_chunk":0.016,"prune":0.004,"publish":0.004,"queue_pages":8.294,"spawn":0.001,"wrap":0.009}
STREAMING_STEP_TIMING total=14.37ms {"drain_packets":0.012,"drain_pages":0.007,"enqueue":4.855,"evict":0.312,"player_chunk":0.014,"prune":0.006,"publish":0.005,"queue_pages":9.148,"spawn":0.002,"wrap":0.01}
STREAMING_STEP_TIMING total=10.75ms {"drain_packets":0.008,"drain_pages":0.005,"enqueue":3.367,"evict":0.287,"player_chunk":0.017,"prune":0.004,"publish":0.003,"queue_pages":7.053,"spawn":0.002,"wrap":0.006}
STREAMING_STEP_TIMING total=10.76ms {"drain_packets":0.005,"drain_pages":0.003,"enqueue":3.253,"evict":0.307,"player_chunk":0.013,"prune":0.002,"publish":0.006,"queue_pages":7.157,"spawn":0.002,"wrap":0.008}
STREAMING_STEP_TIMING total=10.62ms {"drain_packets":0.006,"drain_pages":0.005,"enqueue":3.259,"evict":0.288,"player_chunk":0.017,"prune":0.002,"publish":0.004,"queue_pages":7.025,"spawn":0.002,"wrap":0.009}
STREAMING_STEP_TIMING total=15.82ms {"drain_packets":0.012,"drain_pages":0.014,"enqueue":4.488,"evict":0.456,"player_chunk":0.013,"prune":0.005,"publish":0.006,"queue_pages":10.814,"spawn":0.002,"wrap":0.007}
STREAMING_STEP_TIMING total=11.10ms {"drain_packets":0.011,"drain_pages":0.005,"enqueue":3.81,"evict":0.287,"player_chunk":0.023,"prune":0.006,"publish":0.003,"queue_pages":6.941,"spawn":0.003,"wrap":0.013}
STREAMING_STEP_TIMING total=13.45ms {"drain_packets":0.005,"drain_pages":0.004,"enqueue":3.252,"evict":0.475,"player_chunk":0.014,"prune":0.002,"publish":0.008,"queue_pages":9.677,"spawn":0.001,"wrap":0.009}
STREAMING_STEP_TIMING total=13.20ms {"drain_packets":0.007,"drain_pages":0.005,"enqueue":4.098,"evict":0.312,"player_chunk":0.024,"prune":0.003,"publish":0.007,"queue_pages":8.73,"spawn":0.002,"wrap":0.014}
STREAMING_STEP_TIMING total=11.27ms {"drain_packets":0.009,"drain_pages":0.006,"enqueue":3.42,"evict":0.332,"player_chunk":0.023,"prune":0.004,"publish":0.006,"queue_pages":7.45,"spawn":0.002,"wrap":0.013}
STREAMING_STEP_TIMING total=11.12ms {"drain_packets":0.012,"drain_pages":0.008,"enqueue":3.649,"evict":0.311,"player_chunk":0.021,"prune":0.008,"publish":0.007,"queue_pages":7.094,"spawn":0.003,"wrap":0.008}
STREAMING_STEP_TIMING total=10.66ms {"drain_packets":0.006,"drain_pages":0.004,"enqueue":3.289,"evict":0.303,"player_chunk":0.014,"prune":0.002,"publish":0.005,"queue_pages":7.028,"spawn":0.002,"wrap":0.008}
STREAMING_STEP_TIMING total=10.70ms {"drain_packets":0.006,"drain_pages":0.004,"enqueue":3.306,"evict":0.34,"player_chunk":0.017,"prune":0.002,"publish":0.005,"queue_pages":7.004,"spawn":0.001,"wrap":0.009}
STREAMING_STEP_TIMING total=10.77ms {"drain_packets":0.006,"drain_pages":0.005,"enqueue":3.389,"evict":0.292,"player_chunk":0.015,"prune":0.003,"publish":0.004,"queue_pages":7.044,"spawn":0.002,"wrap":0.008}
STREAMING_STEP_TIMING total=10.70ms {"drain_packets":0.006,"drain_pages":0.005,"enqueue":3.313,"evict":0.296,"player_chunk":0.017,"prune":0.002,"publish":0.005,"queue_pages":7.047,"spawn":0.002,"wrap":0.009}
STREAMING_STEP_TIMING total=10.77ms {"drain_packets":0.009,"drain_pages":0.006,"enqueue":3.387,"evict":0.29,"player_chunk":0.014,"prune":0.004,"publish":0.004,"queue_pages":7.044,"spawn":0.002,"wrap":0.009}
STREAMING_STEP_TIMING total=10.68ms {"drain_packets":0.005,"drain_pages":0.005,"enqueue":3.319,"evict":0.283,"player_chunk":0.017,"prune":0.002,"publish":0.003,"queue_pages":7.03,"spawn":0.002,"wrap":0.009}
STREAMING_STEP_TIMING total=10.71ms {"drain_packets":0.005,"drain_pages":0.004,"enqueue":3.288,"evict":0.304,"player_chunk":0.011,"prune":0.002,"publish":0.005,"queue_pages":7.08,"spawn":0.001,"wrap":0.007}
STREAMING_STEP_TIMING total=10.86ms {"drain_packets":0.006,"drain_pages":0.005,"enqueue":3.347,"evict":0.295,"player_chunk":0.016,"prune":0.002,"publish":0.004,"queue_pages":7.177,"spawn":0.002,"wrap":0.006}
STREAMING_STEP_TIMING total=10.58ms {"drain_packets":0.005,"drain_pages":0.005,"enqueue":3.273,"evict":0.282,"player_chunk":0.013,"prune":0.002,"publish":0.003,"queue_pages":6.987,"spawn":0.002,"wrap":0.008}
STREAMING_STEP_TIMING total=11.15ms {"drain_packets":0.005,"drain_pages":0.003,"enqueue":3.256,"evict":0.302,"player_chunk":0.01,"prune":0.001,"publish":0.006,"queue_pages":7.552,"spawn":0.001,"wrap":0.008}
[FrameBudget] streaming=17.5ms topology=0.0ms visual=0.0ms spawn=0.0ms total=17.5ms/6.0ms world.streaming_v0=17.5ms(60)
STREAMING_STEP_TIMING total=10.86ms {"drain_packets":0.005,"drain_pages":0.004,"enqueue":3.275,"evict":0.294,"player_chunk":0.013,"prune":0.002,"publish":0.003,"queue_pages":7.255,"spawn":0.002,"wrap":0.008}
STREAMING_STEP_TIMING total=10.80ms {"drain_packets":0.008,"drain_pages":0.005,"enqueue":3.434,"evict":0.286,"player_chunk":0.016,"prune":0.004,"publish":0.003,"queue_pages":7.035,"spawn":0.002,"wrap":0.009}
STREAMING_STEP_TIMING total=10.83ms {"drain_packets":0.005,"drain_pages":0.004,"enqueue":3.285,"evict":0.298,"player_chunk":0.013,"prune":0.002,"publish":0.005,"queue_pages":7.208,"spawn":0.002,"wrap":0.007}
STREAMING_STEP_TIMING total=10.89ms {"drain_packets":0.005,"drain_pages":0.005,"enqueue":3.327,"evict":0.343,"player_chunk":0.016,"prune":0.002,"publish":0.005,"queue_pages":7.173,"spawn":0.002,"wrap":0.009}
STREAMING_STEP_TIMING total=12.84ms {"drain_packets":0.013,"drain_pages":0.008,"enqueue":5.102,"evict":0.285,"player_chunk":0.014,"prune":0.006,"publish":0.003,"queue_pages":7.4,"spawn":0.002,"wrap":0.008}
STREAMING_STEP_TIMING total=10.88ms {"drain_packets":0.009,"drain_pages":0.005,"enqueue":3.477,"evict":0.285,"player_chunk":0.016,"prune":0.004,"publish":0.004,"queue_pages":7.065,"spawn":0.002,"wrap":0.007}
STREAMING_STEP_TIMING total=10.79ms {"drain_packets":0.004,"drain_pages":0.004,"enqueue":3.287,"evict":0.302,"player_chunk":0.014,"prune":0.002,"publish":0.006,"queue_pages":7.158,"spawn":0.002,"wrap":0.007}
STREAMING_STEP_TIMING total=10.59ms {"drain_packets":0.005,"drain_pages":0.005,"enqueue":3.253,"evict":0.285,"player_chunk":0.017,"prune":0.001,"publish":0.003,"queue_pages":7.009,"spawn":0.002,"wrap":0.01}
STREAMING_STEP_TIMING total=10.88ms {"drain_packets":0.011,"drain_pages":0.006,"enqueue":3.425,"evict":0.295,"player_chunk":0.01,"prune":0.006,"publish":0.005,"queue_pages":7.112,"spawn":0.001,"wrap":0.006}
STREAMING_STEP_TIMING total=10.81ms {"drain_packets":0.006,"drain_pages":0.005,"enqueue":3.294,"evict":0.305,"player_chunk":0.018,"prune":0.002,"publish":0.006,"queue_pages":7.159,"spawn":0.002,"wrap":0.01}
STREAMING_STEP_TIMING total=10.88ms {"drain_packets":0.006,"drain_pages":0.005,"enqueue":3.287,"evict":0.316,"player_chunk":0.014,"prune":0.002,"publish":0.006,"queue_pages":7.235,"spawn":0.001,"wrap":0.008}
STREAMING_STEP_TIMING total=10.92ms {"drain_packets":0.008,"drain_pages":0.005,"enqueue":3.349,"evict":0.291,"player_chunk":0.018,"prune":0.004,"publish":0.003,"queue_pages":7.23,"spawn":0.001,"wrap":0.011}
STREAMING_STEP_TIMING total=10.70ms {"drain_packets":0.006,"drain_pages":0.003,"enqueue":3.302,"evict":0.305,"player_chunk":0.014,"prune":0.002,"publish":0.005,"queue_pages":7.053,"spawn":0.001,"wrap":0.008}
STREAMING_STEP_TIMING total=10.56ms {"drain_packets":0.005,"drain_pages":0.004,"enqueue":3.286,"evict":0.28,"player_chunk":0.016,"prune":0.002,"publish":0.003,"queue_pages":6.953,"spawn":0.002,"wrap":0.006}
STREAMING_STEP_TIMING total=10.61ms {"drain_packets":0.007,"drain_pages":0.005,"enqueue":3.294,"evict":0.292,"player_chunk":0.011,"prune":0.003,"publish":0.003,"queue_pages":6.986,"spawn":0.002,"wrap":0.007}
STREAMING_STEP_TIMING total=10.86ms {"drain_packets":0.005,"drain_pages":0.004,"enqueue":3.297,"evict":0.302,"player_chunk":0.016,"prune":0.002,"publish":0.005,"queue_pages":7.217,"spawn":0.001,"wrap":0.008}
STREAMING_STEP_TIMING total=10.83ms {"drain_packets":0.005,"drain_pages":0.005,"enqueue":3.275,"evict":0.317,"player_chunk":0.014,"prune":0.002,"publish":0.006,"queue_pages":7.192,"spawn":0.002,"wrap":0.008}
STREAMING_STEP_TIMING total=10.63ms {"drain_packets":0.007,"drain_pages":0.005,"enqueue":3.288,"evict":0.295,"player_chunk":0.019,"prune":0.002,"publish":0.004,"queue_pages":6.995,"spawn":0.002,"wrap":0.011}
STREAMING_STEP_TIMING total=10.70ms {"drain_packets":0.007,"drain_pages":0.005,"enqueue":3.382,"evict":0.295,"player_chunk":0.013,"prune":0.004,"publish":0.005,"queue_pages":6.975,"spawn":0.001,"wrap":0.009}
STREAMING_STEP_TIMING total=10.67ms {"drain_packets":0.008,"drain_pages":0.004,"enqueue":3.268,"evict":0.309,"player_chunk":0.017,"prune":0.002,"publish":0.006,"queue_pages":7.042,"spawn":0.002,"wrap":0.01}
STREAMING_STEP_TIMING total=10.79ms {"drain_packets":0.007,"drain_pages":0.006,"enqueue":3.298,"evict":0.286,"player_chunk":0.015,"prune":0.002,"publish":0.003,"queue_pages":7.159,"spawn":0.003,"wrap":0.008}
STREAMING_STEP_TIMING total=10.70ms {"drain_packets":0.004,"drain_pages":0.003,"enqueue":3.252,"evict":0.299,"player_chunk":0.014,"prune":0.002,"publish":0.005,"queue_pages":7.113,"spawn":0.002,"wrap":0.006}
STREAMING_STEP_TIMING total=10.81ms {"drain_packets":0.007,"drain_pages":0.004,"enqueue":3.364,"evict":0.305,"player_chunk":0.013,"prune":0.003,"publish":0.004,"queue_pages":7.097,"spawn":0.002,"wrap":0.008}
STREAMING_STEP_TIMING total=11.04ms {"drain_packets":0.01,"drain_pages":0.005,"enqueue":3.465,"evict":0.292,"player_chunk":0.02,"prune":0.004,"publish":0.004,"queue_pages":7.22,"spawn":0.002,"wrap":0.013}
STREAMING_STEP_TIMING total=11.23ms {"drain_packets":0.005,"drain_pages":0.004,"enqueue":3.273,"evict":0.301,"player_chunk":0.013,"prune":0.002,"publish":0.005,"queue_pages":7.615,"spawn":0.002,"wrap":0.008}
STREAMING_STEP_TIMING total=16.62ms {"drain_packets":0.013,"drain_pages":0.008,"enqueue":5.226,"evict":0.506,"player_chunk":0.017,"prune":0.005,"publish":0.008,"queue_pages":10.821,"spawn":0.002,"wrap":0.009}
STREAMING_STEP_TIMING total=13.78ms {"drain_packets":0.01,"drain_pages":0.006,"enqueue":5.232,"evict":0.31,"player_chunk":0.018,"prune":0.003,"publish":0.005,"queue_pages":8.182,"spawn":0.002,"wrap":0.013}
STREAMING_STEP_TIMING total=10.57ms {"drain_packets":0.008,"drain_pages":0.005,"enqueue":3.316,"evict":0.284,"player_chunk":0.017,"prune":0.003,"publish":0.002,"queue_pages":6.921,"spawn":0.002,"wrap":0.01}
STREAMING_STEP_TIMING total=10.94ms {"drain_packets":0.008,"drain_pages":0.006,"enqueue":3.313,"evict":0.295,"player_chunk":0.013,"prune":0.004,"publish":0.003,"queue_pages":7.286,"spawn":0.002,"wrap":0.008}
STREAMING_STEP_TIMING total=10.79ms {"drain_packets":0.004,"drain_pages":0.004,"enqueue":3.314,"evict":0.386,"player_chunk":0.015,"prune":0.002,"publish":0.024,"queue_pages":7.035,"spawn":0.002,"wrap":0.006}
STREAMING_STEP_TIMING total=12.64ms {"drain_packets":0.006,"drain_pages":0.006,"enqueue":4.07,"evict":0.358,"player_chunk":0.015,"prune":0.002,"publish":0.005,"queue_pages":8.161,"spawn":0.002,"wrap":0.009}
STREAMING_STEP_TIMING total=12.71ms {"drain_packets":0.007,"drain_pages":0.005,"enqueue":4.092,"evict":0.353,"player_chunk":0.019,"prune":0.003,"publish":0.003,"queue_pages":8.21,"spawn":0.002,"wrap":0.011}
STREAMING_STEP_TIMING total=15.34ms {"drain_packets":0.008,"drain_pages":0.006,"enqueue":4.068,"evict":0.47,"player_chunk":0.014,"prune":0.004,"publish":0.007,"queue_pages":10.751,"spawn":0.002,"wrap":0.007}
STREAMING_STEP_TIMING total=13.32ms {"drain_packets":0.011,"drain_pages":0.006,"enqueue":5.121,"evict":0.293,"player_chunk":0.023,"prune":0.006,"publish":0.004,"queue_pages":7.837,"spawn":0.003,"wrap":0.013}
STREAMING_STEP_TIMING total=10.66ms {"drain_packets":0.006,"drain_pages":0.005,"enqueue":3.301,"evict":0.292,"player_chunk":0.013,"prune":0.002,"publish":0.004,"queue_pages":7.029,"spawn":0.002,"wrap":0.008}
STREAMING_STEP_TIMING total=10.56ms {"drain_packets":0.005,"drain_pages":0.004,"enqueue":3.253,"evict":0.283,"player_chunk":0.016,"prune":0.001,"publish":0.002,"queue_pages":6.983,"spawn":0.001,"wrap":0.009}
STREAMING_STEP_TIMING total=10.87ms {"drain_packets":0.006,"drain_pages":0.005,"enqueue":3.323,"evict":0.292,"player_chunk":0.012,"prune":0.003,"publish":0.003,"queue_pages":7.211,"spawn":0.002,"wrap":0.008}
STREAMING_STEP_TIMING total=10.71ms {"drain_packets":0.004,"drain_pages":0.003,"enqueue":3.31,"evict":0.297,"player_chunk":0.013,"prune":0.002,"publish":0.005,"queue_pages":7.067,"spawn":0.002,"wrap":0.005}
STREAMING_STEP_TIMING total=10.61ms {"drain_packets":0.006,"drain_pages":0.004,"enqueue":3.291,"evict":0.29,"player_chunk":0.014,"prune":0.002,"publish":0.004,"queue_pages":6.989,"spawn":0.002,"wrap":0.007}
STREAMING_STEP_TIMING total=10.70ms {"drain_packets":0.006,"drain_pages":0.005,"enqueue":3.305,"evict":0.283,"player_chunk":0.016,"prune":0.003,"publish":0.003,"queue_pages":7.066,"spawn":0.002,"wrap":0.009}
STREAMING_STEP_TIMING total=10.72ms {"drain_packets":0.006,"drain_pages":0.004,"enqueue":3.311,"evict":0.294,"player_chunk":0.011,"prune":0.002,"publish":0.004,"queue_pages":7.074,"spawn":0.002,"wrap":0.007}
STREAMING_STEP_TIMING total=10.62ms {"drain_packets":0.005,"drain_pages":0.004,"enqueue":3.278,"evict":0.293,"player_chunk":0.015,"prune":0.002,"publish":0.004,"queue_pages":7.011,"spawn":0.002,"wrap":0.009}
STREAMING_STEP_TIMING total=10.73ms {"drain_packets":0.007,"drain_pages":0.005,"enqueue":3.326,"evict":0.288,"player_chunk":0.013,"prune":0.003,"publish":0.002,"queue_pages":7.068,"spawn":0.004,"wrap":0.008}
STREAMING_STEP_TIMING total=10.78ms {"drain_packets":0.004,"drain_pages":0.004,"enqueue":3.253,"evict":0.303,"player_chunk":0.017,"prune":0.002,"publish":0.005,"queue_pages":7.177,"spawn":0.002,"wrap":0.011}
STREAMING_STEP_TIMING total=10.77ms {"drain_packets":0.005,"drain_pages":0.005,"enqueue":3.277,"evict":0.302,"player_chunk":0.014,"prune":0.002,"publish":0.005,"queue_pages":7.147,"spawn":0.001,"wrap":0.008}
STREAMING_STEP_TIMING total=11.77ms {"drain_packets":0.006,"drain_pages":0.005,"enqueue":3.329,"evict":0.389,"player_chunk":0.017,"prune":0.003,"publish":0.006,"queue_pages":7.999,"spawn":0.002,"wrap":0.006}
STREAMING_STEP_TIMING total=10.82ms {"drain_packets":0.007,"drain_pages":0.007,"enqueue":3.335,"evict":0.302,"player_chunk":0.014,"prune":0.002,"publish":0.005,"queue_pages":7.131,"spawn":0.002,"wrap":0.009}
STREAMING_STEP_TIMING total=10.66ms {"drain_packets":0.007,"drain_pages":0.005,"enqueue":3.342,"evict":0.352,"player_chunk":0.016,"prune":0.003,"publish":0.004,"queue_pages":6.919,"spawn":0.002,"wrap":0.01}
STREAMING_STEP_TIMING total=11.64ms {"drain_packets":0.006,"drain_pages":0.004,"enqueue":3.256,"evict":0.367,"player_chunk":0.014,"prune":0.002,"publish":0.007,"queue_pages":7.972,"spawn":0.001,"wrap":0.008}
STREAMING_STEP_TIMING total=13.01ms {"drain_packets":0.008,"drain_pages":0.006,"enqueue":4.357,"evict":0.354,"player_chunk":0.02,"prune":0.004,"publish":0.005,"queue_pages":8.243,"spawn":0.002,"wrap":0.012}
STREAMING_STEP_TIMING total=13.09ms {"drain_packets":0.006,"drain_pages":0.005,"enqueue":4.054,"evict":0.336,"player_chunk":0.015,"prune":0.002,"publish":0.007,"queue_pages":8.657,"spawn":0.002,"wrap":0.008}
STREAMING_STEP_TIMING total=11.05ms {"drain_packets":0.005,"drain_pages":0.005,"enqueue":3.286,"evict":0.407,"player_chunk":0.017,"prune":0.002,"publish":0.006,"queue_pages":7.298,"spawn":0.002,"wrap":0.017}
STREAMING_STEP_TIMING total=10.58ms {"drain_packets":0.005,"drain_pages":0.005,"enqueue":3.27,"evict":0.282,"player_chunk":0.013,"prune":0.002,"publish":0.003,"queue_pages":6.99,"spawn":0.002,"wrap":0.008}
STREAMING_STEP_TIMING total=10.57ms {"drain_packets":0.005,"drain_pages":0.003,"enqueue":3.264,"evict":0.293,"player_chunk":0.012,"prune":0.001,"publish":0.005,"queue_pages":6.98,"spawn":0.001,"wrap":0.005}
STREAMING_STEP_TIMING total=10.70ms {"drain_packets":0.005,"drain_pages":0.004,"enqueue":3.257,"evict":0.299,"player_chunk":0.013,"prune":0.002,"publish":0.004,"queue_pages":7.103,"spawn":0.002,"wrap":0.008}
STREAMING_STEP_TIMING total=15.00ms {"drain_packets":0.01,"drain_pages":0.007,"enqueue":4.068,"evict":0.308,"player_chunk":0.017,"prune":0.004,"publish":0.006,"queue_pages":10.57,"spawn":0.002,"wrap":0.009}
STREAMING_STEP_TIMING total=10.89ms {"drain_packets":0.006,"drain_pages":0.005,"enqueue":3.318,"evict":0.289,"player_chunk":0.014,"prune":0.002,"publish":0.003,"queue_pages":7.239,"spawn":0.002,"wrap":0.009}
STREAMING_STEP_TIMING total=10.92ms {"drain_packets":0.004,"drain_pages":0.004,"enqueue":3.352,"evict":0.297,"player_chunk":0.011,"prune":0.002,"publish":0.004,"queue_pages":7.239,"spawn":0.001,"wrap":0.007}
STREAMING_STEP_TIMING total=10.93ms {"drain_packets":0.006,"drain_pages":0.004,"enqueue":3.32,"evict":0.317,"player_chunk":0.013,"prune":0.001,"publish":0.006,"queue_pages":7.256,"spawn":0.002,"wrap":0.007}
STREAMING_STEP_TIMING total=10.73ms {"drain_packets":0.007,"drain_pages":0.005,"enqueue":3.386,"evict":0.287,"player_chunk":0.018,"prune":0.003,"publish":0.004,"queue_pages":6.998,"spawn":0.002,"wrap":0.013}
STREAMING_STEP_TIMING total=15.09ms {"drain_packets":0.01,"drain_pages":0.007,"enqueue":3.684,"evict":0.463,"player_chunk":0.014,"prune":0.005,"publish":0.008,"queue_pages":10.889,"spawn":0.001,"wrap":0.008}
STREAMING_STEP_TIMING total=13.03ms {"drain_packets":0.011,"drain_pages":0.006,"enqueue":4.392,"evict":0.35,"player_chunk":0.023,"prune":0.005,"publish":0.004,"queue_pages":8.22,"spawn":0.002,"wrap":0.01}
STREAMING_STEP_TIMING total=12.65ms {"drain_packets":0.007,"drain_pages":0.005,"enqueue":4.08,"evict":0.351,"player_chunk":0.015,"prune":0.002,"publish":0.005,"queue_pages":8.176,"spawn":0.002,"wrap":0.009}
STREAMING_STEP_TIMING total=13.60ms {"drain_packets":0.006,"drain_pages":0.005,"enqueue":4.124,"evict":0.371,"player_chunk":0.018,"prune":0.002,"publish":0.007,"queue_pages":9.056,"spawn":0.002,"wrap":0.009}
STREAMING_STEP_TIMING total=12.38ms {"drain_packets":0.006,"drain_pages":0.006,"enqueue":4.071,"evict":0.304,"player_chunk":0.015,"prune":0.002,"publish":0.003,"queue_pages":7.962,"spawn":0.002,"wrap":0.009}
STREAMING_STEP_TIMING total=10.65ms {"drain_packets":0.007,"drain_pages":0.006,"enqueue":3.313,"evict":0.286,"player_chunk":0.015,"prune":0.002,"publish":0.003,"queue_pages":7.012,"spawn":0.002,"wrap":0.008}
STREAMING_STEP_TIMING total=10.80ms {"drain_packets":0.005,"drain_pages":0.003,"enqueue":3.329,"evict":0.393,"player_chunk":0.011,"prune":0.002,"publish":0.004,"queue_pages":7.041,"spawn":0.002,"wrap":0.012}
STREAMING_STEP_TIMING total=10.55ms {"drain_packets":0.005,"drain_pages":0.004,"enqueue":3.274,"evict":0.282,"player_chunk":0.017,"prune":0.001,"publish":0.003,"queue_pages":6.95,"spawn":0.002,"wrap":0.009}
STREAMING_STEP_TIMING total=10.57ms {"drain_packets":0.009,"drain_pages":0.006,"enqueue":3.273,"evict":0.287,"player_chunk":0.011,"prune":0.002,"publish":0.003,"queue_pages":6.967,"spawn":0.001,"wrap":0.007}
STREAMING_STEP_TIMING total=10.77ms {"drain_packets":0.005,"drain_pages":0.003,"enqueue":3.32,"evict":0.301,"player_chunk":0.015,"prune":0.001,"publish":0.004,"queue_pages":7.108,"spawn":0.002,"wrap":0.005}
STREAMING_STEP_TIMING total=10.70ms {"drain_packets":0.006,"drain_pages":0.004,"enqueue":3.268,"evict":0.284,"player_chunk":0.012,"prune":0.002,"publish":0.003,"queue_pages":7.109,"spawn":0.002,"wrap":0.009}
STREAMING_STEP_TIMING total=10.66ms {"drain_packets":0.008,"drain_pages":0.006,"enqueue":3.308,"evict":0.288,"player_chunk":0.018,"prune":0.004,"publish":0.004,"queue_pages":7.012,"spawn":0.002,"wrap":0.009}
STREAMING_STEP_TIMING total=10.62ms {"drain_packets":0.005,"drain_pages":0.004,"enqueue":3.286,"evict":0.301,"player_chunk":0.013,"prune":0.002,"publish":0.005,"queue_pages":6.997,"spawn":0.001,"wrap":0.008}
STREAMING_STEP_TIMING total=10.97ms {"drain_packets":0.006,"drain_pages":0.006,"enqueue":3.5,"evict":0.3,"player_chunk":0.024,"prune":0.003,"publish":0.004,"queue_pages":7.112,"spawn":0.002,"wrap":0.014}
STREAMING_STEP_TIMING total=10.73ms {"drain_packets":0.007,"drain_pages":0.005,"enqueue":3.301,"evict":0.293,"player_chunk":0.014,"prune":0.002,"publish":0.002,"queue_pages":7.097,"spawn":0.002,"wrap":0.009}
STREAMING_STEP_TIMING total=11.08ms {"drain_packets":0.003,"drain_pages":0.003,"enqueue":3.362,"evict":0.31,"player_chunk":0.014,"prune":0.002,"publish":0.005,"queue_pages":7.367,"spawn":0.001,"wrap":0.008}
STREAMING_STEP_TIMING total=10.97ms {"drain_packets":0.006,"drain_pages":0.004,"enqueue":3.371,"evict":0.3,"player_chunk":0.013,"prune":0.002,"publish":0.004,"queue_pages":7.26,"spawn":0.002,"wrap":0.007}
STREAMING_STEP_TIMING total=10.69ms {"drain_packets":0.006,"drain_pages":0.005,"enqueue":3.284,"evict":0.288,"player_chunk":0.015,"prune":0.002,"publish":0.003,"queue_pages":7.082,"spawn":0.002,"wrap":0.005}
STREAMING_STEP_TIMING total=11.00ms {"drain_packets":0.005,"drain_pages":0.003,"enqueue":3.315,"evict":0.302,"player_chunk":0.011,"prune":0.001,"publish":0.006,"queue_pages":7.343,"spawn":0.002,"wrap":0.007}
STREAMING_STEP_TIMING total=10.69ms {"drain_packets":0.005,"drain_pages":0.005,"enqueue":3.272,"evict":0.307,"player_chunk":0.019,"prune":0.002,"publish":0.003,"queue_pages":7.061,"spawn":0.001,"wrap":0.01}
STREAMING_STEP_TIMING total=10.70ms {"drain_packets":0.006,"drain_pages":0.005,"enqueue":3.378,"evict":0.283,"player_chunk":0.013,"prune":0.002,"publish":0.003,"queue_pages":7.002,"spawn":0.002,"wrap":0.008}
STREAMING_STEP_TIMING total=10.86ms {"drain_packets":0.004,"drain_pages":0.003,"enqueue":3.254,"evict":0.301,"player_chunk":0.013,"prune":0.002,"publish":0.006,"queue_pages":7.262,"spawn":0.001,"wrap":0.008}
STREAMING_STEP_TIMING total=10.70ms {"drain_packets":0.005,"drain_pages":0.004,"enqueue":3.291,"evict":0.299,"player_chunk":0.014,"prune":0.002,"publish":0.004,"queue_pages":7.066,"spawn":0.002,"wrap":0.007}
STREAMING_STEP_TIMING total=10.67ms {"drain_packets":0.006,"drain_pages":0.005,"enqueue":3.312,"evict":0.279,"player_chunk":0.017,"prune":0.003,"publish":0.002,"queue_pages":7.031,"spawn":0.002,"wrap":0.009}
STREAMING_STEP_TIMING total=10.63ms {"drain_packets":0.004,"drain_pages":0.003,"enqueue":3.284,"evict":0.303,"player_chunk":0.012,"prune":0.001,"publish":0.005,"queue_pages":7.006,"spawn":0.002,"wrap":0.007}
STREAMING_STEP_TIMING total=10.62ms {"drain_packets":0.004,"drain_pages":0.005,"enqueue":3.299,"evict":0.284,"player_chunk":0.016,"prune":0.002,"publish":0.003,"queue_pages":6.995,"spawn":0.002,"wrap":0.006}
STREAMING_STEP_TIMING total=10.73ms {"drain_packets":0.007,"drain_pages":0.006,"enqueue":3.285,"evict":0.286,"player_chunk":0.019,"prune":0.003,"publish":0.003,"queue_pages":7.106,"spawn":0.002,"wrap":0.013}
STREAMING_STEP_TIMING total=10.69ms {"drain_packets":0.004,"drain_pages":0.003,"enqueue":3.289,"evict":0.292,"player_chunk":0.016,"prune":0.001,"publish":0.003,"queue_pages":7.069,"spawn":0.002,"wrap":0.008}
STREAMING_STEP_TIMING total=10.92ms {"drain_packets":0.005,"drain_pages":0.004,"enqueue":3.335,"evict":0.3,"player_chunk":0.013,"prune":0.001,"publish":0.005,"queue_pages":7.244,"spawn":0.002,"wrap":0.007}
STREAMING_STEP_TIMING total=10.66ms {"drain_packets":0.005,"drain_pages":0.004,"enqueue":3.28,"evict":0.282,"player_chunk":0.016,"prune":0.002,"publish":0.002,"queue_pages":7.055,"spawn":0.002,"wrap":0.009}
STREAMING_STEP_TIMING total=10.73ms {"drain_packets":0.004,"drain_pages":0.003,"enqueue":3.3,"evict":0.295,"player_chunk":0.01,"prune":0.002,"publish":0.005,"queue_pages":7.102,"spawn":0.001,"wrap":0.006}
STREAMING_STEP_TIMING total=10.65ms {"drain_packets":0.005,"drain_pages":0.005,"enqueue":3.317,"evict":0.296,"player_chunk":0.017,"prune":0.002,"publish":0.003,"queue_pages":6.996,"spawn":0.002,"wrap":0.009}
STREAMING_STEP_TIMING total=10.98ms {"drain_packets":0.006,"drain_pages":0.005,"enqueue":3.298,"evict":0.283,"player_chunk":0.013,"prune":0.001,"publish":0.005,"queue_pages":7.358,"spawn":0.002,"wrap":0.007}
STREAMING_STEP_TIMING total=10.62ms {"drain_packets":0.006,"drain_pages":0.004,"enqueue":3.299,"evict":0.29,"player_chunk":0.012,"prune":0.002,"publish":0.005,"queue_pages":6.997,"spawn":0.001,"wrap":0.005}
STREAMING_STEP_TIMING total=10.75ms {"drain_packets":0.005,"drain_pages":0.004,"enqueue":3.271,"evict":0.304,"player_chunk":0.013,"prune":0.001,"publish":0.005,"queue_pages":7.134,"spawn":0.002,"wrap":0.008}
STREAMING_STEP_TIMING total=10.80ms {"drain_packets":0.006,"drain_pages":0.004,"enqueue":3.295,"evict":0.288,"player_chunk":0.018,"prune":0.002,"publish":0.003,"queue_pages":7.175,"spawn":0.002,"wrap":0.009}
STREAMING_STEP_TIMING total=10.68ms {"drain_packets":0.007,"drain_pages":0.006,"enqueue":3.352,"evict":0.287,"player_chunk":0.013,"prune":0.004,"publish":0.004,"queue_pages":6.994,"spawn":0.002,"wrap":0.007}
STREAMING_STEP_TIMING total=10.63ms {"drain_packets":0.005,"drain_pages":0.004,"enqueue":3.297,"evict":0.306,"player_chunk":0.017,"prune":0.002,"publish":0.006,"queue_pages":6.983,"spawn":0.001,"wrap":0.009}
STREAMING_STEP_TIMING total=11.29ms {"drain_packets":0.01,"drain_pages":0.006,"enqueue":3.787,"evict":0.308,"player_chunk":0.019,"prune":0.004,"publish":0.004,"queue_pages":7.137,"spawn":0.003,"wrap":0.014}
STREAMING_STEP_TIMING total=10.79ms {"drain_packets":0.009,"drain_pages":0.005,"enqueue":3.4,"evict":0.298,"player_chunk":0.017,"prune":0.004,"publish":0.003,"queue_pages":7.036,"spawn":0.002,"wrap":0.01}
STREAMING_STEP_TIMING total=10.84ms {"drain_packets":0.007,"drain_pages":0.005,"enqueue":3.436,"evict":0.3,"player_chunk":0.015,"prune":0.003,"publish":0.005,"queue_pages":7.056,"spawn":0.002,"wrap":0.008}
STREAMING_STEP_TIMING total=10.65ms {"drain_packets":0.006,"drain_pages":0.004,"enqueue":3.275,"evict":0.282,"player_chunk":0.016,"prune":0.002,"publish":0.003,"queue_pages":7.048,"spawn":0.002,"wrap":0.006}
STREAMING_STEP_TIMING total=10.70ms {"drain_packets":0.008,"drain_pages":0.005,"enqueue":3.288,"evict":0.286,"player_chunk":0.011,"prune":0.002,"publish":0.003,"queue_pages":7.086,"spawn":0.002,"wrap":0.006}
STREAMING_STEP_TIMING total=10.80ms {"drain_packets":0.005,"drain_pages":0.003,"enqueue":3.301,"evict":0.31,"player_chunk":0.017,"prune":0.002,"publish":0.005,"queue_pages":7.146,"spawn":0.002,"wrap":0.008}
STREAMING_STEP_TIMING total=10.69ms {"drain_packets":0.006,"drain_pages":0.004,"enqueue":3.307,"evict":0.293,"player_chunk":0.013,"prune":0.002,"publish":0.003,"queue_pages":7.05,"spawn":0.002,"wrap":0.008}
STREAMING_STEP_TIMING total=10.86ms {"drain_packets":0.005,"drain_pages":0.005,"enqueue":3.312,"evict":0.303,"player_chunk":0.012,"prune":0.003,"publish":0.006,"queue_pages":7.209,"spawn":0.001,"wrap":0.006}
STREAMING_STEP_TIMING total=10.80ms {"drain_packets":0.006,"drain_pages":0.004,"enqueue":3.35,"evict":0.304,"player_chunk":0.013,"prune":0.002,"publish":0.005,"queue_pages":7.107,"spawn":0.002,"wrap":0.008}
STREAMING_STEP_TIMING total=10.77ms {"drain_packets":0.005,"drain_pages":0.005,"enqueue":3.323,"evict":0.281,"player_chunk":0.018,"prune":0.002,"publish":0.003,"queue_pages":7.118,"spawn":0.002,"wrap":0.016}
STREAMING_STEP_TIMING total=10.66ms {"drain_packets":0.006,"drain_pages":0.004,"enqueue":3.294,"evict":0.299,"player_chunk":0.011,"prune":0.003,"publish":0.005,"queue_pages":7.027,"spawn":0.001,"wrap":0.006}
STREAMING_STEP_TIMING total=10.92ms {"drain_packets":0.006,"drain_pages":0.004,"enqueue":3.34,"evict":0.309,"player_chunk":0.016,"prune":0.002,"publish":0.006,"queue_pages":7.225,"spawn":0.002,"wrap":0.006}
STREAMING_STEP_TIMING total=10.75ms {"drain_packets":0.008,"drain_pages":0.005,"enqueue":3.401,"evict":0.289,"player_chunk":0.014,"prune":0.003,"publish":0.004,"queue_pages":7.016,"spawn":0.002,"wrap":0.008}
STREAMING_STEP_TIMING total=10.66ms {"drain_packets":0.009,"drain_pages":0.005,"enqueue":3.333,"evict":0.286,"player_chunk":0.017,"prune":0.004,"publish":0.005,"queue_pages":6.989,"spawn":0.001,"wrap":0.01}
STREAMING_STEP_TIMING total=10.71ms {"drain_packets":0.006,"drain_pages":0.005,"enqueue":3.388,"evict":0.301,"player_chunk":0.022,"prune":0.003,"publish":0.005,"queue_pages":6.964,"spawn":0.002,"wrap":0.01}
STREAMING_STEP_TIMING total=10.59ms {"drain_packets":0.007,"drain_pages":0.005,"enqueue":3.278,"evict":0.287,"player_chunk":0.018,"prune":0.002,"publish":0.004,"queue_pages":6.977,"spawn":0.002,"wrap":0.01}
STREAMING_STEP_TIMING total=10.98ms {"drain_packets":0.009,"drain_pages":0.005,"enqueue":3.396,"evict":0.31,"player_chunk":0.013,"prune":0.003,"publish":0.004,"queue_pages":7.226,"spawn":0.001,"wrap":0.008}
STREAMING_STEP_TIMING total=10.89ms {"drain_packets":0.005,"drain_pages":0.005,"enqueue":3.276,"evict":0.34,"player_chunk":0.016,"prune":0.002,"publish":0.005,"queue_pages":7.226,"spawn":0.002,"wrap":0.009}
STREAMING_STEP_TIMING total=10.69ms {"drain_packets":0.005,"drain_pages":0.005,"enqueue":3.307,"evict":0.28,"player_chunk":0.013,"prune":0.002,"publish":0.003,"queue_pages":7.065,"spawn":0.001,"wrap":0.008}
STREAMING_STEP_TIMING total=10.65ms {"drain_packets":0.008,"drain_pages":0.005,"enqueue":3.307,"evict":0.281,"player_chunk":0.009,"prune":0.004,"publish":0.003,"queue_pages":7.023,"spawn":0.001,"wrap":0.005}
STREAMING_STEP_TIMING total=10.70ms {"drain_packets":0.004,"drain_pages":0.004,"enqueue":3.275,"evict":0.3,"player_chunk":0.012,"prune":0.002,"publish":0.006,"queue_pages":7.089,"spawn":0.002,"wrap":0.007}
STREAMING_STEP_TIMING total=10.57ms {"drain_packets":0.005,"drain_pages":0.004,"enqueue":3.258,"evict":0.279,"player_chunk":0.016,"prune":0.002,"publish":0.002,"queue_pages":6.989,"spawn":0.001,"wrap":0.009}
[FrameBudget] streaming=11.4ms topology=0.0ms visual=0.0ms spawn=0.0ms total=11.4ms/6.0ms world.streaming_v0=11.4ms(60)
STREAMING_STEP_TIMING total=10.76ms {"drain_packets":0.01,"drain_pages":0.005,"enqueue":3.424,"evict":0.288,"player_chunk":0.009,"prune":0.005,"publish":0.004,"queue_pages":7.009,"spawn":0.001,"wrap":0.006}
STREAMING_STEP_TIMING total=10.84ms {"drain_packets":0.004,"drain_pages":0.005,"enqueue":3.283,"evict":0.299,"player_chunk":0.016,"prune":0.002,"publish":0.006,"queue_pages":7.211,"spawn":0.002,"wrap":0.009}
STREAMING_STEP_TIMING total=10.73ms {"drain_packets":0.005,"drain_pages":0.004,"enqueue":3.293,"evict":0.319,"player_chunk":0.013,"prune":0.002,"publish":0.002,"queue_pages":7.076,"spawn":0.002,"wrap":0.008}
STREAMING_STEP_TIMING total=10.64ms {"drain_packets":0.008,"drain_pages":0.006,"enqueue":3.333,"evict":0.288,"player_chunk":0.01,"prune":0.005,"publish":0.003,"queue_pages":6.975,"spawn":0.001,"wrap":0.006}
STREAMING_STEP_TIMING total=10.67ms {"drain_packets":0.004,"drain_pages":0.003,"enqueue":3.302,"evict":0.307,"player_chunk":0.013,"prune":0.002,"publish":0.005,"queue_pages":7.023,"spawn":0.002,"wrap":0.008}
STREAMING_STEP_TIMING total=10.58ms {"drain_packets":0.005,"drain_pages":0.005,"enqueue":3.271,"evict":0.322,"player_chunk":0.015,"prune":0.002,"publish":0.002,"queue_pages":6.944,"spawn":0.001,"wrap":0.006}
STREAMING_STEP_TIMING total=10.70ms {"drain_packets":0.007,"drain_pages":0.005,"enqueue":3.264,"evict":0.323,"player_chunk":0.01,"prune":0.004,"publish":0.003,"queue_pages":7.072,"spawn":0.001,"wrap":0.006}
STREAMING_STEP_TIMING total=10.80ms {"drain_packets":0.003,"drain_pages":0.004,"enqueue":3.23,"evict":0.306,"player_chunk":0.016,"prune":0.002,"publish":0.006,"queue_pages":7.217,"spawn":0.002,"wrap":0.008}
STREAMING_STEP_TIMING total=10.62ms {"drain_packets":0.007,"drain_pages":0.005,"enqueue":3.285,"evict":0.288,"player_chunk":0.013,"prune":0.002,"publish":0.004,"queue_pages":7.0,"spawn":0.002,"wrap":0.008}
STREAMING_STEP_TIMING total=10.64ms {"drain_packets":0.008,"drain_pages":0.005,"enqueue":3.283,"evict":0.286,"player_chunk":0.016,"prune":0.003,"publish":0.004,"queue_pages":7.026,"spawn":0.002,"wrap":0.009}
STREAMING_STEP_TIMING total=10.73ms {"drain_packets":0.007,"drain_pages":0.005,"enqueue":3.355,"evict":0.3,"player_chunk":0.012,"prune":0.004,"publish":0.006,"queue_pages":7.025,"spawn":0.002,"wrap":0.008}
STREAMING_STEP_TIMING total=10.68ms {"drain_packets":0.005,"drain_pages":0.005,"enqueue":3.318,"evict":0.287,"player_chunk":0.016,"prune":0.002,"publish":0.003,"queue_pages":7.031,"spawn":0.002,"wrap":0.01}
STREAMING_STEP_TIMING total=10.78ms {"drain_packets":0.008,"drain_pages":0.005,"enqueue":3.287,"evict":0.29,"player_chunk":0.011,"prune":0.002,"publish":0.004,"queue_pages":7.154,"spawn":0.002,"wrap":0.011}
STREAMING_STEP_TIMING total=10.50ms {"drain_packets":0.005,"drain_pages":0.003,"enqueue":3.238,"evict":0.291,"player_chunk":0.015,"prune":0.003,"publish":0.004,"queue_pages":6.93,"spawn":0.002,"wrap":0.005}
STREAMING_STEP_TIMING total=10.52ms {"drain_packets":0.005,"drain_pages":0.005,"enqueue":3.246,"evict":0.281,"player_chunk":0.013,"prune":0.002,"publish":0.003,"queue_pages":6.951,"spawn":0.002,"wrap":0.008}
STREAMING_STEP_TIMING total=10.72ms {"drain_packets":0.008,"drain_pages":0.005,"enqueue":3.343,"evict":0.289,"player_chunk":0.012,"prune":0.003,"publish":0.003,"queue_pages":7.049,"spawn":0.001,"wrap":0.006}
STREAMING_STEP_TIMING total=10.62ms {"drain_packets":0.007,"drain_pages":0.005,"enqueue":3.296,"evict":0.3,"player_chunk":0.013,"prune":0.003,"publish":0.005,"queue_pages":6.98,"spawn":0.002,"wrap":0.007}
STREAMING_STEP_TIMING total=10.61ms {"drain_packets":0.005,"drain_pages":0.004,"enqueue":3.259,"evict":0.282,"player_chunk":0.017,"prune":0.002,"publish":0.004,"queue_pages":7.026,"spawn":0.002,"wrap":0.009}
STREAMING_STEP_TIMING total=10.78ms {"drain_packets":0.009,"drain_pages":0.006,"enqueue":3.326,"evict":0.295,"player_chunk":0.011,"prune":0.003,"publish":0.003,"queue_pages":7.118,"spawn":0.002,"wrap":0.005}
STREAMING_STEP_TIMING total=11.18ms {"drain_packets":0.004,"drain_pages":0.005,"enqueue":3.376,"evict":0.309,"player_chunk":0.017,"prune":0.002,"publish":0.006,"queue_pages":7.45,"spawn":0.001,"wrap":0.01}
STREAMING_STEP_TIMING total=10.50ms {"drain_packets":0.005,"drain_pages":0.004,"enqueue":3.254,"evict":0.28,"player_chunk":0.013,"prune":0.002,"publish":0.002,"queue_pages":6.928,"spawn":0.002,"wrap":0.007}
STREAMING_STEP_TIMING total=10.64ms {"drain_packets":0.008,"drain_pages":0.004,"enqueue":3.3,"evict":0.292,"player_chunk":0.011,"prune":0.004,"publish":0.003,"queue_pages":7.009,"spawn":0.001,"wrap":0.006}
STREAMING_STEP_TIMING total=10.66ms {"drain_packets":0.004,"drain_pages":0.004,"enqueue":3.251,"evict":0.302,"player_chunk":0.012,"prune":0.002,"publish":0.004,"queue_pages":7.074,"spawn":0.001,"wrap":0.008}
STREAMING_STEP_TIMING total=10.73ms {"drain_packets":0.006,"drain_pages":0.005,"enqueue":3.357,"evict":0.285,"player_chunk":0.016,"prune":0.002,"publish":0.002,"queue_pages":7.044,"spawn":0.002,"wrap":0.009}
STREAMING_STEP_TIMING total=10.74ms {"drain_packets":0.009,"drain_pages":0.005,"enqueue":3.38,"evict":0.299,"player_chunk":0.011,"prune":0.004,"publish":0.003,"queue_pages":7.025,"spawn":0.001,"wrap":0.006}
STREAMING_STEP_TIMING total=10.73ms {"drain_packets":0.005,"drain_pages":0.004,"enqueue":3.281,"evict":0.357,"player_chunk":0.015,"prune":0.002,"publish":0.005,"queue_pages":7.052,"spawn":0.002,"wrap":0.009}
STREAMING_STEP_TIMING total=10.61ms {"drain_packets":0.006,"drain_pages":0.004,"enqueue":3.276,"evict":0.279,"player_chunk":0.014,"prune":0.002,"publish":0.003,"queue_pages":7.016,"spawn":0.002,"wrap":0.007}
STREAMING_STEP_TIMING total=10.97ms {"drain_packets":0.009,"drain_pages":0.004,"enqueue":3.678,"evict":0.28,"player_chunk":0.01,"prune":0.005,"publish":0.004,"queue_pages":6.973,"spawn":0.002,"wrap":0.005}
STREAMING_STEP_TIMING total=10.80ms {"drain_packets":0.004,"drain_pages":0.003,"enqueue":3.258,"evict":0.309,"player_chunk":0.013,"prune":0.001,"publish":0.006,"queue_pages":7.195,"spawn":0.002,"wrap":0.008}
STREAMING_STEP_TIMING total=10.67ms {"drain_packets":0.006,"drain_pages":0.005,"enqueue":3.279,"evict":0.288,"player_chunk":0.017,"prune":0.002,"publish":0.004,"queue_pages":7.061,"spawn":0.002,"wrap":0.006}
STREAMING_STEP_TIMING total=11.08ms {"drain_packets":0.01,"drain_pages":0.005,"enqueue":3.476,"evict":0.298,"player_chunk":0.014,"prune":0.005,"publish":0.004,"queue_pages":7.253,"spawn":0.001,"wrap":0.008}
STREAMING_STEP_TIMING total=10.98ms {"drain_packets":0.005,"drain_pages":0.004,"enqueue":3.344,"evict":0.301,"player_chunk":0.017,"prune":0.002,"publish":0.005,"queue_pages":7.288,"spawn":0.002,"wrap":0.01}
STREAMING_STEP_TIMING total=10.74ms {"drain_packets":0.005,"drain_pages":0.005,"enqueue":3.301,"evict":0.358,"player_chunk":0.014,"prune":0.002,"publish":0.003,"queue_pages":7.037,"spawn":0.002,"wrap":0.008}
STREAMING_STEP_TIMING total=10.90ms {"drain_packets":0.009,"drain_pages":0.005,"enqueue":3.499,"evict":0.29,"player_chunk":0.038,"prune":0.005,"publish":0.003,"queue_pages":7.011,"spawn":0.006,"wrap":0.03}
STREAMING_STEP_TIMING total=10.96ms {"drain_packets":0.004,"drain_pages":0.004,"enqueue":3.254,"evict":0.302,"player_chunk":0.013,"prune":0.003,"publish":0.006,"queue_pages":7.367,"spawn":0.001,"wrap":0.008}
STREAMING_STEP_TIMING total=10.84ms {"drain_packets":0.006,"drain_pages":0.004,"enqueue":3.249,"evict":0.37,"player_chunk":0.016,"prune":0.001,"publish":0.006,"queue_pages":7.172,"spawn":0.002,"wrap":0.01}
STREAMING_STEP_TIMING total=10.71ms {"drain_packets":0.007,"drain_pages":0.004,"enqueue":3.288,"evict":0.292,"player_chunk":0.014,"prune":0.002,"publish":0.004,"queue_pages":7.083,"spawn":0.002,"wrap":0.008}
STREAMING_STEP_TIMING total=12.26ms {"drain_packets":0.007,"drain_pages":0.005,"enqueue":3.431,"evict":0.366,"player_chunk":0.015,"prune":0.003,"publish":0.006,"queue_pages":8.419,"spawn":0.001,"wrap":0.006}
STREAMING_STEP_TIMING total=12.82ms {"drain_packets":0.007,"drain_pages":0.006,"enqueue":4.105,"evict":0.37,"player_chunk":0.014,"prune":0.002,"publish":0.007,"queue_pages":8.294,"spawn":0.002,"wrap":0.009}
STREAMING_STEP_TIMING total=12.21ms {"drain_packets":0.006,"drain_pages":0.005,"enqueue":4.043,"evict":0.318,"player_chunk":0.02,"prune":0.002,"publish":0.007,"queue_pages":7.799,"spawn":0.002,"wrap":0.011}
STREAMING_STEP_TIMING total=10.66ms {"drain_packets":0.01,"drain_pages":0.005,"enqueue":3.391,"evict":0.285,"player_chunk":0.014,"prune":0.004,"publish":0.003,"queue_pages":6.941,"spawn":0.002,"wrap":0.008}
STREAMING_STEP_TIMING total=10.54ms {"drain_packets":0.006,"drain_pages":0.005,"enqueue":3.254,"evict":0.286,"player_chunk":0.017,"prune":0.003,"publish":0.004,"queue_pages":6.952,"spawn":0.001,"wrap":0.009}
STREAMING_STEP_TIMING total=10.65ms {"drain_packets":0.007,"drain_pages":0.005,"enqueue":3.225,"evict":0.316,"player_chunk":0.013,"prune":0.002,"publish":0.007,"queue_pages":7.059,"spawn":0.002,"wrap":0.008}
STREAMING_STEP_TIMING total=10.73ms {"drain_packets":0.007,"drain_pages":0.005,"enqueue":3.355,"evict":0.292,"player_chunk":0.019,"prune":0.003,"publish":0.005,"queue_pages":7.031,"spawn":0.002,"wrap":0.011}
STREAMING_STEP_TIMING total=10.88ms {"drain_packets":0.007,"drain_pages":0.005,"enqueue":3.508,"evict":0.303,"player_chunk":0.013,"prune":0.003,"publish":0.005,"queue_pages":7.019,"spawn":0.002,"wrap":0.008}
STREAMING_STEP_TIMING total=10.65ms {"drain_packets":0.008,"drain_pages":0.005,"enqueue":3.321,"evict":0.304,"player_chunk":0.016,"prune":0.002,"publish":0.005,"queue_pages":6.985,"spawn":0.001,"wrap":0.006}
STREAMING_STEP_TIMING total=10.58ms {"drain_packets":0.007,"drain_pages":0.005,"enqueue":3.264,"evict":0.293,"player_chunk":0.013,"prune":0.002,"publish":0.005,"queue_pages":6.983,"spawn":0.003,"wrap":0.008}
STREAMING_STEP_TIMING total=10.94ms {"drain_packets":0.006,"drain_pages":0.004,"enqueue":3.26,"evict":0.3,"player_chunk":0.016,"prune":0.002,"publish":0.005,"queue_pages":7.331,"spawn":0.001,"wrap":0.009}
STREAMING_STEP_TIMING total=11.30ms {"drain_packets":0.006,"drain_pages":0.005,"enqueue":3.256,"evict":0.439,"player_chunk":0.014,"prune":0.003,"publish":0.006,"queue_pages":7.556,"spawn":0.002,"wrap":0.007}
STREAMING_STEP_TIMING total=10.92ms {"drain_packets":0.011,"drain_pages":0.005,"enqueue":3.401,"evict":0.302,"player_chunk":0.027,"prune":0.003,"publish":0.005,"queue_pages":7.141,"spawn":0.004,"wrap":0.02}
STREAMING_STEP_TIMING total=10.85ms {"drain_packets":0.006,"drain_pages":0.006,"enqueue":3.353,"evict":0.295,"player_chunk":0.013,"prune":0.004,"publish":0.005,"queue_pages":7.151,"spawn":0.002,"wrap":0.009}
STREAMING_STEP_TIMING total=10.86ms {"drain_packets":0.005,"drain_pages":0.004,"enqueue":3.258,"evict":0.431,"player_chunk":0.017,"prune":0.002,"publish":0.005,"queue_pages":7.119,"spawn":0.002,"wrap":0.009}
STREAMING_STEP_TIMING total=10.74ms {"drain_packets":0.007,"drain_pages":0.005,"enqueue":3.433,"evict":0.285,"player_chunk":0.014,"prune":0.003,"publish":0.003,"queue_pages":6.983,"spawn":0.002,"wrap":0.008}
STREAMING_STEP_TIMING total=10.88ms {"drain_packets":0.006,"drain_pages":0.005,"enqueue":3.338,"evict":0.297,"player_chunk":0.013,"prune":0.003,"publish":0.005,"queue_pages":7.208,"spawn":0.001,"wrap":0.006}
STREAMING_STEP_TIMING total=10.74ms {"drain_packets":0.005,"drain_pages":0.004,"enqueue":3.256,"evict":0.304,"player_chunk":0.014,"prune":0.001,"publish":0.005,"queue_pages":7.142,"spawn":0.002,"wrap":0.007}
STREAMING_STEP_TIMING total=10.52ms {"drain_packets":0.007,"drain_pages":0.005,"enqueue":3.28,"evict":0.286,"player_chunk":0.017,"prune":0.003,"publish":0.003,"queue_pages":6.905,"spawn":0.001,"wrap":0.01}
STREAMING_STEP_TIMING total=10.63ms {"drain_packets":0.006,"drain_pages":0.004,"enqueue":3.277,"evict":0.289,"player_chunk":0.012,"prune":0.002,"publish":0.004,"queue_pages":7.026,"spawn":0.001,"wrap":0.008}
STREAMING_STEP_TIMING total=10.61ms {"drain_packets":0.004,"drain_pages":0.004,"enqueue":3.26,"evict":0.301,"player_chunk":0.015,"prune":0.002,"publish":0.005,"queue_pages":7.001,"spawn":0.002,"wrap":0.009}
STREAMING_STEP_TIMING total=10.60ms {"drain_packets":0.006,"drain_pages":0.004,"enqueue":3.265,"evict":0.284,"player_chunk":0.013,"prune":0.001,"publish":0.002,"queue_pages":7.018,"spawn":0.002,"wrap":0.008}
STREAMING_STEP_TIMING total=11.84ms {"drain_packets":0.006,"drain_pages":0.004,"enqueue":3.292,"evict":0.371,"player_chunk":0.01,"prune":0.002,"publish":0.006,"queue_pages":8.143,"spawn":0.001,"wrap":0.006}
STREAMING_STEP_TIMING total=14.36ms {"drain_packets":0.031,"drain_pages":0.007,"enqueue":4.127,"evict":0.471,"player_chunk":0.015,"prune":0.002,"publish":0.007,"queue_pages":9.688,"spawn":0.002,"wrap":0.01}
STREAMING_STEP_TIMING total=14.40ms {"drain_packets":0.01,"drain_pages":0.007,"enqueue":5.22,"evict":0.312,"player_chunk":0.022,"prune":0.004,"publish":0.007,"queue_pages":8.801,"spawn":0.002,"wrap":0.009}
STREAMING_STEP_TIMING total=10.91ms {"drain_packets":0.006,"drain_pages":0.004,"enqueue":3.393,"evict":0.296,"player_chunk":0.014,"prune":0.002,"publish":0.005,"queue_pages":7.181,"spawn":0.002,"wrap":0.008}
STREAMING_STEP_TIMING total=10.92ms {"drain_packets":0.008,"drain_pages":0.005,"enqueue":3.497,"evict":0.286,"player_chunk":0.016,"prune":0.003,"publish":0.004,"queue_pages":7.091,"spawn":0.002,"wrap":0.009}
STREAMING_STEP_TIMING total=11.23ms {"drain_packets":0.006,"drain_pages":0.003,"enqueue":3.308,"evict":0.363,"player_chunk":0.012,"prune":0.003,"publish":0.006,"queue_pages":7.517,"spawn":0.002,"wrap":0.007}
STREAMING_STEP_TIMING total=12.82ms {"drain_packets":0.006,"drain_pages":0.005,"enqueue":4.082,"evict":0.369,"player_chunk":0.019,"prune":0.002,"publish":0.006,"queue_pages":8.319,"spawn":0.002,"wrap":0.01}
STREAMING_STEP_TIMING total=14.10ms {"drain_packets":0.006,"drain_pages":0.006,"enqueue":4.116,"evict":0.456,"player_chunk":0.015,"prune":0.003,"publish":0.006,"queue_pages":9.477,"spawn":0.003,"wrap":0.008}
STREAMING_STEP_TIMING total=13.12ms {"drain_packets":0.008,"drain_pages":0.006,"enqueue":4.455,"evict":0.362,"player_chunk":0.027,"prune":0.003,"publish":0.007,"queue_pages":8.236,"spawn":0.002,"wrap":0.014}
STREAMING_STEP_TIMING total=12.07ms {"drain_packets":0.012,"drain_pages":0.007,"enqueue":4.208,"evict":0.289,"player_chunk":0.014,"prune":0.007,"publish":0.003,"queue_pages":7.514,"spawn":0.001,"wrap":0.008}
STREAMING_STEP_TIMING total=10.85ms {"drain_packets":0.005,"drain_pages":0.003,"enqueue":3.296,"evict":0.304,"player_chunk":0.016,"prune":0.002,"publish":0.005,"queue_pages":7.211,"spawn":0.002,"wrap":0.005}
STREAMING_STEP_TIMING total=10.69ms {"drain_packets":0.006,"drain_pages":0.004,"enqueue":3.292,"evict":0.292,"player_chunk":0.014,"prune":0.002,"publish":0.004,"queue_pages":7.069,"spawn":0.002,"wrap":0.007}
STREAMING_STEP_TIMING total=10.86ms {"drain_packets":0.007,"drain_pages":0.005,"enqueue":3.376,"evict":0.307,"player_chunk":0.013,"prune":0.004,"publish":0.007,"queue_pages":7.13,"spawn":0.002,"wrap":0.007}
STREAMING_STEP_TIMING total=11.03ms {"drain_packets":0.006,"drain_pages":0.005,"enqueue":3.267,"evict":0.308,"player_chunk":0.014,"prune":0.002,"publish":0.005,"queue_pages":7.414,"spawn":0.002,"wrap":0.008}
STREAMING_STEP_TIMING total=10.91ms {"drain_packets":0.006,"drain_pages":0.005,"enqueue":3.231,"evict":0.309,"player_chunk":0.017,"prune":0.003,"publish":0.007,"queue_pages":7.323,"spawn":0.002,"wrap":0.009}
STREAMING_STEP_TIMING total=10.54ms {"drain_packets":0.007,"drain_pages":0.005,"enqueue":3.267,"evict":0.292,"player_chunk":0.014,"prune":0.002,"publish":0.004,"queue_pages":6.936,"spawn":0.002,"wrap":0.008}
STREAMING_STEP_TIMING total=11.02ms {"drain_packets":0.005,"drain_pages":0.004,"enqueue":3.234,"evict":0.304,"player_chunk":0.016,"prune":0.002,"publish":0.006,"queue_pages":7.44,"spawn":0.001,"wrap":0.009}
STREAMING_STEP_TIMING total=10.60ms {"drain_packets":0.006,"drain_pages":0.004,"enqueue":3.246,"evict":0.302,"player_chunk":0.013,"prune":0.002,"publish":0.006,"queue_pages":7.009,"spawn":0.002,"wrap":0.008}
STREAMING_STEP_TIMING total=10.66ms {"drain_packets":0.006,"drain_pages":0.006,"enqueue":3.314,"evict":0.292,"player_chunk":0.022,"prune":0.003,"publish":0.005,"queue_pages":6.996,"spawn":0.003,"wrap":0.009}
STREAMING_STEP_TIMING total=10.70ms {"drain_packets":0.006,"drain_pages":0.006,"enqueue":3.231,"evict":0.3,"player_chunk":0.013,"prune":0.002,"publish":0.005,"queue_pages":7.123,"spawn":0.002,"wrap":0.008}
STREAMING_STEP_TIMING total=10.55ms {"drain_packets":0.005,"drain_pages":0.004,"enqueue":3.254,"evict":0.289,"player_chunk":0.015,"prune":0.002,"publish":0.003,"queue_pages":6.967,"spawn":0.001,"wrap":0.01}
STREAMING_STEP_TIMING total=12.15ms {"drain_packets":0.009,"drain_pages":0.006,"enqueue":3.643,"evict":0.346,"player_chunk":0.013,"prune":0.003,"publish":0.003,"queue_pages":8.119,"spawn":0.002,"wrap":0.008}
STREAMING_STEP_TIMING total=12.61ms {"drain_packets":0.008,"drain_pages":0.006,"enqueue":4.08,"evict":0.347,"player_chunk":0.016,"prune":0.004,"publish":0.004,"queue_pages":8.137,"spawn":0.001,"wrap":0.009}
STREAMING_STEP_TIMING total=12.64ms {"drain_packets":0.005,"drain_pages":0.004,"enqueue":4.024,"evict":0.363,"player_chunk":0.015,"prune":0.002,"publish":0.006,"queue_pages":8.211,"spawn":0.002,"wrap":0.008}
STREAMING_STEP_TIMING total=12.68ms {"drain_packets":0.006,"drain_pages":0.006,"enqueue":4.034,"evict":0.369,"player_chunk":0.019,"prune":0.003,"publish":0.006,"queue_pages":8.219,"spawn":0.002,"wrap":0.01}
STREAMING_STEP_TIMING total=10.91ms {"drain_packets":0.006,"drain_pages":0.005,"enqueue":3.476,"evict":0.297,"player_chunk":0.015,"prune":0.002,"publish":0.004,"queue_pages":7.097,"spawn":0.001,"wrap":0.009}
STREAMING_STEP_TIMING total=10.99ms {"drain_packets":0.009,"drain_pages":0.006,"enqueue":3.72,"evict":0.283,"player_chunk":0.016,"prune":0.005,"publish":0.003,"queue_pages":6.944,"spawn":0.002,"wrap":0.006}
STREAMING_STEP_TIMING total=12.92ms {"drain_packets":0.004,"drain_pages":0.003,"enqueue":3.273,"evict":0.459,"player_chunk":0.013,"prune":0.002,"publish":0.007,"queue_pages":9.149,"spawn":0.002,"wrap":0.008}
STREAMING_STEP_TIMING total=16.46ms {"drain_packets":0.01,"drain_pages":0.006,"enqueue":5.153,"evict":0.467,"player_chunk":0.025,"prune":0.004,"publish":0.007,"queue_pages":10.77,"spawn":0.002,"wrap":0.015}
STREAMING_STEP_TIMING total=12.49ms {"drain_packets":0.007,"drain_pages":0.006,"enqueue":5.156,"evict":0.305,"player_chunk":0.019,"prune":0.004,"publish":0.005,"queue_pages":6.969,"spawn":0.002,"wrap":0.011}
STREAMING_STEP_TIMING total=10.59ms {"drain_packets":0.006,"drain_pages":0.006,"enqueue":3.28,"evict":0.318,"player_chunk":0.017,"prune":0.002,"publish":0.003,"queue_pages":6.94,"spawn":0.002,"wrap":0.011}
STREAMING_STEP_TIMING total=10.64ms {"drain_packets":0.009,"drain_pages":0.005,"enqueue":3.323,"evict":0.29,"player_chunk":0.013,"prune":0.005,"publish":0.004,"queue_pages":6.976,"spawn":0.001,"wrap":0.008}
STREAMING_STEP_TIMING total=11.08ms {"drain_packets":0.005,"drain_pages":0.004,"enqueue":3.283,"evict":0.306,"player_chunk":0.017,"prune":0.002,"publish":0.006,"queue_pages":7.448,"spawn":0.001,"wrap":0.009}
STREAMING_STEP_TIMING total=10.70ms {"drain_packets":0.006,"drain_pages":0.005,"enqueue":3.271,"evict":0.292,"player_chunk":0.014,"prune":0.001,"publish":0.004,"queue_pages":7.096,"spawn":0.002,"wrap":0.007}
STREAMING_STEP_TIMING total=10.62ms {"drain_packets":0.008,"drain_pages":0.005,"enqueue":3.295,"evict":0.298,"player_chunk":0.015,"prune":0.005,"publish":0.004,"queue_pages":6.98,"spawn":0.001,"wrap":0.006}
STREAMING_STEP_TIMING total=18.69ms {"drain_packets":0.005,"drain_pages":0.005,"enqueue":3.285,"evict":0.474,"player_chunk":0.013,"prune":0.03,"publish":7.896,"queue_pages":6.97,"spawn":0.001,"wrap":0.008}
STREAMING_STEP_TIMING total=34.81ms {"drain_packets":0.006,"drain_pages":0.005,"enqueue":4.117,"evict":0.588,"player_chunk":0.015,"prune":0.033,"publish":21.855,"queue_pages":8.182,"spawn":0.002,"wrap":0.008}
STREAMING_STEP_TIMING total=21.82ms {"drain_packets":0.086,"drain_pages":0.008,"enqueue":5.215,"evict":0.48,"player_chunk":0.019,"prune":0.045,"publish":7.344,"queue_pages":8.6,"spawn":0.004,"wrap":0.012}
STREAMING_STEP_TIMING total=33.29ms {"drain_packets":0.064,"drain_pages":0.006,"enqueue":4.139,"evict":0.447,"player_chunk":0.016,"prune":0.028,"publish":20.228,"queue_pages":8.347,"spawn":0.002,"wrap":0.008}
STREAMING_STEP_TIMING total=19.89ms {"drain_packets":0.063,"drain_pages":0.006,"enqueue":4.117,"evict":0.391,"player_chunk":0.016,"prune":0.028,"publish":6.944,"queue_pages":8.311,"spawn":0.003,"wrap":0.013}
STREAMING_STEP_TIMING total=27.72ms {"drain_packets":0.051,"drain_pages":0.005,"enqueue":3.318,"evict":0.376,"player_chunk":0.013,"prune":0.019,"publish":16.884,"queue_pages":7.04,"spawn":0.001,"wrap":0.006}
STREAMING_STEP_TIMING total=17.34ms {"drain_packets":0.074,"drain_pages":0.006,"enqueue":3.318,"evict":0.418,"player_chunk":0.019,"prune":0.028,"publish":6.394,"queue_pages":7.073,"spawn":0.004,"wrap":0.009}
STREAMING_STEP_TIMING total=28.36ms {"drain_packets":0.06,"drain_pages":0.005,"enqueue":3.331,"evict":0.291,"player_chunk":0.014,"prune":0.019,"publish":17.327,"queue_pages":7.3,"spawn":0.002,"wrap":0.007}
STREAMING_STEP_TIMING total=17.17ms {"drain_packets":0.057,"drain_pages":0.006,"enqueue":3.306,"evict":0.281,"player_chunk":0.014,"prune":0.015,"publish":6.516,"queue_pages":6.959,"spawn":0.003,"wrap":0.008}
STREAMING_STEP_TIMING total=27.53ms {"drain_packets":0.007,"drain_pages":0.004,"enqueue":3.275,"evict":0.302,"player_chunk":0.022,"prune":0.011,"publish":16.953,"queue_pages":6.943,"spawn":0.002,"wrap":0.006}
STREAMING_STEP_TIMING total=17.12ms {"drain_packets":0.008,"drain_pages":0.005,"enqueue":3.353,"evict":0.291,"player_chunk":0.015,"prune":0.012,"publish":6.415,"queue_pages":7.006,"spawn":0.003,"wrap":0.01}
STREAMING_STEP_TIMING total=28.25ms {"drain_packets":0.007,"drain_pages":0.006,"enqueue":3.286,"evict":0.298,"player_chunk":0.018,"prune":0.008,"publish":17.609,"queue_pages":7.009,"spawn":0.002,"wrap":0.009}
STREAMING_STEP_TIMING total=17.27ms {"drain_packets":0.008,"drain_pages":0.005,"enqueue":3.454,"evict":0.292,"player_chunk":0.013,"prune":0.009,"publish":6.35,"queue_pages":7.129,"spawn":0.002,"wrap":0.008}
STREAMING_STEP_TIMING total=28.18ms {"drain_packets":0.008,"drain_pages":0.006,"enqueue":3.517,"evict":0.302,"player_chunk":0.016,"prune":0.003,"publish":17.051,"queue_pages":7.27,"spawn":0.002,"wrap":0.007}
STREAMING_STEP_TIMING total=10.88ms {"drain_packets":0.007,"drain_pages":0.005,"enqueue":3.264,"evict":0.297,"player_chunk":0.013,"prune":0.002,"publish":0.005,"queue_pages":7.272,"spawn":0.002,"wrap":0.008}
STREAMING_STEP_TIMING total=10.89ms {"drain_packets":0.007,"drain_pages":0.005,"enqueue":3.505,"evict":0.285,"player_chunk":0.017,"prune":0.002,"publish":0.004,"queue_pages":7.054,"spawn":0.002,"wrap":0.009}
STREAMING_STEP_TIMING total=10.83ms {"drain_packets":0.007,"drain_pages":0.005,"enqueue":3.43,"evict":0.297,"player_chunk":0.016,"prune":0.003,"publish":0.005,"queue_pages":7.051,"spawn":0.004,"wrap":0.011}
STREAMING_STEP_TIMING total=10.67ms {"drain_packets":0.005,"drain_pages":0.005,"enqueue":3.275,"evict":0.292,"player_chunk":0.016,"prune":0.002,"publish":0.004,"queue_pages":7.06,"spawn":0.001,"wrap":0.007}
STREAMING_STEP_TIMING total=10.63ms {"drain_packets":0.007,"drain_pages":0.005,"enqueue":3.295,"evict":0.281,"player_chunk":0.014,"prune":0.004,"publish":0.003,"queue_pages":7.011,"spawn":0.001,"wrap":0.008}
STREAMING_STEP_TIMING total=10.66ms {"drain_packets":0.008,"drain_pages":0.006,"enqueue":3.313,"evict":0.294,"player_chunk":0.015,"prune":0.003,"publish":0.004,"queue_pages":7.002,"spawn":0.002,"wrap":0.01}
STREAMING_STEP_TIMING total=10.73ms {"drain_packets":0.006,"drain_pages":0.004,"enqueue":3.285,"evict":0.299,"player_chunk":0.014,"prune":0.002,"publish":0.004,"queue_pages":7.107,"spawn":0.002,"wrap":0.008}
STREAMING_STEP_TIMING total=10.56ms {"drain_packets":0.007,"drain_pages":0.005,"enqueue":3.278,"evict":0.274,"player_chunk":0.016,"prune":0.003,"publish":0.003,"queue_pages":6.959,"spawn":0.002,"wrap":0.009}
STREAMING_STEP_TIMING total=10.75ms {"drain_packets":0.01,"drain_pages":0.008,"enqueue":3.345,"evict":0.277,"player_chunk":0.012,"prune":0.005,"publish":0.003,"queue_pages":7.075,"spawn":0.002,"wrap":0.008}
STREAMING_STEP_TIMING total=11.05ms {"drain_packets":0.004,"drain_pages":0.005,"enqueue":3.281,"evict":0.297,"player_chunk":0.017,"prune":0.002,"publish":0.007,"queue_pages":7.425,"spawn":0.001,"wrap":0.01}
STREAMING_STEP_TIMING total=10.60ms {"drain_packets":0.005,"drain_pages":0.005,"enqueue":3.24,"evict":0.274,"player_chunk":0.014,"prune":0.002,"publish":0.003,"queue_pages":7.043,"spawn":0.002,"wrap":0.008}
STREAMING_STEP_TIMING total=10.61ms {"drain_packets":0.006,"drain_pages":0.005,"enqueue":3.303,"evict":0.275,"player_chunk":0.014,"prune":0.003,"publish":0.004,"queue_pages":6.99,"spawn":0.001,"wrap":0.006}
[FrameBudget] streaming=13.6ms topology=0.0ms visual=0.0ms spawn=0.0ms total=13.6ms/6.0ms world.streaming_v0=13.6ms(60)
STREAMING_STEP_TIMING total=10.57ms {"drain_packets":0.004,"drain_pages":0.004,"enqueue":3.258,"evict":0.299,"player_chunk":0.013,"prune":0.001,"publish":0.005,"queue_pages":6.98,"spawn":0.002,"wrap":0.006}
STREAMING_STEP_TIMING total=10.59ms {"drain_packets":0.005,"drain_pages":0.004,"enqueue":3.274,"evict":0.275,"player_chunk":0.017,"prune":0.002,"publish":0.002,"queue_pages":6.998,"spawn":0.001,"wrap":0.009}
STREAMING_STEP_TIMING total=10.63ms {"drain_packets":0.009,"drain_pages":0.006,"enqueue":3.29,"evict":0.278,"player_chunk":0.01,"prune":0.004,"publish":0.003,"queue_pages":7.024,"spawn":0.001,"wrap":0.006}
STREAMING_STEP_TIMING total=10.57ms {"drain_packets":0.004,"drain_pages":0.003,"enqueue":3.262,"evict":0.305,"player_chunk":0.016,"prune":0.002,"publish":0.005,"queue_pages":6.961,"spawn":0.001,"wrap":0.009}
STREAMING_STEP_TIMING total=10.65ms {"drain_packets":0.005,"drain_pages":0.005,"enqueue":3.282,"evict":0.298,"player_chunk":0.013,"prune":0.002,"publish":0.002,"queue_pages":7.031,"spawn":0.002,"wrap":0.007}
STREAMING_STEP_TIMING total=10.86ms {"drain_packets":0.01,"drain_pages":0.005,"enqueue":3.56,"evict":0.279,"player_chunk":0.01,"prune":0.005,"publish":0.003,"queue_pages":6.977,"spawn":0.001,"wrap":0.006}
STREAMING_STEP_TIMING total=10.85ms {"drain_packets":0.004,"drain_pages":0.003,"enqueue":3.263,"evict":0.301,"player_chunk":0.013,"prune":0.002,"publish":0.006,"queue_pages":7.245,"spawn":0.002,"wrap":0.008}
STREAMING_STEP_TIMING total=11.02ms {"drain_packets":0.006,"drain_pages":0.005,"enqueue":3.355,"evict":0.348,"player_chunk":0.017,"prune":0.001,"publish":0.003,"queue_pages":7.279,"spawn":0.001,"wrap":0.007}
STREAMING_STEP_TIMING total=10.76ms {"drain_packets":0.008,"drain_pages":0.005,"enqueue":3.423,"evict":0.277,"player_chunk":0.014,"prune":0.004,"publish":0.004,"queue_pages":7.008,"spawn":0.002,"wrap":0.009}
STREAMING_STEP_TIMING total=10.72ms {"drain_packets":0.005,"drain_pages":0.003,"enqueue":3.266,"evict":0.289,"player_chunk":0.018,"prune":0.002,"publish":0.005,"queue_pages":7.117,"spawn":0.002,"wrap":0.009}
STREAMING_STEP_TIMING total=10.60ms {"drain_packets":0.004,"drain_pages":0.005,"enqueue":3.256,"evict":0.292,"player_chunk":0.012,"prune":0.002,"publish":0.004,"queue_pages":7.019,"spawn":0.002,"wrap":0.007}
STREAMING_STEP_TIMING total=10.74ms {"drain_packets":0.013,"drain_pages":0.005,"enqueue":3.333,"evict":0.303,"player_chunk":0.014,"prune":0.005,"publish":0.006,"queue_pages":7.047,"spawn":0.002,"wrap":0.008}
STREAMING_STEP_TIMING total=10.96ms {"drain_packets":0.005,"drain_pages":0.005,"enqueue":3.363,"evict":0.292,"player_chunk":0.013,"prune":0.002,"publish":0.005,"queue_pages":7.265,"spawn":0.002,"wrap":0.007}
STREAMING_STEP_TIMING total=12.19ms {"drain_packets":0.009,"drain_pages":0.006,"enqueue":3.33,"evict":0.311,"player_chunk":0.015,"prune":0.003,"publish":0.006,"queue_pages":8.499,"spawn":0.002,"wrap":0.009}
STREAMING_STEP_TIMING total=10.82ms {"drain_packets":0.006,"drain_pages":0.004,"enqueue":3.355,"evict":0.3,"player_chunk":0.013,"prune":0.002,"publish":0.006,"queue_pages":7.125,"spawn":0.001,"wrap":0.008}
STREAMING_STEP_TIMING total=10.85ms {"drain_packets":0.007,"drain_pages":0.006,"enqueue":3.306,"evict":0.285,"player_chunk":0.016,"prune":0.002,"publish":0.005,"queue_pages":7.215,"spawn":0.002,"wrap":0.007}
STREAMING_STEP_TIMING total=10.54ms {"drain_packets":0.006,"drain_pages":0.004,"enqueue":3.245,"evict":0.293,"player_chunk":0.014,"prune":0.002,"publish":0.004,"queue_pages":6.96,"spawn":0.002,"wrap":0.008}
STREAMING_STEP_TIMING total=10.63ms {"drain_packets":0.006,"drain_pages":0.005,"enqueue":3.329,"evict":0.274,"player_chunk":0.018,"prune":0.002,"publish":0.003,"queue_pages":6.978,"spawn":0.002,"wrap":0.01}
STREAMING_STEP_TIMING total=10.75ms {"drain_packets":0.008,"drain_pages":0.005,"enqueue":3.348,"evict":0.293,"player_chunk":0.011,"prune":0.004,"publish":0.005,"queue_pages":7.07,"spawn":0.002,"wrap":0.007}
STREAMING_STEP_TIMING total=10.53ms {"drain_packets":0.005,"drain_pages":0.004,"enqueue":3.245,"evict":0.291,"player_chunk":0.017,"prune":0.002,"publish":0.006,"queue_pages":6.946,"spawn":0.002,"wrap":0.01}
STREAMING_STEP_TIMING total=10.51ms {"drain_packets":0.007,"drain_pages":0.004,"enqueue":3.301,"evict":0.271,"player_chunk":0.014,"prune":0.002,"publish":0.003,"queue_pages":6.896,"spawn":0.002,"wrap":0.009}
STREAMING_STEP_TIMING total=11.23ms {"drain_packets":0.012,"drain_pages":0.006,"enqueue":3.585,"evict":0.291,"player_chunk":0.012,"prune":0.006,"publish":0.005,"queue_pages":7.3,"spawn":0.001,"wrap":0.008}
STREAMING_STEP_TIMING total=10.66ms {"drain_packets":0.006,"drain_pages":0.004,"enqueue":3.259,"evict":0.29,"player_chunk":0.015,"prune":0.002,"publish":0.004,"queue_pages":7.07,"spawn":0.001,"wrap":0.009}
STREAMING_STEP_TIMING total=10.48ms {"drain_packets":0.007,"drain_pages":0.004,"enqueue":3.277,"evict":0.27,"player_chunk":0.016,"prune":0.003,"publish":0.004,"queue_pages":6.892,"spawn":0.002,"wrap":0.006}
STREAMING_STEP_TIMING total=10.64ms {"drain_packets":0.005,"drain_pages":0.004,"enqueue":3.255,"evict":0.283,"player_chunk":0.011,"prune":0.002,"publish":0.004,"queue_pages":7.069,"spawn":0.001,"wrap":0.007}
STREAMING_STEP_TIMING total=10.60ms {"drain_packets":0.005,"drain_pages":0.004,"enqueue":3.264,"evict":0.287,"player_chunk":0.016,"prune":0.001,"publish":0.004,"queue_pages":7.01,"spawn":0.002,"wrap":0.008}
STREAMING_STEP_TIMING total=10.54ms {"drain_packets":0.007,"drain_pages":0.005,"enqueue":3.252,"evict":0.275,"player_chunk":0.017,"prune":0.002,"publish":0.003,"queue_pages":6.968,"spawn":0.001,"wrap":0.009}
STREAMING_STEP_TIMING total=10.57ms {"drain_packets":0.005,"drain_pages":0.004,"enqueue":3.31,"evict":0.28,"player_chunk":0.014,"prune":0.002,"publish":0.004,"queue_pages":6.943,"spawn":0.001,"wrap":0.008}
STREAMING_STEP_TIMING total=10.65ms {"drain_packets":0.004,"drain_pages":0.005,"enqueue":3.304,"evict":0.297,"player_chunk":0.013,"prune":0.002,"publish":0.005,"queue_pages":7.015,"spawn":0.002,"wrap":0.007}
STREAMING_STEP_TIMING total=10.56ms {"drain_packets":0.006,"drain_pages":0.004,"enqueue":3.279,"evict":0.313,"player_chunk":0.017,"prune":0.002,"publish":0.012,"queue_pages":6.917,"spawn":0.001,"wrap":0.01}
STREAMING_STEP_TIMING total=12.34ms {"drain_packets":0.015,"drain_pages":0.008,"enqueue":3.907,"evict":0.371,"player_chunk":0.014,"prune":0.007,"publish":0.007,"queue_pages":8.001,"spawn":0.001,"wrap":0.008}
STREAMING_STEP_TIMING total=11.90ms {"drain_packets":0.009,"drain_pages":0.006,"enqueue":4.214,"evict":0.298,"player_chunk":0.019,"prune":0.005,"publish":0.006,"queue_pages":7.327,"spawn":0.002,"wrap":0.008}
STREAMING_STEP_TIMING total=10.63ms {"drain_packets":0.007,"drain_pages":0.004,"enqueue":3.266,"evict":0.287,"player_chunk":0.014,"prune":0.001,"publish":0.004,"queue_pages":7.033,"spawn":0.002,"wrap":0.009}
STREAMING_STEP_TIMING total=10.88ms {"drain_packets":0.007,"drain_pages":0.006,"enqueue":3.362,"evict":0.287,"player_chunk":0.017,"prune":0.004,"publish":0.005,"queue_pages":7.176,"spawn":0.002,"wrap":0.01}
STREAMING_STEP_TIMING total=10.93ms {"drain_packets":0.006,"drain_pages":0.005,"enqueue":3.313,"evict":0.29,"player_chunk":0.014,"prune":0.002,"publish":0.004,"queue_pages":7.287,"spawn":0.002,"wrap":0.007}
STREAMING_STEP_TIMING total=12.85ms {"drain_packets":0.005,"drain_pages":0.005,"enqueue":3.309,"evict":0.454,"player_chunk":0.017,"prune":0.002,"publish":0.007,"queue_pages":9.031,"spawn":0.002,"wrap":0.01}
STREAMING_STEP_TIMING total=11.35ms {"drain_packets":0.006,"drain_pages":0.005,"enqueue":4.025,"evict":0.307,"player_chunk":0.019,"prune":0.003,"publish":0.003,"queue_pages":6.97,"spawn":0.003,"wrap":0.011}
STREAMING_STEP_TIMING total=10.76ms {"drain_packets":0.007,"drain_pages":0.005,"enqueue":3.289,"evict":0.281,"player_chunk":0.013,"prune":0.002,"publish":0.004,"queue_pages":7.148,"spawn":0.002,"wrap":0.008}
STREAMING_STEP_TIMING total=10.66ms {"drain_packets":0.005,"drain_pages":0.004,"enqueue":3.295,"evict":0.314,"player_chunk":0.014,"prune":0.003,"publish":0.006,"queue_pages":7.013,"spawn":0.002,"wrap":0.007}
STREAMING_STEP_TIMING total=10.73ms {"drain_packets":0.005,"drain_pages":0.004,"enqueue":3.342,"evict":0.277,"player_chunk":0.017,"prune":0.002,"publish":0.003,"queue_pages":7.066,"spawn":0.002,"wrap":0.006}
STREAMING_STEP_TIMING total=10.68ms {"drain_packets":0.007,"drain_pages":0.006,"enqueue":3.302,"evict":0.283,"player_chunk":0.012,"prune":0.004,"publish":0.005,"queue_pages":7.052,"spawn":0.002,"wrap":0.007}
STREAMING_STEP_TIMING total=10.48ms {"drain_packets":0.005,"drain_pages":0.004,"enqueue":3.229,"evict":0.283,"player_chunk":0.017,"prune":0.003,"publish":0.004,"queue_pages":6.925,"spawn":0.001,"wrap":0.009}
STREAMING_STEP_TIMING total=10.72ms {"drain_packets":0.006,"drain_pages":0.004,"enqueue":3.286,"evict":0.284,"player_chunk":0.013,"prune":0.001,"publish":0.003,"queue_pages":7.109,"spawn":0.001,"wrap":0.008}
STREAMING_STEP_TIMING total=11.01ms {"drain_packets":0.006,"drain_pages":0.004,"enqueue":3.341,"evict":0.287,"player_chunk":0.01,"prune":0.002,"publish":0.004,"queue_pages":7.35,"spawn":0.001,"wrap":0.007}
STREAMING_STEP_TIMING total=10.64ms {"drain_packets":0.005,"drain_pages":0.004,"enqueue":3.287,"evict":0.292,"player_chunk":0.014,"prune":0.002,"publish":0.004,"queue_pages":7.021,"spawn":0.001,"wrap":0.008}
STREAMING_STEP_TIMING total=10.94ms {"drain_packets":0.006,"drain_pages":0.005,"enqueue":3.369,"evict":0.287,"player_chunk":0.016,"prune":0.001,"publish":0.002,"queue_pages":7.239,"spawn":0.002,"wrap":0.01}
STREAMING_STEP_TIMING total=10.91ms {"drain_packets":0.007,"drain_pages":0.005,"enqueue":3.32,"evict":0.288,"player_chunk":0.011,"prune":0.002,"publish":0.003,"queue_pages":7.265,"spawn":0.001,"wrap":0.006}
STREAMING_STEP_TIMING total=10.78ms {"drain_packets":0.004,"drain_pages":0.004,"enqueue":3.342,"evict":0.298,"player_chunk":0.014,"prune":0.002,"publish":0.006,"queue_pages":7.103,"spawn":0.002,"wrap":0.005}
STREAMING_STEP_TIMING total=10.59ms {"drain_packets":0.006,"drain_pages":0.005,"enqueue":3.308,"evict":0.272,"player_chunk":0.013,"prune":0.003,"publish":0.003,"queue_pages":6.973,"spawn":0.002,"wrap":0.008}
STREAMING_STEP_TIMING total=10.57ms {"drain_packets":0.007,"drain_pages":0.005,"enqueue":3.3,"evict":0.28,"player_chunk":0.012,"prune":0.003,"publish":0.004,"queue_pages":6.952,"spawn":0.001,"wrap":0.007}
STREAMING_STEP_TIMING total=10.62ms {"drain_packets":0.004,"drain_pages":0.004,"enqueue":3.311,"evict":0.293,"player_chunk":0.013,"prune":0.002,"publish":0.005,"queue_pages":6.977,"spawn":0.001,"wrap":0.008}
STREAMING_STEP_TIMING total=10.56ms {"drain_packets":0.005,"drain_pages":0.004,"enqueue":3.259,"evict":0.269,"player_chunk":0.016,"prune":0.003,"publish":0.003,"queue_pages":6.985,"spawn":0.001,"wrap":0.01}
STREAMING_STEP_TIMING total=10.56ms {"drain_packets":0.007,"drain_pages":0.005,"enqueue":3.261,"evict":0.285,"player_chunk":0.01,"prune":0.002,"publish":0.004,"queue_pages":6.972,"spawn":0.002,"wrap":0.005}
STREAMING_STEP_TIMING total=10.60ms {"drain_packets":0.004,"drain_pages":0.005,"enqueue":3.265,"evict":0.288,"player_chunk":0.015,"prune":0.002,"publish":0.003,"queue_pages":7.0,"spawn":0.002,"wrap":0.009}
STREAMING_STEP_TIMING total=10.85ms {"drain_packets":0.005,"drain_pages":0.005,"enqueue":3.324,"evict":0.28,"player_chunk":0.012,"prune":0.002,"publish":0.003,"queue_pages":7.205,"spawn":0.002,"wrap":0.007}
STREAMING_STEP_TIMING total=10.70ms {"drain_packets":0.007,"drain_pages":0.004,"enqueue":3.374,"evict":0.288,"player_chunk":0.011,"prune":0.003,"publish":0.004,"queue_pages":7.002,"spawn":0.001,"wrap":0.005}
STREAMING_STEP_TIMING total=10.73ms {"drain_packets":0.005,"drain_pages":0.005,"enqueue":3.292,"evict":0.298,"player_chunk":0.013,"prune":0.002,"publish":0.006,"queue_pages":7.096,"spawn":0.002,"wrap":0.008}
STREAMING_STEP_TIMING total=10.64ms {"drain_packets":0.005,"drain_pages":0.005,"enqueue":3.281,"evict":0.278,"player_chunk":0.017,"prune":0.001,"publish":0.002,"queue_pages":7.044,"spawn":0.001,"wrap":0.009}
STREAMING_STEP_TIMING total=10.67ms {"drain_packets":0.007,"drain_pages":0.006,"enqueue":3.366,"evict":0.274,"player_chunk":0.016,"prune":0.004,"publish":0.003,"queue_pages":6.984,"spawn":0.001,"wrap":0.006}
STREAMING_STEP_TIMING total=10.66ms {"drain_packets":0.004,"drain_pages":0.004,"enqueue":3.264,"evict":0.299,"player_chunk":0.017,"prune":0.002,"publish":0.006,"queue_pages":7.056,"spawn":0.001,"wrap":0.011}
STREAMING_STEP_TIMING total=10.71ms {"drain_packets":0.006,"drain_pages":0.004,"enqueue":3.28,"evict":0.279,"player_chunk":0.015,"prune":0.002,"publish":0.003,"queue_pages":7.105,"spawn":0.002,"wrap":0.008}
STREAMING_STEP_TIMING total=10.99ms {"drain_packets":0.006,"drain_pages":0.005,"enqueue":3.394,"evict":0.287,"player_chunk":0.01,"prune":0.002,"publish":0.003,"queue_pages":7.278,"spawn":0.001,"wrap":0.006}
STREAMING_STEP_TIMING total=10.69ms {"drain_packets":0.005,"drain_pages":0.003,"enqueue":3.302,"evict":0.298,"player_chunk":0.013,"prune":0.001,"publish":0.005,"queue_pages":7.056,"spawn":0.002,"wrap":0.007}
STREAMING_STEP_TIMING total=10.79ms {"drain_packets":0.005,"drain_pages":0.005,"enqueue":3.324,"evict":0.306,"player_chunk":0.017,"prune":0.003,"publish":0.004,"queue_pages":7.119,"spawn":0.002,"wrap":0.006}
STREAMING_STEP_TIMING total=10.69ms {"drain_packets":0.01,"drain_pages":0.005,"enqueue":3.298,"evict":0.283,"player_chunk":0.013,"prune":0.004,"publish":0.003,"queue_pages":7.06,"spawn":0.002,"wrap":0.008}
STREAMING_STEP_TIMING total=10.63ms {"drain_packets":0.005,"drain_pages":0.004,"enqueue":3.335,"evict":0.289,"player_chunk":0.017,"prune":0.002,"publish":0.005,"queue_pages":6.96,"spawn":0.002,"wrap":0.009}
STREAMING_STEP_TIMING total=10.64ms {"drain_packets":0.006,"drain_pages":0.004,"enqueue":3.269,"evict":0.281,"player_chunk":0.013,"prune":0.002,"publish":0.003,"queue_pages":7.047,"spawn":0.002,"wrap":0.007}
STREAMING_STEP_TIMING total=10.75ms {"drain_packets":0.005,"drain_pages":0.004,"enqueue":3.248,"evict":0.289,"player_chunk":0.015,"prune":0.002,"publish":0.005,"queue_pages":7.167,"spawn":0.001,"wrap":0.009}
STREAMING_STEP_TIMING total=10.78ms {"drain_packets":0.011,"drain_pages":0.006,"enqueue":3.371,"evict":0.292,"player_chunk":0.014,"prune":0.005,"publish":0.006,"queue_pages":7.064,"spawn":0.001,"wrap":0.008}
STREAMING_STEP_TIMING total=10.47ms {"drain_packets":0.005,"drain_pages":0.005,"enqueue":3.271,"evict":0.271,"player_chunk":0.017,"prune":0.002,"publish":0.003,"queue_pages":6.883,"spawn":0.002,"wrap":0.01}
STREAMING_STEP_TIMING total=10.67ms {"drain_packets":0.008,"drain_pages":0.005,"enqueue":3.329,"evict":0.285,"player_chunk":0.01,"prune":0.003,"publish":0.004,"queue_pages":7.017,"spawn":0.001,"wrap":0.007}
STREAMING_STEP_TIMING total=10.66ms {"drain_packets":0.005,"drain_pages":0.004,"enqueue":3.289,"evict":0.314,"player_chunk":0.016,"prune":0.002,"publish":0.006,"queue_pages":7.014,"spawn":0.002,"wrap":0.005}
STREAMING_STEP_TIMING total=10.47ms {"drain_packets":0.005,"drain_pages":0.005,"enqueue":3.249,"evict":0.278,"player_chunk":0.013,"prune":0.002,"publish":0.003,"queue_pages":6.902,"spawn":0.002,"wrap":0.008}
STREAMING_STEP_TIMING total=10.57ms {"drain_packets":0.006,"drain_pages":0.005,"enqueue":3.293,"evict":0.28,"player_chunk":0.01,"prune":0.003,"publish":0.004,"queue_pages":6.957,"spawn":0.001,"wrap":0.006}
STREAMING_STEP_TIMING total=10.70ms {"drain_packets":0.005,"drain_pages":0.004,"enqueue":3.291,"evict":0.322,"player_chunk":0.013,"prune":0.003,"publish":0.005,"queue_pages":7.047,"spawn":0.001,"wrap":0.008}
STREAMING_STEP_TIMING total=10.67ms {"drain_packets":0.005,"drain_pages":0.005,"enqueue":3.292,"evict":0.285,"player_chunk":0.018,"prune":0.002,"publish":0.003,"queue_pages":7.046,"spawn":0.002,"wrap":0.009}
STREAMING_STEP_TIMING total=10.76ms {"drain_packets":0.009,"drain_pages":0.005,"enqueue":3.337,"evict":0.307,"player_chunk":0.011,"prune":0.003,"publish":0.004,"queue_pages":7.071,"spawn":0.001,"wrap":0.007}
STREAMING_STEP_TIMING total=10.57ms {"drain_packets":0.005,"drain_pages":0.003,"enqueue":3.231,"evict":0.293,"player_chunk":0.016,"prune":0.002,"publish":0.004,"queue_pages":7.001,"spawn":0.001,"wrap":0.009}
STREAMING_STEP_TIMING total=10.57ms {"drain_packets":0.005,"drain_pages":0.005,"enqueue":3.263,"evict":0.28,"player_chunk":0.014,"prune":0.002,"publish":0.003,"queue_pages":6.982,"spawn":0.002,"wrap":0.008}
STREAMING_STEP_TIMING total=10.61ms {"drain_packets":0.005,"drain_pages":0.005,"enqueue":3.254,"evict":0.289,"player_chunk":0.012,"prune":0.002,"publish":0.004,"queue_pages":7.03,"spawn":0.001,"wrap":0.005}
STREAMING_STEP_TIMING total=10.78ms {"drain_packets":0.005,"drain_pages":0.005,"enqueue":3.314,"evict":0.296,"player_chunk":0.012,"prune":0.002,"publish":0.005,"queue_pages":7.13,"spawn":0.001,"wrap":0.008}
STREAMING_STEP_TIMING total=10.78ms {"drain_packets":0.006,"drain_pages":0.004,"enqueue":3.307,"evict":0.272,"player_chunk":0.016,"prune":0.002,"publish":0.003,"queue_pages":7.159,"spawn":0.002,"wrap":0.01}
STREAMING_STEP_TIMING total=10.74ms {"drain_packets":0.006,"drain_pages":0.005,"enqueue":3.301,"evict":0.293,"player_chunk":0.01,"prune":0.003,"publish":0.005,"queue_pages":7.108,"spawn":0.001,"wrap":0.006}
STREAMING_STEP_TIMING total=10.54ms {"drain_packets":0.005,"drain_pages":0.005,"enqueue":3.249,"evict":0.291,"player_chunk":0.016,"prune":0.001,"publish":0.004,"queue_pages":6.951,"spawn":0.002,"wrap":0.009}
STREAMING_STEP_TIMING total=10.65ms {"drain_packets":0.008,"drain_pages":0.004,"enqueue":3.367,"evict":0.279,"player_chunk":0.013,"prune":0.007,"publish":0.004,"queue_pages":6.954,"spawn":0.002,"wrap":0.009}
STREAMING_STEP_TIMING total=10.52ms {"drain_packets":0.006,"drain_pages":0.005,"enqueue":3.232,"evict":0.284,"player_chunk":0.015,"prune":0.003,"publish":0.004,"queue_pages":6.959,"spawn":0.002,"wrap":0.008}
STREAMING_STEP_TIMING total=10.75ms {"drain_packets":0.005,"drain_pages":0.004,"enqueue":3.257,"evict":0.354,"player_chunk":0.013,"prune":0.001,"publish":0.006,"queue_pages":7.103,"spawn":0.002,"wrap":0.008}
STREAMING_STEP_TIMING total=12.63ms {"drain_packets":0.006,"drain_pages":0.005,"enqueue":4.076,"evict":0.331,"player_chunk":0.018,"prune":0.002,"publish":0.003,"queue_pages":8.178,"spawn":0.001,"wrap":0.007}
STREAMING_STEP_TIMING total=16.09ms {"drain_packets":0.012,"drain_pages":0.007,"enqueue":4.904,"evict":0.447,"player_chunk":0.011,"prune":0.006,"publish":0.006,"queue_pages":10.686,"spawn":0.002,"wrap":0.006}
STREAMING_STEP_TIMING total=10.93ms {"drain_packets":0.012,"drain_pages":0.006,"enqueue":3.675,"evict":0.283,"player_chunk":0.022,"prune":0.005,"publish":0.004,"queue_pages":6.908,"spawn":0.002,"wrap":0.015}
STREAMING_STEP_TIMING total=10.69ms {"drain_packets":0.004,"drain_pages":0.004,"enqueue":3.259,"evict":0.297,"player_chunk":0.013,"prune":0.002,"publish":0.005,"queue_pages":7.093,"spawn":0.002,"wrap":0.008}
STREAMING_STEP_TIMING total=10.72ms {"drain_packets":0.005,"drain_pages":0.004,"enqueue":3.27,"evict":0.271,"player_chunk":0.016,"prune":0.002,"publish":0.003,"queue_pages":7.139,"spawn":0.001,"wrap":0.01}
STREAMING_STEP_TIMING total=10.79ms {"drain_packets":0.009,"drain_pages":0.006,"enqueue":3.459,"evict":0.284,"player_chunk":0.011,"prune":0.004,"publish":0.004,"queue_pages":7.006,"spawn":0.002,"wrap":0.006}
STREAMING_STEP_TIMING total=10.69ms {"drain_packets":0.007,"drain_pages":0.004,"enqueue":3.279,"evict":0.292,"player_chunk":0.017,"prune":0.002,"publish":0.005,"queue_pages":7.071,"spawn":0.002,"wrap":0.009}
STREAMING_STEP_TIMING total=10.59ms {"drain_packets":0.006,"drain_pages":0.005,"enqueue":3.301,"evict":0.283,"player_chunk":0.014,"prune":0.002,"publish":0.004,"queue_pages":6.967,"spawn":0.002,"wrap":0.007}
STREAMING_STEP_TIMING total=10.51ms {"drain_packets":0.007,"drain_pages":0.006,"enqueue":3.271,"evict":0.284,"player_chunk":0.017,"prune":0.003,"publish":0.003,"queue_pages":6.907,"spawn":0.002,"wrap":0.006}
STREAMING_STEP_TIMING total=10.81ms {"drain_packets":0.006,"drain_pages":0.004,"enqueue":3.357,"evict":0.305,"player_chunk":0.014,"prune":0.003,"publish":0.006,"queue_pages":7.1,"spawn":0.002,"wrap":0.008}
STREAMING_STEP_TIMING total=10.57ms {"drain_packets":0.006,"drain_pages":0.005,"enqueue":3.278,"evict":0.292,"player_chunk":0.017,"prune":0.002,"publish":0.004,"queue_pages":6.957,"spawn":0.002,"wrap":0.008}
STREAMING_STEP_TIMING total=10.57ms {"drain_packets":0.007,"drain_pages":0.005,"enqueue":3.296,"evict":0.288,"player_chunk":0.014,"prune":0.003,"publish":0.005,"queue_pages":6.936,"spawn":0.002,"wrap":0.008}
STREAMING_STEP_TIMING total=10.55ms {"drain_packets":0.006,"drain_pages":0.004,"enqueue":3.266,"evict":0.288,"player_chunk":0.017,"prune":0.001,"publish":0.004,"queue_pages":6.955,"spawn":0.002,"wrap":0.009}
STREAMING_STEP_TIMING total=10.56ms {"drain_packets":0.006,"drain_pages":0.005,"enqueue":3.278,"evict":0.278,"player_chunk":0.013,"prune":0.001,"publish":0.004,"queue_pages":6.96,"spawn":0.002,"wrap":0.007}
STREAMING_STEP_TIMING total=11.03ms {"drain_packets":0.007,"drain_pages":0.005,"enqueue":3.44,"evict":0.362,"player_chunk":0.016,"prune":0.004,"publish":0.006,"queue_pages":7.173,"spawn":0.002,"wrap":0.01}
STREAMING_STEP_TIMING total=12.61ms {"drain_packets":0.008,"drain_pages":0.005,"enqueue":4.058,"evict":0.35,"player_chunk":0.016,"prune":0.002,"publish":0.005,"queue_pages":8.157,"spawn":0.002,"wrap":0.009}
STREAMING_STEP_TIMING total=11.75ms {"drain_packets":0.007,"drain_pages":0.008,"enqueue":4.039,"evict":0.3,"player_chunk":0.018,"prune":0.003,"publish":0.006,"queue_pages":7.36,"spawn":0.001,"wrap":0.007}
STREAMING_STEP_TIMING total=10.66ms {"drain_packets":0.007,"drain_pages":0.005,"enqueue":3.268,"evict":0.289,"player_chunk":0.013,"prune":0.002,"publish":0.005,"queue_pages":7.064,"spawn":0.001,"wrap":0.009}
STREAMING_STEP_TIMING total=10.60ms {"drain_packets":0.009,"drain_pages":0.005,"enqueue":3.332,"evict":0.284,"player_chunk":0.017,"prune":0.004,"publish":0.004,"queue_pages":6.937,"spawn":0.002,"wrap":0.009}
STREAMING_STEP_TIMING total=10.95ms {"drain_packets":0.005,"drain_pages":0.005,"enqueue":3.238,"evict":0.303,"player_chunk":0.013,"prune":0.002,"publish":0.005,"queue_pages":7.366,"spawn":0.001,"wrap":0.008}
STREAMING_STEP_TIMING total=10.80ms {"drain_packets":0.008,"drain_pages":0.005,"enqueue":3.358,"evict":0.277,"player_chunk":0.017,"prune":0.004,"publish":0.003,"queue_pages":7.118,"spawn":0.002,"wrap":0.01}
STREAMING_STEP_TIMING total=10.81ms {"drain_packets":0.007,"drain_pages":0.005,"enqueue":3.332,"evict":0.294,"player_chunk":0.012,"prune":0.003,"publish":0.005,"queue_pages":7.138,"spawn":0.002,"wrap":0.007}
STREAMING_STEP_TIMING total=10.61ms {"drain_packets":0.005,"drain_pages":0.004,"enqueue":3.287,"evict":0.305,"player_chunk":0.016,"prune":0.001,"publish":0.006,"queue_pages":6.977,"spawn":0.001,"wrap":0.01}
STREAMING_STEP_TIMING total=10.79ms {"drain_packets":0.006,"drain_pages":0.005,"enqueue":3.398,"evict":0.278,"player_chunk":0.013,"prune":0.003,"publish":0.003,"queue_pages":7.071,"spawn":0.001,"wrap":0.008}
STREAMING_STEP_TIMING total=10.78ms {"drain_packets":0.007,"drain_pages":0.005,"enqueue":3.37,"evict":0.291,"player_chunk":0.012,"prune":0.003,"publish":0.005,"queue_pages":7.074,"spawn":0.002,"wrap":0.005}
STREAMING_STEP_TIMING total=10.73ms {"drain_packets":0.006,"drain_pages":0.004,"enqueue":3.288,"evict":0.298,"player_chunk":0.013,"prune":0.002,"publish":0.005,"queue_pages":7.102,"spawn":0.001,"wrap":0.008}
STREAMING_STEP_TIMING total=10.66ms {"drain_packets":0.005,"drain_pages":0.005,"enqueue":3.306,"evict":0.273,"player_chunk":0.019,"prune":0.002,"publish":0.002,"queue_pages":7.03,"spawn":0.002,"wrap":0.016}
STREAMING_STEP_TIMING total=10.70ms {"drain_packets":0.006,"drain_pages":0.005,"enqueue":3.359,"evict":0.285,"player_chunk":0.01,"prune":0.004,"publish":0.004,"queue_pages":7.02,"spawn":0.001,"wrap":0.006}
STREAMING_STEP_TIMING total=10.64ms {"drain_packets":0.005,"drain_pages":0.004,"enqueue":3.269,"evict":0.295,"player_chunk":0.016,"prune":0.002,"publish":0.006,"queue_pages":7.03,"spawn":0.001,"wrap":0.01}
STREAMING_STEP_TIMING total=17.15ms {"drain_packets":0.007,"drain_pages":0.005,"enqueue":3.28,"evict":0.251,"player_chunk":0.013,"prune":0.03,"publish":6.495,"queue_pages":7.059,"spawn":0.002,"wrap":0.008}
STREAMING_STEP_TIMING total=28.39ms {"drain_packets":0.005,"drain_pages":0.004,"enqueue":3.346,"evict":0.281,"player_chunk":0.013,"prune":0.028,"publish":17.644,"queue_pages":7.06,"spawn":0.002,"wrap":0.007}
STREAMING_STEP_TIMING total=18.95ms {"drain_packets":0.064,"drain_pages":0.006,"enqueue":3.489,"evict":0.362,"player_chunk":0.014,"prune":0.03,"publish":7.74,"queue_pages":7.23,"spawn":0.004,"wrap":0.009}
STREAMING_STEP_TIMING total=32.86ms {"drain_packets":0.095,"drain_pages":0.007,"enqueue":4.231,"evict":0.358,"player_chunk":0.015,"prune":0.031,"publish":19.698,"queue_pages":8.413,"spawn":0.002,"wrap":0.007}
[FrameBudget] streaming=11.8ms topology=0.0ms visual=0.0ms spawn=0.0ms total=11.8ms/6.0ms world.streaming_v0=11.8ms(60)
STREAMING_STEP_TIMING total=20.37ms {"drain_packets":0.069,"drain_pages":0.007,"enqueue":4.19,"evict":0.391,"player_chunk":0.015,"prune":0.033,"publish":7.403,"queue_pages":8.25,"spawn":0.002,"wrap":0.008}
STREAMING_STEP_TIMING total=32.62ms {"drain_packets":0.062,"drain_pages":0.006,"enqueue":4.137,"evict":0.422,"player_chunk":0.018,"prune":0.023,"publish":19.516,"queue_pages":8.419,"spawn":0.003,"wrap":0.009}
STREAMING_STEP_TIMING total=20.33ms {"drain_packets":0.065,"drain_pages":0.006,"enqueue":4.152,"evict":0.427,"player_chunk":0.015,"prune":0.023,"publish":7.357,"queue_pages":8.277,"spawn":0.003,"wrap":0.007}
STREAMING_STEP_TIMING total=29.85ms {"drain_packets":0.073,"drain_pages":0.007,"enqueue":4.145,"evict":0.284,"player_chunk":0.014,"prune":0.02,"publish":16.947,"queue_pages":8.351,"spawn":0.002,"wrap":0.007}
STREAMING_STEP_TIMING total=17.18ms {"drain_packets":0.057,"drain_pages":0.006,"enqueue":3.273,"evict":0.28,"player_chunk":0.013,"prune":0.015,"publish":6.425,"queue_pages":7.098,"spawn":0.002,"wrap":0.008}
STREAMING_STEP_TIMING total=27.46ms {"drain_packets":0.006,"drain_pages":0.005,"enqueue":3.308,"evict":0.366,"player_chunk":0.017,"prune":0.012,"publish":16.638,"queue_pages":7.093,"spawn":0.001,"wrap":0.01}
STREAMING_STEP_TIMING total=17.70ms {"drain_packets":0.008,"drain_pages":0.005,"enqueue":3.29,"evict":0.355,"player_chunk":0.014,"prune":0.013,"publish":7.065,"queue_pages":6.933,"spawn":0.002,"wrap":0.008}
STREAMING_STEP_TIMING total=32.33ms {"drain_packets":0.008,"drain_pages":0.005,"enqueue":4.081,"evict":0.298,"player_chunk":0.018,"prune":0.008,"publish":19.683,"queue_pages":8.217,"spawn":0.002,"wrap":0.007}
STREAMING_STEP_TIMING total=16.99ms {"drain_packets":0.006,"drain_pages":0.006,"enqueue":3.261,"evict":0.306,"player_chunk":0.014,"prune":0.009,"publish":6.385,"queue_pages":6.995,"spawn":0.002,"wrap":0.008}
STREAMING_STEP_TIMING total=27.57ms {"drain_packets":0.007,"drain_pages":0.005,"enqueue":3.289,"evict":0.319,"player_chunk":0.018,"prune":0.002,"publish":16.846,"queue_pages":7.066,"spawn":0.002,"wrap":0.011}
STREAMING_STEP_TIMING total=10.93ms {"drain_packets":0.006,"drain_pages":0.004,"enqueue":3.271,"evict":0.285,"player_chunk":0.013,"prune":0.003,"publish":0.004,"queue_pages":7.33,"spawn":0.002,"wrap":0.008}
STREAMING_STEP_TIMING total=11.17ms {"drain_packets":0.008,"drain_pages":0.005,"enqueue":3.412,"evict":0.293,"player_chunk":0.015,"prune":0.004,"publish":0.005,"queue_pages":7.421,"spawn":0.002,"wrap":0.006}
STREAMING_STEP_TIMING total=11.52ms {"drain_packets":0.006,"drain_pages":0.005,"enqueue":3.282,"evict":0.3,"player_chunk":0.013,"prune":0.002,"publish":0.005,"queue_pages":7.892,"spawn":0.002,"wrap":0.009}
STREAMING_STEP_TIMING total=10.68ms {"drain_packets":0.006,"drain_pages":0.005,"enqueue":3.248,"evict":0.283,"player_chunk":0.017,"prune":0.002,"publish":0.004,"queue_pages":7.1,"spawn":0.002,"wrap":0.01}
STREAMING_STEP_TIMING total=11.11ms {"drain_packets":0.01,"drain_pages":0.006,"enqueue":3.404,"evict":0.283,"player_chunk":0.025,"prune":0.005,"publish":0.004,"queue_pages":7.236,"spawn":0.004,"wrap":0.131}
STREAMING_STEP_TIMING total=12.61ms {"drain_packets":0.005,"drain_pages":0.004,"enqueue":3.281,"evict":0.365,"player_chunk":0.017,"prune":0.001,"publish":0.007,"queue_pages":8.921,"spawn":0.002,"wrap":0.009}
STREAMING_STEP_TIMING total=13.16ms {"drain_packets":0.007,"drain_pages":0.006,"enqueue":4.065,"evict":0.364,"player_chunk":0.017,"prune":0.002,"publish":0.007,"queue_pages":8.678,"spawn":0.002,"wrap":0.009}
STREAMING_STEP_TIMING total=13.06ms {"drain_packets":0.006,"drain_pages":0.006,"enqueue":4.079,"evict":0.336,"player_chunk":0.02,"prune":0.003,"publish":0.008,"queue_pages":8.584,"spawn":0.002,"wrap":0.011}
STREAMING_STEP_TIMING total=10.84ms {"drain_packets":0.009,"drain_pages":0.006,"enqueue":3.379,"evict":0.283,"player_chunk":0.013,"prune":0.004,"publish":0.004,"queue_pages":7.132,"spawn":0.002,"wrap":0.008}
STREAMING_STEP_TIMING total=10.72ms {"drain_packets":0.007,"drain_pages":0.005,"enqueue":3.278,"evict":0.293,"player_chunk":0.016,"prune":0.003,"publish":0.005,"queue_pages":7.105,"spawn":0.001,"wrap":0.006}
STREAMING_STEP_TIMING total=11.12ms {"drain_packets":0.006,"drain_pages":0.005,"enqueue":3.249,"evict":0.302,"player_chunk":0.013,"prune":0.002,"publish":0.006,"queue_pages":7.524,"spawn":0.001,"wrap":0.008}
STREAMING_STEP_TIMING total=10.81ms {"drain_packets":0.008,"drain_pages":0.006,"enqueue":3.318,"evict":0.286,"player_chunk":0.019,"prune":0.003,"publish":0.005,"queue_pages":7.147,"spawn":0.002,"wrap":0.014}
STREAMING_STEP_TIMING total=10.67ms {"drain_packets":0.005,"drain_pages":0.006,"enqueue":3.262,"evict":0.284,"player_chunk":0.013,"prune":0.002,"publish":0.004,"queue_pages":7.085,"spawn":0.001,"wrap":0.008}
STREAMING_STEP_TIMING total=10.63ms {"drain_packets":0.006,"drain_pages":0.005,"enqueue":3.265,"evict":0.288,"player_chunk":0.016,"prune":0.002,"publish":0.006,"queue_pages":7.024,"spawn":0.002,"wrap":0.009}
STREAMING_STEP_TIMING total=10.73ms {"drain_packets":0.005,"drain_pages":0.005,"enqueue":3.276,"evict":0.289,"player_chunk":0.013,"prune":0.002,"publish":0.004,"queue_pages":7.128,"spawn":0.002,"wrap":0.009}
STREAMING_STEP_TIMING total=10.76ms {"drain_packets":0.006,"drain_pages":0.005,"enqueue":3.249,"evict":0.296,"player_chunk":0.016,"prune":0.002,"publish":0.007,"queue_pages":7.163,"spawn":0.001,"wrap":0.009}
STREAMING_STEP_TIMING total=11.11ms {"drain_packets":0.006,"drain_pages":0.004,"enqueue":3.326,"evict":0.303,"player_chunk":0.014,"prune":0.003,"publish":0.006,"queue_pages":7.434,"spawn":0.002,"wrap":0.007}
STREAMING_STEP_TIMING total=10.84ms {"drain_packets":0.006,"drain_pages":0.004,"enqueue":3.328,"evict":0.287,"player_chunk":0.016,"prune":0.002,"publish":0.003,"queue_pages":7.182,"spawn":0.002,"wrap":0.006}
STREAMING_STEP_TIMING total=10.73ms {"drain_packets":0.01,"drain_pages":0.005,"enqueue":3.295,"evict":0.286,"player_chunk":0.012,"prune":0.003,"publish":0.005,"queue_pages":7.105,"spawn":0.002,"wrap":0.008}
STREAMING_STEP_TIMING total=10.78ms {"drain_packets":0.007,"drain_pages":0.005,"enqueue":3.306,"evict":0.294,"player_chunk":0.017,"prune":0.002,"publish":0.005,"queue_pages":7.136,"spawn":0.002,"wrap":0.009}
STREAMING_STEP_TIMING total=10.85ms {"drain_packets":0.005,"drain_pages":0.005,"enqueue":3.289,"evict":0.289,"player_chunk":0.014,"prune":0.002,"publish":0.005,"queue_pages":7.23,"spawn":0.002,"wrap":0.007}
STREAMING_STEP_TIMING total=11.95ms {"drain_packets":0.009,"drain_pages":0.005,"enqueue":3.713,"evict":0.364,"player_chunk":0.016,"prune":0.004,"publish":0.007,"queue_pages":7.818,"spawn":0.001,"wrap":0.01}
STREAMING_STEP_TIMING total=11.44ms {"drain_packets":0.007,"drain_pages":0.005,"enqueue":3.319,"evict":0.361,"player_chunk":0.013,"prune":0.002,"publish":0.007,"queue_pages":7.71,"spawn":0.002,"wrap":0.008}
STREAMING_STEP_TIMING total=11.14ms {"drain_packets":0.008,"drain_pages":0.006,"enqueue":3.554,"evict":0.451,"player_chunk":0.019,"prune":0.004,"publish":0.006,"queue_pages":7.079,"spawn":0.002,"wrap":0.01}
STREAMING_STEP_TIMING total=14.81ms {"drain_packets":0.015,"drain_pages":0.008,"enqueue":5.294,"evict":0.353,"player_chunk":0.021,"prune":0.007,"publish":0.006,"queue_pages":9.087,"spawn":0.003,"wrap":0.015}
STREAMING_STEP_TIMING total=12.93ms {"drain_packets":0.01,"drain_pages":0.006,"enqueue":4.101,"evict":0.349,"player_chunk":0.02,"prune":0.003,"publish":0.005,"queue_pages":8.425,"spawn":0.002,"wrap":0.007}
STREAMING_STEP_TIMING total=12.85ms {"drain_packets":0.008,"drain_pages":0.006,"enqueue":4.057,"evict":0.352,"player_chunk":0.015,"prune":0.002,"publish":0.005,"queue_pages":8.391,"spawn":0.002,"wrap":0.009}
STREAMING_STEP_TIMING total=12.88ms {"drain_packets":0.006,"drain_pages":0.005,"enqueue":4.06,"evict":0.376,"player_chunk":0.019,"prune":0.002,"publish":0.006,"queue_pages":8.387,"spawn":0.002,"wrap":0.01}
STREAMING_STEP_TIMING total=11.37ms {"drain_packets":0.006,"drain_pages":0.004,"enqueue":3.883,"evict":0.292,"player_chunk":0.015,"prune":0.002,"publish":0.003,"queue_pages":7.151,"spawn":0.002,"wrap":0.008}
STREAMING_STEP_TIMING total=10.77ms {"drain_packets":0.008,"drain_pages":0.006,"enqueue":3.344,"evict":0.278,"player_chunk":0.016,"prune":0.005,"publish":0.003,"queue_pages":7.101,"spawn":0.002,"wrap":0.008}
STREAMING_STEP_TIMING total=10.71ms {"drain_packets":0.004,"drain_pages":0.004,"enqueue":3.262,"evict":0.295,"player_chunk":0.015,"prune":0.002,"publish":0.006,"queue_pages":7.11,"spawn":0.001,"wrap":0.008}
STREAMING_STEP_TIMING total=10.85ms {"drain_packets":0.006,"drain_pages":0.004,"enqueue":3.245,"evict":0.303,"player_chunk":0.016,"prune":0.001,"publish":0.007,"queue_pages":7.259,"spawn":0.001,"wrap":0.01}
STREAMING_STEP_TIMING total=10.78ms {"drain_packets":0.007,"drain_pages":0.005,"enqueue":3.275,"evict":0.282,"player_chunk":0.014,"prune":0.002,"publish":0.003,"queue_pages":7.176,"spawn":0.002,"wrap":0.008}
STREAMING_STEP_TIMING total=11.18ms {"drain_packets":0.004,"drain_pages":0.003,"enqueue":3.32,"evict":0.293,"player_chunk":0.012,"prune":0.002,"publish":0.006,"queue_pages":7.528,"spawn":0.001,"wrap":0.006}
STREAMING_STEP_TIMING total=10.67ms {"drain_packets":0.007,"drain_pages":0.004,"enqueue":3.24,"evict":0.293,"player_chunk":0.014,"prune":0.001,"publish":0.005,"queue_pages":7.099,"spawn":0.002,"wrap":0.008}
STREAMING_STEP_TIMING total=10.72ms {"drain_packets":0.006,"drain_pages":0.005,"enqueue":3.248,"evict":0.281,"player_chunk":0.017,"prune":0.002,"publish":0.003,"queue_pages":7.145,"spawn":0.002,"wrap":0.009}
STREAMING_STEP_TIMING total=11.41ms {"drain_packets":0.01,"drain_pages":0.006,"enqueue":3.467,"evict":0.296,"player_chunk":0.012,"prune":0.006,"publish":0.005,"queue_pages":7.595,"spawn":0.002,"wrap":0.008}
STREAMING_STEP_TIMING total=10.86ms {"drain_packets":0.006,"drain_pages":0.005,"enqueue":3.299,"evict":0.305,"player_chunk":0.017,"prune":0.001,"publish":0.006,"queue_pages":7.206,"spawn":0.002,"wrap":0.01}
STREAMING_STEP_TIMING total=10.72ms {"drain_packets":0.005,"drain_pages":0.004,"enqueue":3.246,"evict":0.333,"player_chunk":0.014,"prune":0.002,"publish":0.003,"queue_pages":7.097,"spawn":0.001,"wrap":0.008}
STREAMING_STEP_TIMING total=10.94ms {"drain_packets":0.007,"drain_pages":0.008,"enqueue":3.291,"evict":0.293,"player_chunk":0.018,"prune":0.003,"publish":0.005,"queue_pages":7.3,"spawn":0.002,"wrap":0.01}
STREAMING_STEP_TIMING total=10.82ms {"drain_packets":0.006,"drain_pages":0.005,"enqueue":3.287,"evict":0.29,"player_chunk":0.014,"prune":0.002,"publish":0.006,"queue_pages":7.198,"spawn":0.002,"wrap":0.007}
STREAMING_STEP_TIMING total=11.00ms {"drain_packets":0.006,"drain_pages":0.005,"enqueue":3.311,"evict":0.285,"player_chunk":0.016,"prune":0.002,"publish":0.005,"queue_pages":7.364,"spawn":0.002,"wrap":0.006}
STREAMING_STEP_TIMING total=11.34ms {"drain_packets":0.01,"drain_pages":0.005,"enqueue":3.877,"evict":0.287,"player_chunk":0.013,"prune":0.005,"publish":0.004,"queue_pages":7.124,"spawn":0.001,"wrap":0.008}
STREAMING_STEP_TIMING total=10.74ms {"drain_packets":0.005,"drain_pages":0.005,"enqueue":3.247,"evict":0.294,"player_chunk":0.017,"prune":0.003,"publish":0.005,"queue_pages":7.157,"spawn":0.002,"wrap":0.009}
STREAMING_STEP_TIMING total=10.68ms {"drain_packets":0.006,"drain_pages":0.005,"enqueue":3.273,"evict":0.281,"player_chunk":0.013,"prune":0.002,"publish":0.004,"queue_pages":7.088,"spawn":0.002,"wrap":0.008}
STREAMING_STEP_TIMING total=10.79ms {"drain_packets":0.007,"drain_pages":0.006,"enqueue":3.317,"evict":0.301,"player_chunk":0.015,"prune":0.004,"publish":0.006,"queue_pages":7.123,"spawn":0.001,"wrap":0.01}
STREAMING_STEP_TIMING total=10.78ms {"drain_packets":0.006,"drain_pages":0.005,"enqueue":3.277,"evict":0.293,"player_chunk":0.014,"prune":0.002,"publish":0.005,"queue_pages":7.164,"spawn":0.002,"wrap":0.008}
STREAMING_STEP_TIMING total=10.86ms {"drain_packets":0.005,"drain_pages":0.005,"enqueue":3.26,"evict":0.295,"player_chunk":0.017,"prune":0.002,"publish":0.005,"queue_pages":7.256,"spawn":0.002,"wrap":0.009}
STREAMING_STEP_TIMING total=12.62ms {"drain_packets":0.007,"drain_pages":0.005,"enqueue":3.269,"evict":0.486,"player_chunk":0.014,"prune":0.003,"publish":0.006,"queue_pages":8.812,"spawn":0.001,"wrap":0.009}
STREAMING_STEP_TIMING total=10.92ms {"drain_packets":0.007,"drain_pages":0.005,"enqueue":3.366,"evict":0.285,"player_chunk":0.022,"prune":0.003,"publish":0.004,"queue_pages":7.217,"spawn":0.002,"wrap":0.01}
STREAMING_STEP_TIMING total=12.25ms {"drain_packets":0.006,"drain_pages":0.005,"enqueue":3.284,"evict":0.539,"player_chunk":0.014,"prune":0.002,"publish":0.01,"queue_pages":8.38,"spawn":0.003,"wrap":0.007}
STREAMING_STEP_TIMING total=14.65ms {"drain_packets":0.013,"drain_pages":0.008,"enqueue":5.572,"evict":0.301,"player_chunk":0.026,"prune":0.006,"publish":0.006,"queue_pages":8.691,"spawn":0.003,"wrap":0.022}
STREAMING_STEP_TIMING total=10.68ms {"drain_packets":0.007,"drain_pages":0.005,"enqueue":3.301,"evict":0.272,"player_chunk":0.014,"prune":0.003,"publish":0.002,"queue_pages":7.062,"spawn":0.001,"wrap":0.008}
STREAMING_STEP_TIMING total=10.79ms {"drain_packets":0.005,"drain_pages":0.004,"enqueue":3.237,"evict":0.288,"player_chunk":0.013,"prune":0.001,"publish":0.005,"queue_pages":7.228,"spawn":0.001,"wrap":0.007}
STREAMING_STEP_TIMING total=10.83ms {"drain_packets":0.005,"drain_pages":0.005,"enqueue":3.29,"evict":0.29,"player_chunk":0.014,"prune":0.002,"publish":0.005,"queue_pages":7.211,"spawn":0.001,"wrap":0.008}
STREAMING_STEP_TIMING total=10.77ms {"drain_packets":0.008,"drain_pages":0.005,"enqueue":3.311,"evict":0.277,"player_chunk":0.016,"prune":0.003,"publish":0.002,"queue_pages":7.139,"spawn":0.002,"wrap":0.009}
STREAMING_STEP_TIMING total=10.80ms {"drain_packets":0.006,"drain_pages":0.004,"enqueue":3.29,"evict":0.286,"player_chunk":0.012,"prune":0.003,"publish":0.005,"queue_pages":7.182,"spawn":0.001,"wrap":0.006}
STREAMING_STEP_TIMING total=10.72ms {"drain_packets":0.004,"drain_pages":0.005,"enqueue":3.242,"evict":0.287,"player_chunk":0.016,"prune":0.002,"publish":0.005,"queue_pages":7.15,"spawn":0.001,"wrap":0.006}
STREAMING_STEP_TIMING total=10.81ms {"drain_packets":0.006,"drain_pages":0.005,"enqueue":3.272,"evict":0.287,"player_chunk":0.013,"prune":0.002,"publish":0.003,"queue_pages":7.207,"spawn":0.002,"wrap":0.009}
STREAMING_STEP_TIMING total=10.91ms {"drain_packets":0.008,"drain_pages":0.006,"enqueue":3.337,"evict":0.286,"player_chunk":0.015,"prune":0.003,"publish":0.005,"queue_pages":7.236,"spawn":0.001,"wrap":0.009}
STREAMING_STEP_TIMING total=11.72ms {"drain_packets":0.005,"drain_pages":0.004,"enqueue":3.27,"evict":0.301,"player_chunk":0.014,"prune":0.002,"publish":0.006,"queue_pages":8.111,"spawn":0.001,"wrap":0.008}
STREAMING_STEP_TIMING total=10.89ms {"drain_packets":0.007,"drain_pages":0.005,"enqueue":3.333,"evict":0.278,"player_chunk":0.023,"prune":0.002,"publish":0.003,"queue_pages":7.224,"spawn":0.002,"wrap":0.01}
STREAMING_STEP_TIMING total=10.87ms {"drain_packets":0.008,"drain_pages":0.006,"enqueue":3.41,"evict":0.279,"player_chunk":0.011,"prune":0.005,"publish":0.004,"queue_pages":7.14,"spawn":0.002,"wrap":0.006}
STREAMING_STEP_TIMING total=11.12ms {"drain_packets":0.006,"drain_pages":0.004,"enqueue":3.354,"evict":0.298,"player_chunk":0.018,"prune":0.002,"publish":0.006,"queue_pages":7.422,"spawn":0.002,"wrap":0.009}
STREAMING_STEP_TIMING total=10.95ms {"drain_packets":0.005,"drain_pages":0.005,"enqueue":3.288,"evict":0.278,"player_chunk":0.014,"prune":0.002,"publish":0.004,"queue_pages":7.342,"spawn":0.002,"wrap":0.008}
STREAMING_STEP_TIMING total=11.05ms {"drain_packets":0.01,"drain_pages":0.006,"enqueue":3.425,"evict":0.288,"player_chunk":0.013,"prune":0.006,"publish":0.004,"queue_pages":7.294,"spawn":0.002,"wrap":0.005}
STREAMING_STEP_TIMING total=11.01ms {"drain_packets":0.006,"drain_pages":0.004,"enqueue":3.313,"evict":0.296,"player_chunk":0.013,"prune":0.003,"publish":0.006,"queue_pages":7.354,"spawn":0.002,"wrap":0.007}
STREAMING_STEP_TIMING total=10.90ms {"drain_packets":0.005,"drain_pages":0.005,"enqueue":3.296,"evict":0.29,"player_chunk":0.017,"prune":0.001,"publish":0.005,"queue_pages":7.27,"spawn":0.002,"wrap":0.009}
STREAMING_STEP_TIMING total=10.95ms {"drain_packets":0.01,"drain_pages":0.005,"enqueue":3.415,"evict":0.281,"player_chunk":0.013,"prune":0.005,"publish":0.004,"queue_pages":7.204,"spawn":0.002,"wrap":0.008}
STREAMING_STEP_TIMING total=11.02ms {"drain_packets":0.005,"drain_pages":0.003,"enqueue":3.3,"evict":0.293,"player_chunk":0.016,"prune":0.002,"publish":0.005,"queue_pages":7.387,"spawn":0.001,"wrap":0.009}
STREAMING_STEP_TIMING total=10.76ms {"drain_packets":0.006,"drain_pages":0.004,"enqueue":3.29,"evict":0.283,"player_chunk":0.013,"prune":0.002,"publish":0.003,"queue_pages":7.148,"spawn":0.001,"wrap":0.008}
STREAMING_STEP_TIMING total=10.80ms {"drain_packets":0.006,"drain_pages":0.005,"enqueue":3.322,"evict":0.283,"player_chunk":0.016,"prune":0.002,"publish":0.003,"queue_pages":7.148,"spawn":0.002,"wrap":0.008}
STREAMING_STEP_TIMING total=10.68ms {"drain_packets":0.004,"drain_pages":0.003,"enqueue":3.266,"evict":0.288,"player_chunk":0.012,"prune":0.002,"publish":0.004,"queue_pages":7.089,"spawn":0.001,"wrap":0.007}
STREAMING_STEP_TIMING total=10.84ms {"drain_packets":0.005,"drain_pages":0.004,"enqueue":3.34,"evict":0.281,"player_chunk":0.016,"prune":0.002,"publish":0.003,"queue_pages":7.183,"spawn":0.002,"wrap":0.006}
STREAMING_STEP_TIMING total=10.76ms {"drain_packets":0.006,"drain_pages":0.006,"enqueue":3.242,"evict":0.289,"player_chunk":0.013,"prune":0.003,"publish":0.003,"queue_pages":7.186,"spawn":0.002,"wrap":0.008}
STREAMING_STEP_TIMING total=10.81ms {"drain_packets":0.004,"drain_pages":0.004,"enqueue":3.278,"evict":0.292,"player_chunk":0.015,"prune":0.002,"publish":0.004,"queue_pages":7.202,"spawn":0.002,"wrap":0.007}
STREAMING_STEP_TIMING total=10.75ms {"drain_packets":0.006,"drain_pages":0.004,"enqueue":3.352,"evict":0.284,"player_chunk":0.014,"prune":0.003,"publish":0.003,"queue_pages":7.074,"spawn":0.002,"wrap":0.007}
STREAMING_STEP_TIMING total=10.73ms {"drain_packets":0.005,"drain_pages":0.004,"enqueue":3.28,"evict":0.274,"player_chunk":0.016,"prune":0.002,"publish":0.003,"queue_pages":7.131,"spawn":0.002,"wrap":0.009}
STREAMING_STEP_TIMING total=10.82ms {"drain_packets":0.006,"drain_pages":0.004,"enqueue":3.277,"evict":0.288,"player_chunk":0.011,"prune":0.003,"publish":0.005,"queue_pages":7.217,"spawn":0.002,"wrap":0.006}
STREAMING_STEP_TIMING total=13.01ms {"drain_packets":0.005,"drain_pages":0.005,"enqueue":4.069,"evict":0.365,"player_chunk":0.019,"prune":0.002,"publish":0.006,"queue_pages":8.525,"spawn":0.002,"wrap":0.01}
STREAMING_STEP_TIMING total=12.93ms {"drain_packets":0.007,"drain_pages":0.005,"enqueue":4.11,"evict":0.353,"player_chunk":0.015,"prune":0.007,"publish":0.005,"queue_pages":8.418,"spawn":0.002,"wrap":0.009}
STREAMING_STEP_TIMING total=12.88ms {"drain_packets":0.008,"drain_pages":0.005,"enqueue":4.134,"evict":0.344,"player_chunk":0.019,"prune":0.002,"publish":0.004,"queue_pages":8.354,"spawn":0.002,"wrap":0.007}
STREAMING_STEP_TIMING total=12.51ms {"drain_packets":0.011,"drain_pages":0.006,"enqueue":4.135,"evict":0.288,"player_chunk":0.013,"prune":0.004,"publish":0.004,"queue_pages":8.04,"spawn":0.002,"wrap":0.007}
STREAMING_STEP_TIMING total=10.90ms {"drain_packets":0.005,"drain_pages":0.004,"enqueue":3.258,"evict":0.304,"player_chunk":0.016,"prune":0.002,"publish":0.007,"queue_pages":7.297,"spawn":0.002,"wrap":0.009}
STREAMING_STEP_TIMING total=10.89ms {"drain_packets":0.006,"drain_pages":0.004,"enqueue":3.312,"evict":0.281,"player_chunk":0.013,"prune":0.002,"publish":0.003,"queue_pages":7.26,"spawn":0.002,"wrap":0.007}
STREAMING_STEP_TIMING total=10.85ms {"drain_packets":0.007,"drain_pages":0.005,"enqueue":3.349,"evict":0.286,"player_chunk":0.015,"prune":0.003,"publish":0.004,"queue_pages":7.174,"spawn":0.002,"wrap":0.008}
STREAMING_STEP_TIMING total=11.02ms {"drain_packets":0.005,"drain_pages":0.003,"enqueue":3.331,"evict":0.296,"player_chunk":0.013,"prune":0.001,"publish":0.005,"queue_pages":7.356,"spawn":0.002,"wrap":0.007}
STREAMING_STEP_TIMING total=10.79ms {"drain_packets":0.005,"drain_pages":0.004,"enqueue":3.296,"evict":0.288,"player_chunk":0.017,"prune":0.002,"publish":0.002,"queue_pages":7.163,"spawn":0.002,"wrap":0.009}
STREAMING_STEP_TIMING total=10.88ms {"drain_packets":0.007,"drain_pages":0.005,"enqueue":3.396,"evict":0.283,"player_chunk":0.02,"prune":0.004,"publish":0.002,"queue_pages":7.146,"spawn":0.003,"wrap":0.012}
STREAMING_STEP_TIMING total=11.03ms {"drain_packets":0.003,"drain_pages":0.003,"enqueue":3.317,"evict":0.302,"player_chunk":0.014,"prune":0.002,"publish":0.005,"queue_pages":7.378,"spawn":0.001,"wrap":0.006}
STREAMING_STEP_TIMING total=11.00ms {"drain_packets":0.006,"drain_pages":0.004,"enqueue":3.358,"evict":0.295,"player_chunk":0.013,"prune":0.001,"publish":0.004,"queue_pages":7.312,"spawn":0.002,"wrap":0.007}
STREAMING_STEP_TIMING total=10.88ms {"drain_packets":0.005,"drain_pages":0.005,"enqueue":3.282,"evict":0.28,"player_chunk":0.016,"prune":0.002,"publish":0.005,"queue_pages":7.276,"spawn":0.002,"wrap":0.009}
STREAMING_STEP_TIMING total=11.22ms {"drain_packets":0.005,"drain_pages":0.003,"enqueue":3.292,"evict":0.298,"player_chunk":0.01,"prune":0.002,"publish":0.006,"queue_pages":7.596,"spawn":0.001,"wrap":0.006}
STREAMING_STEP_TIMING total=11.27ms {"drain_packets":0.005,"drain_pages":0.005,"enqueue":3.243,"evict":0.451,"player_chunk":0.018,"prune":0.002,"publish":0.009,"queue_pages":7.523,"spawn":0.002,"wrap":0.009}
STREAMING_STEP_TIMING total=10.90ms {"drain_packets":0.008,"drain_pages":0.005,"enqueue":3.468,"evict":0.284,"player_chunk":0.013,"prune":0.003,"publish":0.003,"queue_pages":7.108,"spawn":0.002,"wrap":0.009}
STREAMING_STEP_TIMING total=10.72ms {"drain_packets":0.01,"drain_pages":0.006,"enqueue":3.292,"evict":0.284,"player_chunk":0.017,"prune":0.006,"publish":0.003,"queue_pages":7.09,"spawn":0.001,"wrap":0.009}
STREAMING_STEP_TIMING total=10.82ms {"drain_packets":0.005,"drain_pages":0.004,"enqueue":3.246,"evict":0.352,"player_chunk":0.013,"prune":0.002,"publish":0.006,"queue_pages":7.181,"spawn":0.002,"wrap":0.008}
STREAMING_STEP_TIMING total=10.93ms {"drain_packets":0.006,"drain_pages":0.005,"enqueue":3.329,"evict":0.281,"player_chunk":0.017,"prune":0.002,"publish":0.004,"queue_pages":7.276,"spawn":0.002,"wrap":0.006}
STREAMING_STEP_TIMING total=10.74ms {"drain_packets":0.008,"drain_pages":0.006,"enqueue":3.31,"evict":0.282,"player_chunk":0.011,"prune":0.005,"publish":0.004,"queue_pages":7.108,"spawn":0.001,"wrap":0.006}
STREAMING_STEP_TIMING total=11.42ms {"drain_packets":0.004,"drain_pages":0.003,"enqueue":3.273,"evict":0.298,"player_chunk":0.017,"prune":0.002,"publish":0.006,"queue_pages":7.808,"spawn":0.001,"wrap":0.01}
STREAMING_STEP_TIMING total=11.07ms {"drain_packets":0.006,"drain_pages":0.005,"enqueue":3.334,"evict":0.304,"player_chunk":0.013,"prune":0.003,"publish":0.005,"queue_pages":7.393,"spawn":0.002,"wrap":0.008}
STREAMING_STEP_TIMING total=11.03ms {"drain_packets":0.008,"drain_pages":0.005,"enqueue":3.304,"evict":0.302,"player_chunk":0.021,"prune":0.003,"publish":0.005,"queue_pages":7.37,"spawn":0.002,"wrap":0.01}
STREAMING_STEP_TIMING total=10.95ms {"drain_packets":0.006,"drain_pages":0.005,"enqueue":3.352,"evict":0.295,"player_chunk":0.015,"prune":0.004,"publish":0.006,"queue_pages":7.255,"spawn":0.002,"wrap":0.008}
STREAMING_STEP_TIMING total=10.86ms {"drain_packets":0.006,"drain_pages":0.005,"enqueue":3.287,"evict":0.306,"player_chunk":0.017,"prune":0.002,"publish":0.006,"queue_pages":7.214,"spawn":0.002,"wrap":0.009}
STREAMING_STEP_TIMING total=11.06ms {"drain_packets":0.01,"drain_pages":0.005,"enqueue":3.454,"evict":0.281,"player_chunk":0.013,"prune":0.004,"publish":0.003,"queue_pages":7.279,"spawn":0.001,"wrap":0.008}
STREAMING_STEP_TIMING total=11.10ms {"drain_packets":0.004,"drain_pages":0.004,"enqueue":3.328,"evict":0.295,"player_chunk":0.016,"prune":0.002,"publish":0.005,"queue_pages":7.436,"spawn":0.001,"wrap":0.006}
STREAMING_STEP_TIMING total=10.94ms {"drain_packets":0.008,"drain_pages":0.004,"enqueue":3.386,"evict":0.316,"player_chunk":0.013,"prune":0.003,"publish":0.004,"queue_pages":7.187,"spawn":0.002,"wrap":0.009}
STREAMING_STEP_TIMING total=10.98ms {"drain_packets":0.007,"drain_pages":0.005,"enqueue":3.496,"evict":0.288,"player_chunk":0.019,"prune":0.003,"publish":0.004,"queue_pages":7.146,"spawn":0.002,"wrap":0.012}
STREAMING_STEP_TIMING total=11.28ms {"drain_packets":0.008,"drain_pages":0.006,"enqueue":3.447,"evict":0.301,"player_chunk":0.014,"prune":0.004,"publish":0.007,"queue_pages":7.476,"spawn":0.002,"wrap":0.008}
STREAMING_STEP_TIMING total=11.93ms {"drain_packets":0.011,"drain_pages":0.006,"enqueue":4.075,"evict":0.3,"player_chunk":0.017,"prune":0.006,"publish":0.006,"queue_pages":7.498,"spawn":0.002,"wrap":0.01}
[FrameBudget] streaming=13.1ms topology=0.0ms visual=0.0ms spawn=0.0ms total=13.1ms/6.0ms world.streaming_v0=13.1ms(60)
STREAMING_STEP_TIMING total=10.68ms {"drain_packets":0.006,"drain_pages":0.004,"enqueue":3.262,"evict":0.28,"player_chunk":0.014,"prune":0.002,"publish":0.003,"queue_pages":7.102,"spawn":0.003,"wrap":0.007}
STREAMING_STEP_TIMING total=10.98ms {"drain_packets":0.009,"drain_pages":0.005,"enqueue":3.416,"evict":0.298,"player_chunk":0.019,"prune":0.005,"publish":0.004,"queue_pages":7.213,"spawn":0.002,"wrap":0.012}
STREAMING_STEP_TIMING total=10.97ms {"drain_packets":0.006,"drain_pages":0.004,"enqueue":3.319,"evict":0.294,"player_chunk":0.014,"prune":0.002,"publish":0.005,"queue_pages":7.315,"spawn":0.002,"wrap":0.008}
STREAMING_STEP_TIMING total=11.04ms {"drain_packets":0.007,"drain_pages":0.004,"enqueue":3.401,"evict":0.286,"player_chunk":0.017,"prune":0.002,"publish":0.004,"queue_pages":7.308,"spawn":0.002,"wrap":0.006}
STREAMING_STEP_TIMING total=10.97ms {"drain_packets":0.008,"drain_pages":0.006,"enqueue":3.321,"evict":0.339,"player_chunk":0.014,"prune":0.003,"publish":0.004,"queue_pages":7.261,"spawn":0.002,"wrap":0.008}
STREAMING_STEP_TIMING total=11.10ms {"drain_packets":0.005,"drain_pages":0.003,"enqueue":3.322,"evict":0.298,"player_chunk":0.016,"prune":0.001,"publish":0.006,"queue_pages":7.438,"spawn":0.001,"wrap":0.009}
STREAMING_STEP_TIMING total=10.79ms {"drain_packets":0.005,"drain_pages":0.005,"enqueue":3.305,"evict":0.28,"player_chunk":0.014,"prune":0.002,"publish":0.003,"queue_pages":7.165,"spawn":0.002,"wrap":0.008}
STREAMING_STEP_TIMING total=10.83ms {"drain_packets":0.007,"drain_pages":0.005,"enqueue":3.315,"evict":0.289,"player_chunk":0.016,"prune":0.003,"publish":0.003,"queue_pages":7.179,"spawn":0.002,"wrap":0.011}
STREAMING_STEP_TIMING total=11.78ms {"drain_packets":0.004,"drain_pages":0.004,"enqueue":3.277,"evict":0.307,"player_chunk":0.013,"prune":0.002,"publish":0.007,"queue_pages":8.153,"spawn":0.002,"wrap":0.007}
STREAMING_STEP_TIMING total=10.75ms {"drain_packets":0.006,"drain_pages":0.005,"enqueue":3.291,"evict":0.292,"player_chunk":0.019,"prune":0.002,"publish":0.005,"queue_pages":7.115,"spawn":0.001,"wrap":0.011}
STREAMING_STEP_TIMING total=10.93ms {"drain_packets":0.006,"drain_pages":0.005,"enqueue":3.37,"evict":0.289,"player_chunk":0.013,"prune":0.002,"publish":0.004,"queue_pages":7.226,"spawn":0.002,"wrap":0.009}
STREAMING_STEP_TIMING total=13.73ms {"drain_packets":0.006,"drain_pages":0.005,"enqueue":3.314,"evict":0.299,"player_chunk":0.015,"prune":0.002,"publish":0.006,"queue_pages":10.075,"spawn":0.002,"wrap":0.006}
STREAMING_STEP_TIMING total=10.86ms {"drain_packets":0.005,"drain_pages":0.005,"enqueue":3.325,"evict":0.3,"player_chunk":0.015,"prune":0.002,"publish":0.005,"queue_pages":7.191,"spawn":0.002,"wrap":0.008}
STREAMING_STEP_TIMING total=10.71ms {"drain_packets":0.005,"drain_pages":0.005,"enqueue":3.27,"evict":0.315,"player_chunk":0.016,"prune":0.002,"publish":0.003,"queue_pages":7.084,"spawn":0.001,"wrap":0.01}
STREAMING_STEP_TIMING total=10.97ms {"drain_packets":0.008,"drain_pages":0.005,"enqueue":3.371,"evict":0.28,"player_chunk":0.011,"prune":0.004,"publish":0.003,"queue_pages":7.281,"spawn":0.001,"wrap":0.007}
STREAMING_STEP_TIMING total=10.73ms {"drain_packets":0.004,"drain_pages":0.003,"enqueue":3.28,"evict":0.288,"player_chunk":0.015,"prune":0.002,"publish":0.006,"queue_pages":7.116,"spawn":0.002,"wrap":0.009}
STREAMING_STEP_TIMING total=10.72ms {"drain_packets":0.006,"drain_pages":0.004,"enqueue":3.279,"evict":0.299,"player_chunk":0.013,"prune":0.001,"publish":0.003,"queue_pages":7.098,"spawn":0.001,"wrap":0.008}
STREAMING_STEP_TIMING total=10.85ms {"drain_packets":0.007,"drain_pages":0.006,"enqueue":3.316,"evict":0.281,"player_chunk":0.013,"prune":0.003,"publish":0.003,"queue_pages":7.208,"spawn":0.001,"wrap":0.008}
STREAMING_STEP_TIMING total=10.80ms {"drain_packets":0.005,"drain_pages":0.004,"enqueue":3.299,"evict":0.285,"player_chunk":0.012,"prune":0.003,"publish":0.004,"queue_pages":7.182,"spawn":0.002,"wrap":0.007}
STREAMING_STEP_TIMING total=10.85ms {"drain_packets":0.005,"drain_pages":0.004,"enqueue":3.356,"evict":0.282,"player_chunk":0.016,"prune":0.002,"publish":0.003,"queue_pages":7.174,"spawn":0.001,"wrap":0.006}
STREAMING_STEP_TIMING total=11.05ms {"drain_packets":0.007,"drain_pages":0.005,"enqueue":3.288,"evict":0.346,"player_chunk":0.013,"prune":0.003,"publish":0.005,"queue_pages":7.374,"spawn":0.002,"wrap":0.008}
STREAMING_STEP_TIMING total=12.93ms {"drain_packets":0.005,"drain_pages":0.005,"enqueue":4.049,"evict":0.347,"player_chunk":0.017,"prune":0.002,"publish":0.005,"queue_pages":8.488,"spawn":0.002,"wrap":0.009}
STREAMING_STEP_TIMING total=12.95ms {"drain_packets":0.006,"drain_pages":0.005,"enqueue":4.071,"evict":0.367,"player_chunk":0.014,"prune":0.002,"publish":0.006,"queue_pages":8.47,"spawn":0.002,"wrap":0.009}
STREAMING_STEP_TIMING total=12.80ms {"drain_packets":0.007,"drain_pages":0.005,"enqueue":4.09,"evict":0.348,"player_chunk":0.019,"prune":0.003,"publish":0.005,"queue_pages":8.307,"spawn":0.002,"wrap":0.011}
STREAMING_STEP_TIMING total=12.22ms {"drain_packets":0.006,"drain_pages":0.005,"enqueue":4.093,"evict":0.28,"player_chunk":0.014,"prune":0.002,"publish":0.003,"queue_pages":7.802,"spawn":0.002,"wrap":0.01}
STREAMING_STEP_TIMING total=10.90ms {"drain_packets":0.007,"drain_pages":0.005,"enqueue":3.3,"evict":0.281,"player_chunk":0.01,"prune":0.003,"publish":0.003,"queue_pages":7.283,"spawn":0.001,"wrap":0.008}
STREAMING_STEP_TIMING total=11.64ms {"drain_packets":0.005,"drain_pages":0.003,"enqueue":3.312,"evict":0.32,"player_chunk":0.013,"prune":0.002,"publish":0.005,"queue_pages":7.966,"spawn":0.001,"wrap":0.007}
STREAMING_STEP_TIMING total=10.97ms {"drain_packets":0.006,"drain_pages":0.005,"enqueue":3.329,"evict":0.279,"player_chunk":0.021,"prune":0.002,"publish":0.003,"queue_pages":7.313,"spawn":0.001,"wrap":0.006}
STREAMING_STEP_TIMING total=10.87ms {"drain_packets":0.008,"drain_pages":0.005,"enqueue":3.31,"evict":0.286,"player_chunk":0.011,"prune":0.003,"publish":0.004,"queue_pages":7.235,"spawn":0.001,"wrap":0.007}
STREAMING_STEP_TIMING total=11.19ms {"drain_packets":0.006,"drain_pages":0.004,"enqueue":3.294,"evict":0.308,"player_chunk":0.016,"prune":0.002,"publish":0.007,"queue_pages":7.54,"spawn":0.002,"wrap":0.009}
STREAMING_STEP_TIMING total=10.85ms {"drain_packets":0.006,"drain_pages":0.005,"enqueue":3.298,"evict":0.284,"player_chunk":0.013,"prune":0.002,"publish":0.004,"queue_pages":7.23,"spawn":0.002,"wrap":0.008}
STREAMING_STEP_TIMING total=10.98ms {"drain_packets":0.008,"drain_pages":0.005,"enqueue":3.479,"evict":0.28,"player_chunk":0.017,"prune":0.003,"publish":0.003,"queue_pages":7.173,"spawn":0.002,"wrap":0.009}
STREAMING_STEP_TIMING total=11.15ms {"drain_packets":0.005,"drain_pages":0.004,"enqueue":3.279,"evict":0.293,"player_chunk":0.013,"prune":0.002,"publish":0.006,"queue_pages":7.538,"spawn":0.001,"wrap":0.008}
STREAMING_STEP_TIMING total=11.07ms {"drain_packets":0.005,"drain_pages":0.005,"enqueue":3.305,"evict":0.296,"player_chunk":0.018,"prune":0.001,"publish":0.005,"queue_pages":7.42,"spawn":0.002,"wrap":0.009}
STREAMING_STEP_TIMING total=11.84ms {"drain_packets":0.007,"drain_pages":0.005,"enqueue":3.388,"evict":0.345,"player_chunk":0.014,"prune":0.004,"publish":0.004,"queue_pages":8.063,"spawn":0.002,"wrap":0.009}
STREAMING_STEP_TIMING total=12.95ms {"drain_packets":0.009,"drain_pages":0.006,"enqueue":4.144,"evict":0.349,"player_chunk":0.018,"prune":0.004,"publish":0.004,"queue_pages":8.4,"spawn":0.002,"wrap":0.007}
STREAMING_STEP_TIMING total=13.13ms {"drain_packets":0.007,"drain_pages":0.006,"enqueue":4.041,"evict":0.365,"player_chunk":0.015,"prune":0.002,"publish":0.007,"queue_pages":8.677,"spawn":0.002,"wrap":0.008}
STREAMING_STEP_TIMING total=13.12ms {"drain_packets":0.007,"drain_pages":0.005,"enqueue":4.065,"evict":0.354,"player_chunk":0.02,"prune":0.002,"publish":0.006,"queue_pages":8.65,"spawn":0.002,"wrap":0.01}
STREAMING_STEP_TIMING total=12.96ms {"drain_packets":0.006,"drain_pages":0.005,"enqueue":4.061,"evict":0.46,"player_chunk":0.015,"prune":0.002,"publish":0.005,"queue_pages":8.393,"spawn":0.002,"wrap":0.009}
STREAMING_STEP_TIMING total=10.70ms {"drain_packets":0.005,"drain_pages":0.005,"enqueue":3.288,"evict":0.277,"player_chunk":0.019,"prune":0.002,"publish":0.003,"queue_pages":7.088,"spawn":0.002,"wrap":0.011}
STREAMING_STEP_TIMING total=10.69ms {"drain_packets":0.007,"drain_pages":0.005,"enqueue":3.292,"evict":0.288,"player_chunk":0.011,"prune":0.003,"publish":0.004,"queue_pages":7.074,"spawn":0.002,"wrap":0.006}
STREAMING_STEP_TIMING total=10.80ms {"drain_packets":0.005,"drain_pages":0.004,"enqueue":3.29,"evict":0.284,"player_chunk":0.017,"prune":0.002,"publish":0.003,"queue_pages":7.177,"spawn":0.002,"wrap":0.009}
STREAMING_STEP_TIMING total=10.79ms {"drain_packets":0.006,"drain_pages":0.003,"enqueue":3.282,"evict":0.283,"player_chunk":0.012,"prune":0.002,"publish":0.003,"queue_pages":7.186,"spawn":0.002,"wrap":0.008}
STREAMING_STEP_TIMING total=10.69ms {"drain_packets":0.005,"drain_pages":0.005,"enqueue":3.298,"evict":0.294,"player_chunk":0.011,"prune":0.003,"publish":0.003,"queue_pages":7.059,"spawn":0.001,"wrap":0.005}
STREAMING_STEP_TIMING total=10.77ms {"drain_packets":0.006,"drain_pages":0.004,"enqueue":3.31,"evict":0.29,"player_chunk":0.013,"prune":0.003,"publish":0.005,"queue_pages":7.123,"spawn":0.002,"wrap":0.008}
STREAMING_STEP_TIMING total=10.94ms {"drain_packets":0.006,"drain_pages":0.005,"enqueue":3.295,"evict":0.287,"player_chunk":0.018,"prune":0.001,"publish":0.004,"queue_pages":7.307,"spawn":0.002,"wrap":0.009}
STREAMING_STEP_TIMING total=10.82ms {"drain_packets":0.007,"drain_pages":0.005,"enqueue":3.293,"evict":0.29,"player_chunk":0.014,"prune":0.003,"publish":0.003,"queue_pages":7.191,"spawn":0.001,"wrap":0.008}
STREAMING_STEP_TIMING total=10.89ms {"drain_packets":0.005,"drain_pages":0.005,"enqueue":3.311,"evict":0.3,"player_chunk":0.015,"prune":0.002,"publish":0.005,"queue_pages":7.234,"spawn":0.002,"wrap":0.009}
STREAMING_STEP_TIMING total=10.81ms {"drain_packets":0.007,"drain_pages":0.005,"enqueue":3.286,"evict":0.283,"player_chunk":0.015,"prune":0.001,"publish":0.003,"queue_pages":7.197,"spawn":0.002,"wrap":0.007}
STREAMING_STEP_TIMING total=10.90ms {"drain_packets":0.006,"drain_pages":0.004,"enqueue":3.321,"evict":0.279,"player_chunk":0.015,"prune":0.004,"publish":0.003,"queue_pages":7.255,"spawn":0.001,"wrap":0.009}
STREAMING_STEP_TIMING total=10.67ms {"drain_packets":0.005,"drain_pages":0.003,"enqueue":3.267,"evict":0.296,"player_chunk":0.013,"prune":0.003,"publish":0.005,"queue_pages":7.07,"spawn":0.002,"wrap":0.008}
STREAMING_STEP_TIMING total=10.73ms {"drain_packets":0.005,"drain_pages":0.005,"enqueue":3.302,"evict":0.279,"player_chunk":0.017,"prune":0.002,"publish":0.003,"queue_pages":7.11,"spawn":0.001,"wrap":0.006}
STREAMING_STEP_TIMING total=10.87ms {"drain_packets":0.006,"drain_pages":0.005,"enqueue":3.27,"evict":0.289,"player_chunk":0.01,"prune":0.002,"publish":0.004,"queue_pages":7.271,"spawn":0.001,"wrap":0.006}
STREAMING_STEP_TIMING total=10.86ms {"drain_packets":0.005,"drain_pages":0.004,"enqueue":3.317,"evict":0.292,"player_chunk":0.017,"prune":0.002,"publish":0.005,"queue_pages":7.206,"spawn":0.002,"wrap":0.008}
STREAMING_STEP_TIMING total=10.90ms {"drain_packets":0.006,"drain_pages":0.004,"enqueue":3.38,"evict":0.306,"player_chunk":0.013,"prune":0.002,"publish":0.006,"queue_pages":7.176,"spawn":0.002,"wrap":0.008}
STREAMING_STEP_TIMING total=10.97ms {"drain_packets":0.01,"drain_pages":0.005,"enqueue":3.339,"evict":0.292,"player_chunk":0.018,"prune":0.004,"publish":0.005,"queue_pages":7.288,"spawn":0.002,"wrap":0.009}
STREAMING_STEP_TIMING total=10.87ms {"drain_packets":0.008,"drain_pages":0.005,"enqueue":3.253,"evict":0.302,"player_chunk":0.014,"prune":0.003,"publish":0.005,"queue_pages":7.267,"spawn":0.002,"wrap":0.008}
STREAMING_STEP_TIMING total=10.65ms {"drain_packets":0.006,"drain_pages":0.004,"enqueue":3.25,"evict":0.283,"player_chunk":0.018,"prune":0.003,"publish":0.003,"queue_pages":7.072,"spawn":0.002,"wrap":0.009}
STREAMING_STEP_TIMING total=10.88ms {"drain_packets":0.009,"drain_pages":0.006,"enqueue":3.34,"evict":0.293,"player_chunk":0.014,"prune":0.004,"publish":0.006,"queue_pages":7.194,"spawn":0.002,"wrap":0.008}
STREAMING_STEP_TIMING total=10.83ms {"drain_packets":0.006,"drain_pages":0.005,"enqueue":3.307,"evict":0.293,"player_chunk":0.016,"prune":0.002,"publish":0.005,"queue_pages":7.191,"spawn":0.002,"wrap":0.006}
STREAMING_STEP_TIMING total=10.65ms {"drain_packets":0.006,"drain_pages":0.005,"enqueue":3.266,"evict":0.284,"player_chunk":0.013,"prune":0.002,"publish":0.003,"queue_pages":7.061,"spawn":0.002,"wrap":0.007}
STREAMING_STEP_TIMING total=11.96ms {"drain_packets":0.007,"drain_pages":0.005,"enqueue":3.451,"evict":0.345,"player_chunk":0.014,"prune":0.004,"publish":0.006,"queue_pages":8.114,"spawn":0.002,"wrap":0.009}
STREAMING_STEP_TIMING total=12.29ms {"drain_packets":0.007,"drain_pages":0.005,"enqueue":4.051,"evict":0.305,"player_chunk":0.016,"prune":0.002,"publish":0.006,"queue_pages":7.889,"spawn":0.002,"wrap":0.009}
STREAMING_STEP_TIMING total=10.69ms {"drain_packets":0.006,"drain_pages":0.004,"enqueue":3.258,"evict":0.293,"player_chunk":0.017,"prune":0.001,"publish":0.004,"queue_pages":7.093,"spawn":0.001,"wrap":0.01}
STREAMING_STEP_TIMING total=10.68ms {"drain_packets":0.006,"drain_pages":0.005,"enqueue":3.295,"evict":0.284,"player_chunk":0.014,"prune":0.002,"publish":0.003,"queue_pages":7.054,"spawn":0.002,"wrap":0.008}
STREAMING_STEP_TIMING total=10.92ms {"drain_packets":0.004,"drain_pages":0.003,"enqueue":3.294,"evict":0.295,"player_chunk":0.012,"prune":0.002,"publish":0.006,"queue_pages":7.293,"spawn":0.002,"wrap":0.006}
STREAMING_STEP_TIMING total=10.88ms {"drain_packets":0.005,"drain_pages":0.005,"enqueue":3.244,"evict":0.295,"player_chunk":0.014,"prune":0.002,"publish":0.004,"queue_pages":7.299,"spawn":0.002,"wrap":0.008}
STREAMING_STEP_TIMING total=10.84ms {"drain_packets":0.006,"drain_pages":0.004,"enqueue":3.34,"evict":0.279,"player_chunk":0.017,"prune":0.002,"publish":0.003,"queue_pages":7.178,"spawn":0.002,"wrap":0.006}
STREAMING_STEP_TIMING total=12.79ms {"drain_packets":0.01,"drain_pages":0.006,"enqueue":3.641,"evict":0.348,"player_chunk":0.012,"prune":0.004,"publish":0.005,"queue_pages":8.751,"spawn":0.002,"wrap":0.007}
STREAMING_STEP_TIMING total=13.28ms {"drain_packets":0.005,"drain_pages":0.005,"enqueue":4.098,"evict":0.35,"player_chunk":0.019,"prune":0.003,"publish":0.006,"queue_pages":8.777,"spawn":0.002,"wrap":0.01}
STREAMING_STEP_TIMING total=13.22ms {"drain_packets":0.007,"drain_pages":0.005,"enqueue":4.055,"evict":0.351,"player_chunk":0.015,"prune":0.002,"publish":0.005,"queue_pages":8.763,"spawn":0.001,"wrap":0.009}
STREAMING_STEP_TIMING total=12.75ms {"drain_packets":0.006,"drain_pages":0.004,"enqueue":4.067,"evict":0.29,"player_chunk":0.018,"prune":0.002,"publish":0.005,"queue_pages":8.343,"spawn":0.002,"wrap":0.01}
STREAMING_STEP_TIMING total=10.80ms {"drain_packets":0.008,"drain_pages":0.004,"enqueue":3.372,"evict":0.28,"player_chunk":0.013,"prune":0.002,"publish":0.003,"queue_pages":7.101,"spawn":0.002,"wrap":0.008}
STREAMING_STEP_TIMING total=10.92ms {"drain_packets":0.008,"drain_pages":0.006,"enqueue":3.274,"evict":0.301,"player_chunk":0.02,"prune":0.002,"publish":0.006,"queue_pages":7.291,"spawn":0.003,"wrap":0.011}
STREAMING_STEP_TIMING total=11.12ms {"drain_packets":0.006,"drain_pages":0.005,"enqueue":3.284,"evict":0.301,"player_chunk":0.013,"prune":0.002,"publish":0.006,"queue_pages":7.487,"spawn":0.002,"wrap":0.008}
STREAMING_STEP_TIMING total=11.77ms {"drain_packets":0.006,"drain_pages":0.005,"enqueue":3.285,"evict":0.441,"player_chunk":0.017,"prune":0.003,"publish":0.006,"queue_pages":7.996,"spawn":0.002,"wrap":0.006}
STREAMING_STEP_TIMING total=16.92ms {"drain_packets":0.013,"drain_pages":0.008,"enqueue":5.263,"evict":0.452,"player_chunk":0.018,"prune":0.006,"publish":0.008,"queue_pages":11.138,"spawn":0.003,"wrap":0.012}
STREAMING_STEP_TIMING total=15.16ms {"drain_packets":0.012,"drain_pages":0.007,"enqueue":5.266,"evict":0.351,"player_chunk":0.024,"prune":0.006,"publish":0.006,"queue_pages":9.472,"spawn":0.002,"wrap":0.013}
STREAMING_STEP_TIMING total=14.25ms {"drain_packets":0.012,"drain_pages":0.007,"enqueue":4.139,"evict":0.47,"player_chunk":0.016,"prune":0.005,"publish":0.007,"queue_pages":9.585,"spawn":0.002,"wrap":0.008}
STREAMING_STEP_TIMING total=15.35ms {"drain_packets":0.011,"drain_pages":0.007,"enqueue":5.178,"evict":0.363,"player_chunk":0.024,"prune":0.006,"publish":0.005,"queue_pages":9.735,"spawn":0.003,"wrap":0.013}
STREAMING_STEP_TIMING total=13.19ms {"drain_packets":0.01,"drain_pages":0.007,"enqueue":4.142,"evict":0.382,"player_chunk":0.015,"prune":0.004,"publish":0.006,"queue_pages":8.614,"spawn":0.002,"wrap":0.009}
STREAMING_STEP_TIMING total=11.02ms {"drain_packets":0.006,"drain_pages":0.004,"enqueue":3.273,"evict":0.298,"player_chunk":0.016,"prune":0.002,"publish":0.006,"queue_pages":7.405,"spawn":0.002,"wrap":0.006}
STREAMING_STEP_TIMING total=11.23ms {"drain_packets":0.008,"drain_pages":0.005,"enqueue":3.51,"evict":0.294,"player_chunk":0.014,"prune":0.003,"publish":0.004,"queue_pages":7.382,"spawn":0.002,"wrap":0.008}
STREAMING_STEP_TIMING total=11.03ms {"drain_packets":0.008,"drain_pages":0.005,"enqueue":3.343,"evict":0.291,"player_chunk":0.02,"prune":0.003,"publish":0.004,"queue_pages":7.339,"spawn":0.001,"wrap":0.01}
STREAMING_STEP_TIMING total=11.20ms {"drain_packets":0.006,"drain_pages":0.004,"enqueue":3.3,"evict":0.303,"player_chunk":0.013,"prune":0.002,"publish":0.006,"queue_pages":7.559,"spawn":0.002,"wrap":0.007}
STREAMING_STEP_TIMING total=10.78ms {"drain_packets":0.005,"drain_pages":0.005,"enqueue":3.284,"evict":0.312,"player_chunk":0.017,"prune":0.001,"publish":0.002,"queue_pages":7.139,"spawn":0.001,"wrap":0.009}
STREAMING_STEP_TIMING total=11.19ms {"drain_packets":0.007,"drain_pages":0.005,"enqueue":3.49,"evict":0.278,"player_chunk":0.012,"prune":0.004,"publish":0.004,"queue_pages":7.383,"spawn":0.002,"wrap":0.007}
STREAMING_STEP_TIMING total=10.92ms {"drain_packets":0.005,"drain_pages":0.003,"enqueue":3.301,"evict":0.295,"player_chunk":0.016,"prune":0.002,"publish":0.005,"queue_pages":7.287,"spawn":0.002,"wrap":0.005}
STREAMING_STEP_TIMING total=10.88ms {"drain_packets":0.006,"drain_pages":0.004,"enqueue":3.288,"evict":0.296,"player_chunk":0.013,"prune":0.002,"publish":0.004,"queue_pages":7.252,"spawn":0.001,"wrap":0.008}
STREAMING_STEP_TIMING total=10.82ms {"drain_packets":0.007,"drain_pages":0.005,"enqueue":3.325,"evict":0.281,"player_chunk":0.017,"prune":0.004,"publish":0.002,"queue_pages":7.164,"spawn":0.001,"wrap":0.011}
STREAMING_STEP_TIMING total=11.90ms {"drain_packets":0.004,"drain_pages":0.004,"enqueue":3.316,"evict":0.355,"player_chunk":0.013,"prune":0.002,"publish":0.006,"queue_pages":8.184,"spawn":0.002,"wrap":0.007}
STREAMING_STEP_TIMING total=12.86ms {"drain_packets":0.007,"drain_pages":0.004,"enqueue":4.058,"evict":0.359,"player_chunk":0.02,"prune":0.002,"publish":0.007,"queue_pages":8.385,"spawn":0.002,"wrap":0.012}
STREAMING_STEP_TIMING total=13.10ms {"drain_packets":0.007,"drain_pages":0.005,"enqueue":4.274,"evict":0.3,"player_chunk":0.016,"prune":0.003,"publish":0.006,"queue_pages":8.477,"spawn":0.002,"wrap":0.009}
STREAMING_STEP_TIMING total=10.75ms {"drain_packets":0.006,"drain_pages":0.005,"enqueue":3.256,"evict":0.28,"player_chunk":0.018,"prune":0.002,"publish":0.003,"queue_pages":7.159,"spawn":0.002,"wrap":0.015}
STREAMING_STEP_TIMING total=11.39ms {"drain_packets":0.009,"drain_pages":0.004,"enqueue":3.407,"evict":0.29,"player_chunk":0.011,"prune":0.004,"publish":0.005,"queue_pages":7.645,"spawn":0.002,"wrap":0.006}
STREAMING_STEP_TIMING total=10.82ms {"drain_packets":0.006,"drain_pages":0.004,"enqueue":3.287,"evict":0.299,"player_chunk":0.027,"prune":0.002,"publish":0.005,"queue_pages":7.178,"spawn":0.002,"wrap":0.005}
STREAMING_STEP_TIMING total=11.10ms {"drain_packets":0.008,"drain_pages":0.005,"enqueue":3.385,"evict":0.285,"player_chunk":0.014,"prune":0.003,"publish":0.004,"queue_pages":7.379,"spawn":0.002,"wrap":0.009}
STREAMING_STEP_TIMING total=10.89ms {"drain_packets":0.009,"drain_pages":0.006,"enqueue":3.394,"evict":0.288,"player_chunk":0.017,"prune":0.005,"publish":0.004,"queue_pages":7.157,"spawn":0.002,"wrap":0.009}
STREAMING_STEP_TIMING total=10.82ms {"drain_packets":0.006,"drain_pages":0.005,"enqueue":3.267,"evict":0.298,"player_chunk":0.014,"prune":0.002,"publish":0.005,"queue_pages":7.209,"spawn":0.002,"wrap":0.007}
STREAMING_STEP_TIMING total=10.92ms {"drain_packets":0.006,"drain_pages":0.005,"enqueue":3.26,"evict":0.299,"player_chunk":0.018,"prune":0.002,"publish":0.004,"queue_pages":7.313,"spawn":0.003,"wrap":0.009}
STREAMING_STEP_TIMING total=10.88ms {"drain_packets":0.01,"drain_pages":0.005,"enqueue":3.339,"evict":0.294,"player_chunk":0.014,"prune":0.004,"publish":0.005,"queue_pages":7.197,"spawn":0.002,"wrap":0.007}
STREAMING_STEP_TIMING total=10.84ms {"drain_packets":0.006,"drain_pages":0.005,"enqueue":3.294,"evict":0.297,"player_chunk":0.017,"prune":0.002,"publish":0.005,"queue_pages":7.2,"spawn":0.001,"wrap":0.01}
STREAMING_STEP_TIMING total=10.77ms {"drain_packets":0.006,"drain_pages":0.004,"enqueue":3.301,"evict":0.288,"player_chunk":0.013,"prune":0.002,"publish":0.004,"queue_pages":7.134,"spawn":0.003,"wrap":0.008}
STREAMING_STEP_TIMING total=10.96ms {"drain_packets":0.01,"drain_pages":0.006,"enqueue":3.432,"evict":0.358,"player_chunk":0.016,"prune":0.005,"publish":0.005,"queue_pages":7.116,"spawn":0.002,"wrap":0.006}
STREAMING_STEP_TIMING total=10.84ms {"drain_packets":0.007,"drain_pages":0.005,"enqueue":3.321,"evict":0.29,"player_chunk":0.013,"prune":0.002,"publish":0.005,"queue_pages":7.186,"spawn":0.001,"wrap":0.008}
STREAMING_STEP_TIMING total=10.76ms {"drain_packets":0.006,"drain_pages":0.005,"enqueue":3.28,"evict":0.284,"player_chunk":0.018,"prune":0.002,"publish":0.004,"queue_pages":7.142,"spawn":0.002,"wrap":0.011}
STREAMING_STEP_TIMING total=10.95ms {"drain_packets":0.009,"drain_pages":0.006,"enqueue":3.425,"evict":0.295,"player_chunk":0.014,"prune":0.005,"publish":0.004,"queue_pages":7.18,"spawn":0.002,"wrap":0.008}
STREAMING_STEP_TIMING total=10.82ms {"drain_packets":0.006,"drain_pages":0.004,"enqueue":3.255,"evict":0.293,"player_chunk":0.017,"prune":0.002,"publish":0.004,"queue_pages":7.223,"spawn":0.002,"wrap":0.009}
STREAMING_STEP_TIMING total=10.78ms {"drain_packets":0.007,"drain_pages":0.005,"enqueue":3.335,"evict":0.287,"player_chunk":0.013,"prune":0.003,"publish":0.004,"queue_pages":7.114,"spawn":0.002,"wrap":0.008}
STREAMING_STEP_TIMING total=10.77ms {"drain_packets":0.006,"drain_pages":0.005,"enqueue":3.287,"evict":0.284,"player_chunk":0.018,"prune":0.003,"publish":0.004,"queue_pages":7.145,"spawn":0.007,"wrap":0.013}
STREAMING_STEP_TIMING total=10.75ms {"drain_packets":0.005,"drain_pages":0.004,"enqueue":3.263,"evict":0.298,"player_chunk":0.013,"prune":0.002,"publish":0.004,"queue_pages":7.153,"spawn":0.001,"wrap":0.008}
STREAMING_STEP_TIMING total=10.92ms {"drain_packets":0.005,"drain_pages":0.004,"enqueue":3.342,"evict":0.277,"player_chunk":0.015,"prune":0.002,"publish":0.003,"queue_pages":7.263,"spawn":0.002,"wrap":0.006}
STREAMING_STEP_TIMING total=10.79ms {"drain_packets":0.008,"drain_pages":0.005,"enqueue":3.345,"evict":0.288,"player_chunk":0.014,"prune":0.003,"publish":0.004,"queue_pages":7.111,"spawn":0.001,"wrap":0.008}
STREAMING_STEP_TIMING total=10.94ms {"drain_packets":0.005,"drain_pages":0.005,"enqueue":3.288,"evict":0.297,"player_chunk":0.017,"prune":0.002,"publish":0.006,"queue_pages":7.306,"spawn":0.001,"wrap":0.009}
STREAMING_STEP_TIMING total=10.79ms {"drain_packets":0.006,"drain_pages":0.004,"enqueue":3.269,"evict":0.303,"player_chunk":0.014,"prune":0.001,"publish":0.004,"queue_pages":7.18,"spawn":0.002,"wrap":0.007}
STREAMING_STEP_TIMING total=11.15ms {"drain_packets":0.007,"drain_pages":0.005,"enqueue":3.34,"evict":0.289,"player_chunk":0.017,"prune":0.003,"publish":0.004,"queue_pages":7.47,"spawn":0.001,"wrap":0.009}
STREAMING_STEP_TIMING total=11.07ms {"drain_packets":0.005,"drain_pages":0.004,"enqueue":3.311,"evict":0.292,"player_chunk":0.013,"prune":0.002,"publish":0.005,"queue_pages":7.425,"spawn":0.002,"wrap":0.007}
STREAMING_STEP_TIMING total=10.76ms {"drain_packets":0.006,"drain_pages":0.003,"enqueue":3.281,"evict":0.29,"player_chunk":0.017,"prune":0.002,"publish":0.004,"queue_pages":7.14,"spawn":0.001,"wrap":0.01}
STREAMING_STEP_TIMING total=10.80ms {"drain_packets":0.007,"drain_pages":0.004,"enqueue":3.34,"evict":0.287,"player_chunk":0.025,"prune":0.003,"publish":0.003,"queue_pages":7.112,"spawn":0.002,"wrap":0.012}
STREAMING_STEP_TIMING total=11.06ms {"drain_packets":0.004,"drain_pages":0.003,"enqueue":3.293,"evict":0.293,"player_chunk":0.014,"prune":0.002,"publish":0.005,"queue_pages":7.44,"spawn":0.001,"wrap":0.006}
[FrameBudget] streaming=11.7ms topology=0.0ms visual=0.0ms spawn=0.0ms total=11.7ms/6.0ms world.streaming_v0=11.7ms(60)
STREAMING_STEP_TIMING total=10.99ms {"drain_packets":0.005,"drain_pages":0.004,"enqueue":3.322,"evict":0.296,"player_chunk":0.013,"prune":0.002,"publish":0.006,"queue_pages":7.334,"spawn":0.002,"wrap":0.008}
STREAMING_STEP_TIMING total=11.00ms {"drain_packets":0.007,"drain_pages":0.005,"enqueue":3.357,"evict":0.287,"player_chunk":0.017,"prune":0.003,"publish":0.004,"queue_pages":7.306,"spawn":0.002,"wrap":0.01}
STREAMING_STEP_TIMING total=10.94ms {"drain_packets":0.008,"drain_pages":0.006,"enqueue":3.318,"evict":0.292,"player_chunk":0.013,"prune":0.004,"publish":0.004,"queue_pages":7.284,"spawn":0.002,"wrap":0.007}
STREAMING_STEP_TIMING total=11.01ms {"drain_packets":0.005,"drain_pages":0.003,"enqueue":3.307,"evict":0.299,"player_chunk":0.016,"prune":0.001,"publish":0.005,"queue_pages":7.362,"spawn":0.002,"wrap":0.01}
STREAMING_STEP_TIMING total=10.91ms {"drain_packets":0.006,"drain_pages":0.004,"enqueue":3.285,"evict":0.299,"player_chunk":0.013,"prune":0.002,"publish":0.003,"queue_pages":7.284,"spawn":0.002,"wrap":0.008}
STREAMING_STEP_TIMING total=11.19ms {"drain_packets":0.012,"drain_pages":0.006,"enqueue":3.701,"evict":0.279,"player_chunk":0.011,"prune":0.006,"publish":0.004,"queue_pages":7.161,"spawn":0.001,"wrap":0.006}
STREAMING_STEP_TIMING total=10.89ms {"drain_packets":0.005,"drain_pages":0.004,"enqueue":3.279,"evict":0.297,"player_chunk":0.014,"prune":0.002,"publish":0.005,"queue_pages":7.27,"spawn":0.002,"wrap":0.008}
STREAMING_STEP_TIMING total=11.00ms {"drain_packets":0.006,"drain_pages":0.005,"enqueue":3.319,"evict":0.326,"player_chunk":0.016,"prune":0.002,"publish":0.004,"queue_pages":7.315,"spawn":0.002,"wrap":0.005}
STREAMING_STEP_TIMING total=10.98ms {"drain_packets":0.008,"drain_pages":0.006,"enqueue":3.348,"evict":0.292,"player_chunk":0.014,"prune":0.003,"publish":0.005,"queue_pages":7.293,"spawn":0.002,"wrap":0.008}
STREAMING_STEP_TIMING total=10.85ms {"drain_packets":0.006,"drain_pages":0.004,"enqueue":3.348,"evict":0.304,"player_chunk":0.016,"prune":0.002,"publish":0.006,"queue_pages":7.152,"spawn":0.001,"wrap":0.01}
STREAMING_STEP_TIMING total=10.73ms {"drain_packets":0.006,"drain_pages":0.004,"enqueue":3.246,"evict":0.294,"player_chunk":0.013,"prune":0.002,"publish":0.004,"queue_pages":7.148,"spawn":0.002,"wrap":0.008}
STREAMING_STEP_TIMING total=10.81ms {"drain_packets":0.007,"drain_pages":0.006,"enqueue":3.314,"evict":0.283,"player_chunk":0.017,"prune":0.002,"publish":0.004,"queue_pages":7.166,"spawn":0.002,"wrap":0.009}
STREAMING_STEP_TIMING total=10.87ms {"drain_packets":0.005,"drain_pages":0.005,"enqueue":3.343,"evict":0.296,"player_chunk":0.021,"prune":0.002,"publish":0.005,"queue_pages":7.175,"spawn":0.003,"wrap":0.016}
STREAMING_STEP_TIMING total=10.72ms {"drain_packets":0.005,"drain_pages":0.005,"enqueue":3.296,"evict":0.286,"player_chunk":0.016,"prune":0.002,"publish":0.002,"queue_pages":7.094,"spawn":0.001,"wrap":0.01}
STREAMING_STEP_TIMING total=10.96ms {"drain_packets":0.008,"drain_pages":0.005,"enqueue":3.317,"evict":0.281,"player_chunk":0.014,"prune":0.003,"publish":0.004,"queue_pages":7.317,"spawn":0.002,"wrap":0.007}
STREAMING_STEP_TIMING total=10.70ms {"drain_packets":0.004,"drain_pages":0.003,"enqueue":3.262,"evict":0.286,"player_chunk":0.014,"prune":0.001,"publish":0.004,"queue_pages":7.12,"spawn":0.001,"wrap":0.006}
STREAMING_STEP_TIMING total=10.73ms {"drain_packets":0.007,"drain_pages":0.005,"enqueue":3.361,"evict":0.284,"player_chunk":0.013,"prune":0.004,"publish":0.004,"queue_pages":7.04,"spawn":0.002,"wrap":0.008}
STREAMING_STEP_TIMING total=10.83ms {"drain_packets":0.006,"drain_pages":0.004,"enqueue":3.28,"evict":0.305,"player_chunk":0.018,"prune":0.002,"publish":0.007,"queue_pages":7.194,"spawn":0.002,"wrap":0.011}
STREAMING_STEP_TIMING total=10.98ms {"drain_packets":0.005,"drain_pages":0.005,"enqueue":3.266,"evict":0.293,"player_chunk":0.014,"prune":0.002,"publish":0.003,"queue_pages":7.38,"spawn":0.002,"wrap":0.008}
STREAMING_STEP_TIMING total=11.00ms {"drain_packets":0.005,"drain_pages":0.005,"enqueue":3.33,"evict":0.293,"player_chunk":0.017,"prune":0.002,"publish":0.004,"queue_pages":7.332,"spawn":0.002,"wrap":0.009}
STREAMING_STEP_TIMING total=10.78ms {"drain_packets":0.007,"drain_pages":0.005,"enqueue":3.331,"evict":0.287,"player_chunk":0.013,"prune":0.002,"publish":0.003,"queue_pages":7.121,"spawn":0.002,"wrap":0.008}
STREAMING_STEP_TIMING total=10.75ms {"drain_packets":0.005,"drain_pages":0.003,"enqueue":3.268,"evict":0.312,"player_chunk":0.014,"prune":0.001,"publish":0.004,"queue_pages":7.128,"spawn":0.001,"wrap":0.008}
STREAMING_STEP_TIMING total=10.81ms {"drain_packets":0.005,"drain_pages":0.004,"enqueue":3.269,"evict":0.296,"player_chunk":0.013,"prune":0.002,"publish":0.005,"queue_pages":7.208,"spawn":0.002,"wrap":0.008}
STREAMING_STEP_TIMING total=10.75ms {"drain_packets":0.006,"drain_pages":0.005,"enqueue":3.299,"evict":0.279,"player_chunk":0.02,"prune":0.002,"publish":0.003,"queue_pages":7.125,"spawn":0.002,"wrap":0.011}
STREAMING_STEP_TIMING total=10.82ms {"drain_packets":0.006,"drain_pages":0.004,"enqueue":3.27,"evict":0.292,"player_chunk":0.011,"prune":0.003,"publish":0.005,"queue_pages":7.219,"spawn":0.002,"wrap":0.007}
STREAMING_STEP_TIMING total=10.70ms {"drain_packets":0.005,"drain_pages":0.004,"enqueue":3.254,"evict":0.296,"player_chunk":0.016,"prune":0.002,"publish":0.006,"queue_pages":7.108,"spawn":0.002,"wrap":0.009}
STREAMING_STEP_TIMING total=10.74ms {"drain_packets":0.005,"drain_pages":0.005,"enqueue":3.294,"evict":0.279,"player_chunk":0.014,"prune":0.002,"publish":0.002,"queue_pages":7.131,"spawn":0.002,"wrap":0.007}
STREAMING_STEP_TIMING total=10.97ms {"drain_packets":0.005,"drain_pages":0.006,"enqueue":3.296,"evict":0.32,"player_chunk":0.01,"prune":0.002,"publish":0.007,"queue_pages":7.312,"spawn":0.001,"wrap":0.007}
STREAMING_STEP_TIMING total=10.77ms {"drain_packets":0.005,"drain_pages":0.004,"enqueue":3.262,"evict":0.297,"player_chunk":0.012,"prune":0.002,"publish":0.004,"queue_pages":7.168,"spawn":0.002,"wrap":0.008}
STREAMING_STEP_TIMING total=12.71ms {"drain_packets":0.012,"drain_pages":0.006,"enqueue":5.186,"evict":0.286,"player_chunk":0.016,"prune":0.006,"publish":0.003,"queue_pages":7.183,"spawn":0.002,"wrap":0.011}
STREAMING_STEP_TIMING total=11.02ms {"drain_packets":0.01,"drain_pages":0.005,"enqueue":3.359,"evict":0.302,"player_chunk":0.014,"prune":0.004,"publish":0.006,"queue_pages":7.306,"spawn":0.002,"wrap":0.008}
STREAMING_STEP_TIMING total=11.08ms {"drain_packets":0.006,"drain_pages":0.005,"enqueue":3.341,"evict":0.298,"player_chunk":0.017,"prune":0.002,"publish":0.006,"queue_pages":7.392,"spawn":0.002,"wrap":0.007}
STREAMING_STEP_TIMING total=10.74ms {"drain_packets":0.007,"drain_pages":0.005,"enqueue":3.271,"evict":0.3,"player_chunk":0.013,"prune":0.002,"publish":0.005,"queue_pages":7.128,"spawn":0.002,"wrap":0.008}
STREAMING_STEP_TIMING total=10.86ms {"drain_packets":0.008,"drain_pages":0.005,"enqueue":3.409,"evict":0.308,"player_chunk":0.021,"prune":0.005,"publish":0.004,"queue_pages":7.081,"spawn":0.002,"wrap":0.011}
STREAMING_STEP_TIMING total=10.84ms {"drain_packets":0.009,"drain_pages":0.005,"enqueue":3.309,"evict":0.295,"player_chunk":0.014,"prune":0.003,"publish":0.006,"queue_pages":7.187,"spawn":0.002,"wrap":0.007}
STREAMING_STEP_TIMING total=10.80ms {"drain_packets":0.006,"drain_pages":0.005,"enqueue":3.274,"evict":0.294,"player_chunk":0.017,"prune":0.002,"publish":0.005,"queue_pages":7.186,"spawn":0.002,"wrap":0.009}
STREAMING_STEP_TIMING total=10.80ms {"drain_packets":0.007,"drain_pages":0.006,"enqueue":3.326,"evict":0.31,"player_chunk":0.015,"prune":0.002,"publish":0.003,"queue_pages":7.119,"spawn":0.001,"wrap":0.009}
STREAMING_STEP_TIMING total=10.82ms {"drain_packets":0.005,"drain_pages":0.003,"enqueue":3.293,"evict":0.295,"player_chunk":0.011,"prune":0.002,"publish":0.005,"queue_pages":7.2,"spawn":0.001,"wrap":0.008}
STREAMING_STEP_TIMING total=10.81ms {"drain_packets":0.005,"drain_pages":0.005,"enqueue":3.257,"evict":0.289,"player_chunk":0.014,"prune":0.002,"publish":0.005,"queue_pages":7.225,"spawn":0.002,"wrap":0.007}
STREAMING_STEP_TIMING total=10.73ms {"drain_packets":0.007,"drain_pages":0.004,"enqueue":3.278,"evict":0.278,"player_chunk":0.015,"prune":0.003,"publish":0.003,"queue_pages":7.132,"spawn":0.002,"wrap":0.005}
STREAMING_STEP_TIMING total=10.72ms {"drain_packets":0.004,"drain_pages":0.004,"enqueue":3.256,"evict":0.291,"player_chunk":0.012,"prune":0.003,"publish":0.005,"queue_pages":7.135,"spawn":0.002,"wrap":0.007}
STREAMING_STEP_TIMING total=10.69ms {"drain_packets":0.006,"drain_pages":0.004,"enqueue":3.28,"evict":0.286,"player_chunk":0.017,"prune":0.002,"publish":0.005,"queue_pages":7.076,"spawn":0.001,"wrap":0.009}
STREAMING_STEP_TIMING total=10.80ms {"drain_packets":0.008,"drain_pages":0.005,"enqueue":3.268,"evict":0.306,"player_chunk":0.013,"prune":0.003,"publish":0.004,"queue_pages":7.183,"spawn":0.002,"wrap":0.007}
STREAMING_STEP_TIMING total=11.17ms {"drain_packets":0.005,"drain_pages":0.005,"enqueue":3.331,"evict":0.289,"player_chunk":0.022,"prune":0.002,"publish":0.005,"queue_pages":7.497,"spawn":0.002,"wrap":0.015}
STREAMING_STEP_TIMING total=10.77ms {"drain_packets":0.006,"drain_pages":0.005,"enqueue":3.336,"evict":0.293,"player_chunk":0.014,"prune":0.003,"publish":0.005,"queue_pages":7.101,"spawn":0.001,"wrap":0.008}
STREAMING_STEP_TIMING total=11.17ms {"drain_packets":0.009,"drain_pages":0.005,"enqueue":3.746,"evict":0.283,"player_chunk":0.029,"prune":0.005,"publish":0.004,"queue_pages":7.06,"spawn":0.005,"wrap":0.021}
STREAMING_STEP_TIMING total=10.98ms {"drain_packets":0.007,"drain_pages":0.006,"enqueue":3.311,"evict":0.286,"player_chunk":0.013,"prune":0.003,"publish":0.004,"queue_pages":7.342,"spawn":0.002,"wrap":0.008}
STREAMING_STEP_TIMING total=10.85ms {"drain_packets":0.005,"drain_pages":0.004,"enqueue":3.297,"evict":0.296,"player_chunk":0.015,"prune":0.002,"publish":0.005,"queue_pages":7.215,"spawn":0.002,"wrap":0.005}
STREAMING_STEP_TIMING total=10.75ms {"drain_packets":0.005,"drain_pages":0.005,"enqueue":3.31,"evict":0.288,"player_chunk":0.013,"prune":0.002,"publish":0.003,"queue_pages":7.116,"spawn":0.001,"wrap":0.008}
STREAMING_STEP_TIMING total=11.37ms {"drain_packets":0.005,"drain_pages":0.004,"enqueue":3.295,"evict":0.298,"player_chunk":0.015,"prune":0.003,"publish":0.005,"queue_pages":7.733,"spawn":0.002,"wrap":0.008}
STREAMING_STEP_TIMING total=10.86ms {"drain_packets":0.006,"drain_pages":0.004,"enqueue":3.305,"evict":0.3,"player_chunk":0.014,"prune":0.002,"publish":0.005,"queue_pages":7.208,"spawn":0.002,"wrap":0.008}
STREAMING_STEP_TIMING total=13.45ms {"drain_packets":0.01,"drain_pages":0.006,"enqueue":4.399,"evict":0.307,"player_chunk":0.016,"prune":0.004,"publish":0.006,"queue_pages":8.686,"spawn":0.002,"wrap":0.009}
STREAMING_STEP_TIMING total=10.91ms {"drain_packets":0.008,"drain_pages":0.006,"enqueue":3.349,"evict":0.288,"player_chunk":0.014,"prune":0.004,"publish":0.003,"queue_pages":7.23,"spawn":0.002,"wrap":0.009}
STREAMING_STEP_TIMING total=10.81ms {"drain_packets":0.005,"drain_pages":0.003,"enqueue":3.324,"evict":0.287,"player_chunk":0.017,"prune":0.001,"publish":0.004,"queue_pages":7.153,"spawn":0.002,"wrap":0.009}
STREAMING_STEP_TIMING total=10.88ms {"drain_packets":0.005,"drain_pages":0.005,"enqueue":3.315,"evict":0.299,"player_chunk":0.013,"prune":0.002,"publish":0.006,"queue_pages":7.224,"spawn":0.002,"wrap":0.008}
STREAMING_STEP_TIMING total=10.68ms {"drain_packets":0.007,"drain_pages":0.004,"enqueue":3.3,"evict":0.277,"player_chunk":0.017,"prune":0.003,"publish":0.003,"queue_pages":7.053,"spawn":0.002,"wrap":0.007}
STREAMING_STEP_TIMING total=11.24ms {"drain_packets":0.008,"drain_pages":0.005,"enqueue":3.335,"evict":0.302,"player_chunk":0.013,"prune":0.004,"publish":0.006,"queue_pages":7.56,"spawn":0.001,"wrap":0.007}
STREAMING_STEP_TIMING total=11.22ms {"drain_packets":0.006,"drain_pages":0.004,"enqueue":3.29,"evict":0.301,"player_chunk":0.017,"prune":0.002,"publish":0.006,"queue_pages":7.582,"spawn":0.002,"wrap":0.009}
STREAMING_STEP_TIMING total=10.76ms {"drain_packets":0.005,"drain_pages":0.005,"enqueue":3.283,"evict":0.28,"player_chunk":0.013,"prune":0.002,"publish":0.003,"queue_pages":7.163,"spawn":0.002,"wrap":0.007}
STREAMING_STEP_TIMING total=10.82ms {"drain_packets":0.007,"drain_pages":0.005,"enqueue":3.324,"evict":0.295,"player_chunk":0.011,"prune":0.002,"publish":0.006,"queue_pages":7.158,"spawn":0.001,"wrap":0.008}
STREAMING_STEP_TIMING total=10.91ms {"drain_packets":0.006,"drain_pages":0.004,"enqueue":3.284,"evict":0.307,"player_chunk":0.013,"prune":0.002,"publish":0.006,"queue_pages":7.275,"spawn":0.001,"wrap":0.008}
STREAMING_STEP_TIMING total=10.77ms {"drain_packets":0.005,"drain_pages":0.005,"enqueue":3.282,"evict":0.277,"player_chunk":0.018,"prune":0.002,"publish":0.003,"queue_pages":7.168,"spawn":0.001,"wrap":0.01}
STREAMING_STEP_TIMING total=10.76ms {"drain_packets":0.01,"drain_pages":0.005,"enqueue":3.292,"evict":0.28,"player_chunk":0.011,"prune":0.005,"publish":0.003,"queue_pages":7.144,"spawn":0.001,"wrap":0.006}
STREAMING_STEP_TIMING total=11.07ms {"drain_packets":0.004,"drain_pages":0.004,"enqueue":3.318,"evict":0.377,"player_chunk":0.016,"prune":0.002,"publish":0.005,"queue_pages":7.335,"spawn":0.002,"wrap":0.006}
STREAMING_STEP_TIMING total=10.98ms {"drain_packets":0.006,"drain_pages":0.005,"enqueue":3.327,"evict":0.291,"player_chunk":0.014,"prune":0.002,"publish":0.004,"queue_pages":7.323,"spawn":0.002,"wrap":0.008}
STREAMING_STEP_TIMING total=10.80ms {"drain_packets":0.007,"drain_pages":0.006,"enqueue":3.305,"evict":0.295,"player_chunk":0.011,"prune":0.004,"publish":0.003,"queue_pages":7.164,"spawn":0.001,"wrap":0.006}
STREAMING_STEP_TIMING total=10.78ms {"drain_packets":0.005,"drain_pages":0.004,"enqueue":3.299,"evict":0.297,"player_chunk":0.014,"prune":0.002,"publish":0.005,"queue_pages":7.141,"spawn":0.002,"wrap":0.007}
STREAMING_STEP_TIMING total=10.98ms {"drain_packets":0.006,"drain_pages":0.005,"enqueue":3.32,"evict":0.295,"player_chunk":0.017,"prune":0.002,"publish":0.005,"queue_pages":7.32,"spawn":0.001,"wrap":0.01}
STREAMING_STEP_TIMING total=10.90ms {"drain_packets":0.009,"drain_pages":0.006,"enqueue":3.425,"evict":0.285,"player_chunk":0.014,"prune":0.003,"publish":0.004,"queue_pages":7.147,"spawn":0.002,"wrap":0.008}
STREAMING_STEP_TIMING total=10.95ms {"drain_packets":0.006,"drain_pages":0.004,"enqueue":3.243,"evict":0.299,"player_chunk":0.019,"prune":0.002,"publish":0.005,"queue_pages":7.36,"spawn":0.002,"wrap":0.012}
STREAMING_STEP_TIMING total=10.73ms {"drain_packets":0.006,"drain_pages":0.005,"enqueue":3.274,"evict":0.282,"player_chunk":0.014,"prune":0.002,"publish":0.003,"queue_pages":7.136,"spawn":0.001,"wrap":0.008}
STREAMING_STEP_TIMING total=10.79ms {"drain_packets":0.007,"drain_pages":0.006,"enqueue":3.348,"evict":0.293,"player_chunk":0.018,"prune":0.003,"publish":0.005,"queue_pages":7.103,"spawn":0.002,"wrap":0.006}
STREAMING_STEP_TIMING total=10.82ms {"drain_packets":0.006,"drain_pages":0.005,"enqueue":3.26,"evict":0.297,"player_chunk":0.013,"prune":0.002,"publish":0.005,"queue_pages":7.215,"spawn":0.002,"wrap":0.008}
STREAMING_STEP_TIMING total=10.73ms {"drain_packets":0.006,"drain_pages":0.005,"enqueue":3.331,"evict":0.285,"player_chunk":0.018,"prune":0.003,"publish":0.004,"queue_pages":7.063,"spawn":0.002,"wrap":0.009}
STREAMING_STEP_TIMING total=11.02ms {"drain_packets":0.009,"drain_pages":0.006,"enqueue":3.475,"evict":0.29,"player_chunk":0.025,"prune":0.004,"publish":0.004,"queue_pages":7.178,"spawn":0.006,"wrap":0.019}
STREAMING_STEP_TIMING total=10.65ms {"drain_packets":0.005,"drain_pages":0.004,"enqueue":3.284,"evict":0.282,"player_chunk":0.018,"prune":0.001,"publish":0.003,"queue_pages":7.044,"spawn":0.001,"wrap":0.01}
STREAMING_STEP_TIMING total=10.72ms {"drain_packets":0.005,"drain_pages":0.003,"enqueue":3.231,"evict":0.275,"player_chunk":0.011,"prune":0.002,"publish":0.003,"queue_pages":7.18,"spawn":0.002,"wrap":0.007}
STREAMING_STEP_TIMING total=10.82ms {"drain_packets":0.007,"drain_pages":0.005,"enqueue":3.295,"evict":0.289,"player_chunk":0.013,"prune":0.003,"publish":0.005,"queue_pages":7.193,"spawn":0.001,"wrap":0.008}
STREAMING_STEP_TIMING total=10.86ms {"drain_packets":0.006,"drain_pages":0.004,"enqueue":3.257,"evict":0.29,"player_chunk":0.014,"prune":0.002,"publish":0.005,"queue_pages":7.267,"spawn":0.002,"wrap":0.007}
STREAMING_STEP_TIMING total=10.92ms {"drain_packets":0.006,"drain_pages":0.004,"enqueue":3.293,"evict":0.293,"player_chunk":0.016,"prune":0.002,"publish":0.004,"queue_pages":7.297,"spawn":0.002,"wrap":0.006}
STREAMING_STEP_TIMING total=12.38ms {"drain_packets":0.008,"drain_pages":0.01,"enqueue":3.675,"evict":0.336,"player_chunk":0.014,"prune":0.003,"publish":0.003,"queue_pages":8.321,"spawn":0.001,"wrap":0.008}
STREAMING_STEP_TIMING total=12.90ms {"drain_packets":0.008,"drain_pages":0.006,"enqueue":4.127,"evict":0.34,"player_chunk":0.015,"prune":0.005,"publish":0.004,"queue_pages":8.385,"spawn":0.002,"wrap":0.008}
STREAMING_STEP_TIMING total=12.25ms {"drain_packets":0.005,"drain_pages":0.004,"enqueue":4.099,"evict":0.303,"player_chunk":0.016,"prune":0.002,"publish":0.006,"queue_pages":7.8,"spawn":0.002,"wrap":0.008}
STREAMING_STEP_TIMING total=11.18ms {"drain_packets":0.006,"drain_pages":0.004,"enqueue":3.278,"evict":0.31,"player_chunk":0.017,"prune":0.001,"publish":0.005,"queue_pages":7.544,"spawn":0.002,"wrap":0.011}
STREAMING_STEP_TIMING total=10.92ms {"drain_packets":0.006,"drain_pages":0.005,"enqueue":3.329,"evict":0.282,"player_chunk":0.015,"prune":0.002,"publish":0.003,"queue_pages":7.267,"spawn":0.002,"wrap":0.008}
STREAMING_STEP_TIMING total=10.97ms {"drain_packets":0.007,"drain_pages":0.004,"enqueue":3.42,"evict":0.288,"player_chunk":0.011,"prune":0.003,"publish":0.004,"queue_pages":7.224,"spawn":0.001,"wrap":0.007}
STREAMING_STEP_TIMING total=10.98ms {"drain_packets":0.005,"drain_pages":0.005,"enqueue":3.315,"evict":0.32,"player_chunk":0.013,"prune":0.002,"publish":0.006,"queue_pages":7.308,"spawn":0.001,"wrap":0.008}
STREAMING_STEP_TIMING total=10.98ms {"drain_packets":0.006,"drain_pages":0.004,"enqueue":3.377,"evict":0.283,"player_chunk":0.016,"prune":0.002,"publish":0.003,"queue_pages":7.284,"spawn":0.001,"wrap":0.007}
STREAMING_STEP_TIMING total=11.22ms {"drain_packets":0.008,"drain_pages":0.005,"enqueue":3.352,"evict":0.303,"player_chunk":0.016,"prune":0.003,"publish":0.005,"queue_pages":7.502,"spawn":0.002,"wrap":0.018}
STREAMING_STEP_TIMING total=11.38ms {"drain_packets":0.005,"drain_pages":0.005,"enqueue":3.408,"evict":0.309,"player_chunk":0.016,"prune":0.002,"publish":0.005,"queue_pages":7.618,"spawn":0.001,"wrap":0.01}
STREAMING_STEP_TIMING total=12.54ms {"drain_packets":0.006,"drain_pages":0.005,"enqueue":3.305,"evict":0.458,"player_chunk":0.013,"prune":0.002,"publish":0.008,"queue_pages":8.728,"spawn":0.002,"wrap":0.008}
STREAMING_STEP_TIMING total=11.52ms {"drain_packets":0.009,"drain_pages":0.005,"enqueue":3.33,"evict":0.302,"player_chunk":0.019,"prune":0.004,"publish":0.007,"queue_pages":7.827,"spawn":0.003,"wrap":0.012}
STREAMING_STEP_TIMING total=10.77ms {"drain_packets":0.012,"drain_pages":0.007,"enqueue":3.291,"evict":0.307,"player_chunk":0.013,"prune":0.005,"publish":0.005,"queue_pages":7.121,"spawn":0.002,"wrap":0.009}
STREAMING_STEP_TIMING total=10.93ms {"drain_packets":0.005,"drain_pages":0.005,"enqueue":3.293,"evict":0.301,"player_chunk":0.017,"prune":0.002,"publish":0.005,"queue_pages":7.291,"spawn":0.002,"wrap":0.01}
STREAMING_STEP_TIMING total=10.74ms {"drain_packets":0.006,"drain_pages":0.005,"enqueue":3.277,"evict":0.285,"player_chunk":0.013,"prune":0.002,"publish":0.004,"queue_pages":7.135,"spawn":0.002,"wrap":0.008}
STREAMING_STEP_TIMING total=10.86ms {"drain_packets":0.006,"drain_pages":0.005,"enqueue":3.326,"evict":0.296,"player_chunk":0.013,"prune":0.002,"publish":0.005,"queue_pages":7.195,"spawn":0.002,"wrap":0.005}
STREAMING_STEP_TIMING total=10.87ms {"drain_packets":0.006,"drain_pages":0.005,"enqueue":3.301,"evict":0.299,"player_chunk":0.013,"prune":0.002,"publish":0.005,"queue_pages":7.23,"spawn":0.002,"wrap":0.008}
STREAMING_STEP_TIMING total=10.82ms {"drain_packets":0.005,"drain_pages":0.004,"enqueue":3.383,"evict":0.275,"player_chunk":0.016,"prune":0.002,"publish":0.003,"queue_pages":7.122,"spawn":0.002,"wrap":0.009}
STREAMING_STEP_TIMING total=10.74ms {"drain_packets":0.006,"drain_pages":0.005,"enqueue":3.276,"evict":0.284,"player_chunk":0.01,"prune":0.002,"publish":0.004,"queue_pages":7.144,"spawn":0.001,"wrap":0.006}
STREAMING_STEP_TIMING total=10.86ms {"drain_packets":0.004,"drain_pages":0.003,"enqueue":3.302,"evict":0.307,"player_chunk":0.015,"prune":0.002,"publish":0.005,"queue_pages":7.205,"spawn":0.001,"wrap":0.009}
STREAMING_STEP_TIMING total=11.12ms {"drain_packets":0.008,"drain_pages":0.007,"enqueue":3.414,"evict":0.288,"player_chunk":0.014,"prune":0.004,"publish":0.004,"queue_pages":7.365,"spawn":0.002,"wrap":0.009}
STREAMING_STEP_TIMING total=11.05ms {"drain_packets":0.008,"drain_pages":0.007,"enqueue":3.381,"evict":0.293,"player_chunk":0.016,"prune":0.004,"publish":0.005,"queue_pages":7.324,"spawn":0.002,"wrap":0.009}
STREAMING_STEP_TIMING total=11.53ms {"drain_packets":0.007,"drain_pages":0.005,"enqueue":3.278,"evict":0.437,"player_chunk":0.012,"prune":0.002,"publish":0.006,"queue_pages":7.771,"spawn":0.002,"wrap":0.008}
STREAMING_STEP_TIMING total=10.80ms {"drain_packets":0.008,"drain_pages":0.005,"enqueue":3.293,"evict":0.286,"player_chunk":0.017,"prune":0.003,"publish":0.003,"queue_pages":7.18,"spawn":0.002,"wrap":0.005}
STREAMING_STEP_TIMING total=12.06ms {"drain_packets":0.008,"drain_pages":0.005,"enqueue":3.347,"evict":0.349,"player_chunk":0.013,"prune":0.003,"publish":0.004,"queue_pages":8.324,"spawn":0.001,"wrap":0.007}
STREAMING_STEP_TIMING total=12.15ms {"drain_packets":0.005,"drain_pages":0.004,"enqueue":4.083,"evict":0.299,"player_chunk":0.018,"prune":0.002,"publish":0.006,"queue_pages":7.723,"spawn":0.001,"wrap":0.01}
STREAMING_STEP_TIMING total=10.80ms {"drain_packets":0.006,"drain_pages":0.005,"enqueue":3.254,"evict":0.328,"player_chunk":0.014,"prune":0.003,"publish":0.004,"queue_pages":7.178,"spawn":0.002,"wrap":0.008}
STREAMING_STEP_TIMING total=10.85ms {"drain_packets":0.007,"drain_pages":0.006,"enqueue":3.327,"evict":0.286,"player_chunk":0.019,"prune":0.002,"publish":0.004,"queue_pages":7.183,"spawn":0.002,"wrap":0.01}
STREAMING_STEP_TIMING total=10.84ms {"drain_packets":0.008,"drain_pages":0.006,"enqueue":3.302,"evict":0.287,"player_chunk":0.013,"prune":0.003,"publish":0.005,"queue_pages":7.209,"spawn":0.001,"wrap":0.007}
STREAMING_STEP_TIMING total=10.81ms {"drain_packets":0.006,"drain_pages":0.005,"enqueue":3.276,"evict":0.294,"player_chunk":0.017,"prune":0.002,"publish":0.006,"queue_pages":7.187,"spawn":0.001,"wrap":0.009}
STREAMING_STEP_TIMING total=10.81ms {"drain_packets":0.006,"drain_pages":0.005,"enqueue":3.305,"evict":0.287,"player_chunk":0.014,"prune":0.002,"publish":0.005,"queue_pages":7.178,"spawn":0.002,"wrap":0.008}
STREAMING_STEP_TIMING total=10.80ms {"drain_packets":0.007,"drain_pages":0.005,"enqueue":3.309,"evict":0.286,"player_chunk":0.015,"prune":0.004,"publish":0.004,"queue_pages":7.163,"spawn":0.001,"wrap":0.005}
STREAMING_STEP_TIMING total=10.91ms {"drain_packets":0.006,"drain_pages":0.004,"enqueue":3.297,"evict":0.298,"player_chunk":0.013,"prune":0.002,"publish":0.005,"queue_pages":7.28,"spawn":0.002,"wrap":0.007}
STREAMING_STEP_TIMING total=10.72ms {"drain_packets":0.006,"drain_pages":0.005,"enqueue":3.272,"evict":0.286,"player_chunk":0.017,"prune":0.002,"publish":0.003,"queue_pages":7.113,"spawn":0.002,"wrap":0.009}
STREAMING_STEP_TIMING total=10.94ms {"drain_packets":0.009,"drain_pages":0.005,"enqueue":3.354,"evict":0.286,"player_chunk":0.013,"prune":0.005,"publish":0.005,"queue_pages":7.254,"spawn":0.002,"wrap":0.007}
STREAMING_STEP_TIMING total=10.86ms {"drain_packets":0.007,"drain_pages":0.005,"enqueue":3.306,"evict":0.302,"player_chunk":0.017,"prune":0.003,"publish":0.006,"queue_pages":7.199,"spawn":0.001,"wrap":0.01}
STREAMING_STEP_TIMING total=10.75ms {"drain_packets":0.006,"drain_pages":0.005,"enqueue":3.262,"evict":0.283,"player_chunk":0.014,"prune":0.002,"publish":0.004,"queue_pages":7.164,"spawn":0.002,"wrap":0.008}
STREAMING_STEP_TIMING total=10.79ms {"drain_packets":0.007,"drain_pages":0.005,"enqueue":3.294,"evict":0.287,"player_chunk":0.016,"prune":0.003,"publish":0.003,"queue_pages":7.166,"spawn":0.001,"wrap":0.01}
STREAMING_STEP_TIMING total=10.79ms {"drain_packets":0.005,"drain_pages":0.005,"enqueue":3.318,"evict":0.301,"player_chunk":0.013,"prune":0.002,"publish":0.004,"queue_pages":7.135,"spawn":0.002,"wrap":0.007}
STREAMING_STEP_TIMING total=12.64ms {"drain_packets":0.007,"drain_pages":0.004,"enqueue":3.355,"evict":0.462,"player_chunk":0.016,"prune":0.002,"publish":0.007,"queue_pages":8.78,"spawn":0.001,"wrap":0.006}
[FrameBudget] streaming=11.4ms topology=0.0ms visual=0.0ms spawn=0.0ms total=11.4ms/6.0ms world.streaming_v0=11.4ms(60)
STREAMING_STEP_TIMING total=14.52ms {"drain_packets":0.012,"drain_pages":0.006,"enqueue":5.18,"evict":0.291,"player_chunk":0.019,"prune":0.004,"publish":0.005,"queue_pages":8.987,"spawn":0.003,"wrap":0.013}
STREAMING_STEP_TIMING total=10.67ms {"drain_packets":0.008,"drain_pages":0.006,"enqueue":3.285,"evict":0.278,"player_chunk":0.019,"prune":0.005,"publish":0.004,"queue_pages":7.049,"spawn":0.002,"wrap":0.011}
STREAMING_STEP_TIMING total=10.79ms {"drain_packets":0.005,"drain_pages":0.005,"enqueue":3.259,"evict":0.299,"player_chunk":0.013,"prune":0.002,"publish":0.005,"queue_pages":7.19,"spawn":0.002,"wrap":0.008}
STREAMING_STEP_TIMING total=10.72ms {"drain_packets":0.005,"drain_pages":0.005,"enqueue":3.269,"evict":0.284,"player_chunk":0.017,"prune":0.002,"publish":0.004,"queue_pages":7.12,"spawn":0.002,"wrap":0.009}
STREAMING_STEP_TIMING total=10.75ms {"drain_packets":0.008,"drain_pages":0.007,"enqueue":3.276,"evict":0.286,"player_chunk":0.014,"prune":0.002,"publish":0.004,"queue_pages":7.142,"spawn":0.002,"wrap":0.009}
STREAMING_STEP_TIMING total=10.83ms {"drain_packets":0.005,"drain_pages":0.004,"enqueue":3.273,"evict":0.294,"player_chunk":0.016,"prune":0.002,"publish":0.005,"queue_pages":7.216,"spawn":0.001,"wrap":0.009}
STREAMING_STEP_TIMING total=10.66ms {"drain_packets":0.007,"drain_pages":0.005,"enqueue":3.305,"evict":0.28,"player_chunk":0.013,"prune":0.003,"publish":0.004,"queue_pages":7.035,"spawn":0.002,"wrap":0.008}
STREAMING_STEP_TIMING total=10.88ms {"drain_packets":0.007,"drain_pages":0.005,"enqueue":3.305,"evict":0.307,"player_chunk":0.018,"prune":0.002,"publish":0.005,"queue_pages":7.217,"spawn":0.002,"wrap":0.006}
STREAMING_STEP_TIMING total=10.94ms {"drain_packets":0.005,"drain_pages":0.005,"enqueue":3.293,"evict":0.297,"player_chunk":0.015,"prune":0.002,"publish":0.006,"queue_pages":7.304,"spawn":0.001,"wrap":0.008}
STREAMING_STEP_TIMING total=11.28ms {"drain_packets":0.006,"drain_pages":0.006,"enqueue":3.678,"evict":0.3,"player_chunk":0.018,"prune":0.003,"publish":0.006,"queue_pages":7.248,"spawn":0.002,"wrap":0.009}
STREAMING_STEP_TIMING total=10.80ms {"drain_packets":0.007,"drain_pages":0.005,"enqueue":3.347,"evict":0.286,"player_chunk":0.014,"prune":0.002,"publish":0.004,"queue_pages":7.118,"spawn":0.003,"wrap":0.009}
STREAMING_STEP_TIMING total=10.73ms {"drain_packets":0.005,"drain_pages":0.003,"enqueue":3.269,"evict":0.297,"player_chunk":0.015,"prune":0.001,"publish":0.005,"queue_pages":7.126,"spawn":0.002,"wrap":0.008}
STREAMING_STEP_TIMING total=10.97ms {"drain_packets":0.005,"drain_pages":0.005,"enqueue":3.34,"evict":0.296,"player_chunk":0.014,"prune":0.002,"publish":0.005,"queue_pages":7.292,"spawn":0.001,"wrap":0.008}
STREAMING_STEP_TIMING total=15.02ms {"drain_packets":0.015,"drain_pages":0.007,"enqueue":3.514,"evict":0.452,"player_chunk":0.018,"prune":0.008,"publish":0.007,"queue_pages":10.988,"spawn":0.002,"wrap":0.009}
STREAMING_STEP_TIMING total=12.45ms {"drain_packets":0.008,"drain_pages":0.006,"enqueue":4.964,"evict":0.285,"player_chunk":0.019,"prune":0.005,"publish":0.004,"queue_pages":7.142,"spawn":0.003,"wrap":0.013}
STREAMING_STEP_TIMING total=10.93ms {"drain_packets":0.009,"drain_pages":0.006,"enqueue":3.28,"evict":0.294,"player_chunk":0.016,"prune":0.002,"publish":0.006,"queue_pages":7.308,"spawn":0.001,"wrap":0.007}
STREAMING_STEP_TIMING total=11.00ms {"drain_packets":0.006,"drain_pages":0.005,"enqueue":3.294,"evict":0.296,"player_chunk":0.013,"prune":0.002,"publish":0.005,"queue_pages":7.367,"spawn":0.002,"wrap":0.009}
STREAMING_STEP_TIMING total=13.65ms {"drain_packets":0.011,"drain_pages":0.008,"enqueue":5.399,"evict":0.517,"player_chunk":0.025,"prune":0.005,"publish":0.009,"queue_pages":7.652,"spawn":0.002,"wrap":0.014}
STREAMING_STEP_TIMING total=11.08ms {"drain_packets":0.008,"drain_pages":0.006,"enqueue":3.609,"evict":0.284,"player_chunk":0.019,"prune":0.005,"publish":0.003,"queue_pages":7.132,"spawn":0.003,"wrap":0.01}
STREAMING_STEP_TIMING total=11.66ms {"drain_packets":0.007,"drain_pages":0.005,"enqueue":3.331,"evict":0.349,"player_chunk":0.017,"prune":0.003,"publish":0.006,"queue_pages":7.934,"spawn":0.001,"wrap":0.01}
STREAMING_STEP_TIMING total=12.78ms {"drain_packets":0.006,"drain_pages":0.005,"enqueue":4.059,"evict":0.361,"player_chunk":0.015,"prune":0.002,"publish":0.006,"queue_pages":8.312,"spawn":0.002,"wrap":0.009}
STREAMING_STEP_TIMING total=12.84ms {"drain_packets":0.007,"drain_pages":0.005,"enqueue":4.067,"evict":0.364,"player_chunk":0.019,"prune":0.002,"publish":0.009,"queue_pages":8.351,"spawn":0.002,"wrap":0.01}
STREAMING_STEP_TIMING total=12.79ms {"drain_packets":0.009,"drain_pages":0.006,"enqueue":4.059,"evict":0.34,"player_chunk":0.016,"prune":0.003,"publish":0.005,"queue_pages":8.335,"spawn":0.002,"wrap":0.01}
STREAMING_STEP_TIMING total=11.66ms {"drain_packets":0.01,"drain_pages":0.006,"enqueue":4.005,"evict":0.304,"player_chunk":0.019,"prune":0.005,"publish":0.005,"queue_pages":7.291,"spawn":0.002,"wrap":0.007}
STREAMING_STEP_TIMING total=10.93ms {"drain_packets":0.006,"drain_pages":0.005,"enqueue":3.264,"evict":0.293,"player_chunk":0.013,"prune":0.002,"publish":0.006,"queue_pages":7.325,"spawn":0.003,"wrap":0.008}
STREAMING_STEP_TIMING total=10.67ms {"drain_packets":0.006,"drain_pages":0.005,"enqueue":3.287,"evict":0.281,"player_chunk":0.017,"prune":0.002,"publish":0.004,"queue_pages":7.056,"spawn":0.002,"wrap":0.01}
STREAMING_STEP_TIMING total=11.01ms {"drain_packets":0.009,"drain_pages":0.006,"enqueue":3.619,"evict":0.283,"player_chunk":0.022,"prune":0.004,"publish":0.004,"queue_pages":7.044,"spawn":0.004,"wrap":0.014}
STREAMING_STEP_TIMING total=10.76ms {"drain_packets":0.012,"drain_pages":0.007,"enqueue":3.292,"evict":0.29,"player_chunk":0.018,"prune":0.004,"publish":0.004,"queue_pages":7.117,"spawn":0.002,"wrap":0.01}
STREAMING_STEP_TIMING total=11.15ms {"drain_packets":0.005,"drain_pages":0.005,"enqueue":3.258,"evict":0.353,"player_chunk":0.013,"prune":0.002,"publish":0.004,"queue_pages":7.495,"spawn":0.001,"wrap":0.008}
STREAMING_STEP_TIMING total=12.73ms {"drain_packets":0.008,"drain_pages":0.005,"enqueue":4.076,"evict":0.288,"player_chunk":0.02,"prune":0.003,"publish":0.004,"queue_pages":8.306,"spawn":0.002,"wrap":0.012}
STREAMING_STEP_TIMING total=10.78ms {"drain_packets":0.008,"drain_pages":0.006,"enqueue":3.268,"evict":0.28,"player_chunk":0.014,"prune":0.002,"publish":0.004,"queue_pages":7.193,"spawn":0.001,"wrap":0.007}
STREAMING_STEP_TIMING total=10.84ms {"drain_packets":0.007,"drain_pages":0.004,"enqueue":3.321,"evict":0.288,"player_chunk":0.017,"prune":0.002,"publish":0.005,"queue_pages":7.19,"spawn":0.001,"wrap":0.006}
STREAMING_STEP_TIMING total=11.20ms {"drain_packets":0.007,"drain_pages":0.005,"enqueue":3.261,"evict":0.345,"player_chunk":0.014,"prune":0.002,"publish":0.005,"queue_pages":7.552,"spawn":0.002,"wrap":0.008}
STREAMING_STEP_TIMING total=12.80ms {"drain_packets":0.009,"drain_pages":0.006,"enqueue":4.102,"evict":0.342,"player_chunk":0.017,"prune":0.004,"publish":0.004,"queue_pages":8.306,"spawn":0.002,"wrap":0.009}
STREAMING_STEP_TIMING total=12.83ms {"drain_packets":0.006,"drain_pages":0.004,"enqueue":4.05,"evict":0.349,"player_chunk":0.014,"prune":0.002,"publish":0.005,"queue_pages":8.384,"spawn":0.002,"wrap":0.009}
STREAMING_STEP_TIMING total=12.73ms {"drain_packets":0.006,"drain_pages":0.004,"enqueue":4.043,"evict":0.351,"player_chunk":0.019,"prune":0.003,"publish":0.005,"queue_pages":8.285,"spawn":0.002,"wrap":0.01}
STREAMING_STEP_TIMING total=12.24ms {"drain_packets":0.007,"drain_pages":0.005,"enqueue":4.079,"evict":0.274,"player_chunk":0.015,"prune":0.002,"publish":0.003,"queue_pages":7.841,"spawn":0.002,"wrap":0.009}
STREAMING_STEP_TIMING total=10.70ms {"drain_packets":0.007,"drain_pages":0.005,"enqueue":3.266,"evict":0.286,"player_chunk":0.017,"prune":0.002,"publish":0.004,"queue_pages":7.095,"spawn":0.002,"wrap":0.011}
STREAMING_STEP_TIMING total=10.84ms {"drain_packets":0.005,"drain_pages":0.004,"enqueue":3.259,"evict":0.293,"player_chunk":0.013,"prune":0.001,"publish":0.005,"queue_pages":7.25,"spawn":0.002,"wrap":0.007}
STREAMING_STEP_TIMING total=10.73ms {"drain_packets":0.007,"drain_pages":0.005,"enqueue":3.359,"evict":0.287,"player_chunk":0.016,"prune":0.003,"publish":0.004,"queue_pages":7.04,"spawn":0.001,"wrap":0.006}
STREAMING_STEP_TIMING total=10.64ms {"drain_packets":0.007,"drain_pages":0.004,"enqueue":3.257,"evict":0.286,"player_chunk":0.013,"prune":0.002,"publish":0.004,"queue_pages":7.053,"spawn":0.002,"wrap":0.008}
STREAMING_STEP_TIMING total=10.83ms {"drain_packets":0.005,"drain_pages":0.005,"enqueue":3.24,"evict":0.301,"player_chunk":0.017,"prune":0.002,"publish":0.007,"queue_pages":7.245,"spawn":0.001,"wrap":0.009}
STREAMING_STEP_TIMING total=10.89ms {"drain_packets":0.006,"drain_pages":0.005,"enqueue":3.25,"evict":0.458,"player_chunk":0.015,"prune":0.002,"publish":0.005,"queue_pages":7.131,"spawn":0.002,"wrap":0.008}
STREAMING_STEP_TIMING total=10.75ms {"drain_packets":0.01,"drain_pages":0.005,"enqueue":3.405,"evict":0.284,"player_chunk":0.017,"prune":0.003,"publish":0.004,"queue_pages":7.007,"spawn":0.001,"wrap":0.011}
STREAMING_STEP_TIMING total=10.85ms {"drain_packets":0.006,"drain_pages":0.004,"enqueue":3.242,"evict":0.284,"player_chunk":0.014,"prune":0.002,"publish":0.005,"queue_pages":7.287,"spawn":0.001,"wrap":0.008}
STREAMING_STEP_TIMING total=10.63ms {"drain_packets":0.005,"drain_pages":0.004,"enqueue":3.25,"evict":0.29,"player_chunk":0.017,"prune":0.002,"publish":0.004,"queue_pages":7.043,"spawn":0.002,"wrap":0.01}
STREAMING_STEP_TIMING total=11.03ms {"drain_packets":0.009,"drain_pages":0.005,"enqueue":3.431,"evict":0.286,"player_chunk":0.014,"prune":0.004,"publish":0.005,"queue_pages":7.258,"spawn":0.002,"wrap":0.009}
STREAMING_STEP_TIMING total=11.08ms {"drain_packets":0.006,"drain_pages":0.005,"enqueue":3.37,"evict":0.294,"player_chunk":0.015,"prune":0.002,"publish":0.006,"queue_pages":7.376,"spawn":0.002,"wrap":0.006}
STREAMING_STEP_TIMING total=10.78ms {"drain_packets":0.007,"drain_pages":0.005,"enqueue":3.231,"evict":0.297,"player_chunk":0.014,"prune":0.003,"publish":0.005,"queue_pages":7.211,"spawn":0.002,"wrap":0.008}
STREAMING_STEP_TIMING total=10.63ms {"drain_packets":0.005,"drain_pages":0.005,"enqueue":3.254,"evict":0.284,"player_chunk":0.017,"prune":0.002,"publish":0.004,"queue_pages":7.051,"spawn":0.002,"wrap":0.009}
STREAMING_STEP_TIMING total=11.78ms {"drain_packets":0.011,"drain_pages":0.008,"enqueue":3.607,"evict":0.301,"player_chunk":0.013,"prune":0.006,"publish":0.006,"queue_pages":7.815,"spawn":0.001,"wrap":0.007}
STREAMING_STEP_TIMING total=10.74ms {"drain_packets":0.006,"drain_pages":0.004,"enqueue":3.26,"evict":0.298,"player_chunk":0.017,"prune":0.002,"publish":0.005,"queue_pages":7.137,"spawn":0.002,"wrap":0.009}
STREAMING_STEP_TIMING total=10.73ms {"drain_packets":0.006,"drain_pages":0.005,"enqueue":3.253,"evict":0.367,"player_chunk":0.014,"prune":0.001,"publish":0.004,"queue_pages":7.065,"spawn":0.001,"wrap":0.008}
STREAMING_STEP_TIMING total=10.73ms {"drain_packets":0.008,"drain_pages":0.006,"enqueue":3.279,"evict":0.287,"player_chunk":0.018,"prune":0.004,"publish":0.004,"queue_pages":7.108,"spawn":0.002,"wrap":0.011}
STREAMING_STEP_TIMING total=10.74ms {"drain_packets":0.005,"drain_pages":0.005,"enqueue":3.269,"evict":0.286,"player_chunk":0.013,"prune":0.002,"publish":0.005,"queue_pages":7.14,"spawn":0.002,"wrap":0.009}
STREAMING_STEP_TIMING total=10.75ms {"drain_packets":0.006,"drain_pages":0.004,"enqueue":3.323,"evict":0.273,"player_chunk":0.016,"prune":0.001,"publish":0.003,"queue_pages":7.118,"spawn":0.002,"wrap":0.007}
STREAMING_STEP_TIMING total=10.67ms {"drain_packets":0.009,"drain_pages":0.006,"enqueue":3.283,"evict":0.277,"player_chunk":0.015,"prune":0.005,"publish":0.003,"queue_pages":7.064,"spawn":0.002,"wrap":0.006}
STREAMING_STEP_TIMING total=10.77ms {"drain_packets":0.005,"drain_pages":0.005,"enqueue":3.311,"evict":0.291,"player_chunk":0.017,"prune":0.003,"publish":0.005,"queue_pages":7.118,"spawn":0.002,"wrap":0.009}
STREAMING_STEP_TIMING total=10.73ms {"drain_packets":0.006,"drain_pages":0.004,"enqueue":3.253,"evict":0.29,"player_chunk":0.014,"prune":0.002,"publish":0.003,"queue_pages":7.152,"spawn":0.002,"wrap":0.008}
STREAMING_STEP_TIMING total=10.85ms {"drain_packets":0.011,"drain_pages":0.005,"enqueue":3.424,"evict":0.279,"player_chunk":0.014,"prune":0.005,"publish":0.004,"queue_pages":7.097,"spawn":0.001,"wrap":0.008}
STREAMING_STEP_TIMING total=11.29ms {"drain_packets":0.006,"drain_pages":0.004,"enqueue":3.392,"evict":0.33,"player_chunk":0.013,"prune":0.002,"publish":0.006,"queue_pages":7.523,"spawn":0.002,"wrap":0.009}
STREAMING_STEP_TIMING total=10.72ms {"drain_packets":0.005,"drain_pages":0.005,"enqueue":3.266,"evict":0.278,"player_chunk":0.017,"prune":0.002,"publish":0.004,"queue_pages":7.132,"spawn":0.002,"wrap":0.009}
STREAMING_STEP_TIMING total=11.04ms {"drain_packets":0.008,"drain_pages":0.005,"enqueue":3.559,"evict":0.285,"player_chunk":0.013,"prune":0.004,"publish":0.005,"queue_pages":7.153,"spawn":0.002,"wrap":0.007}
STREAMING_STEP_TIMING total=11.07ms {"drain_packets":0.005,"drain_pages":0.004,"enqueue":3.243,"evict":0.299,"player_chunk":0.016,"prune":0.002,"publish":0.006,"queue_pages":7.49,"spawn":0.002,"wrap":0.005}
ERROR: Parameter "t" is null.
   at: texture_2d_get (./servers/rendering/dummy/storage/texture_storage.h:106)
   GDScript backtrace (most recent call first):
       [0] _capture_viewport (res://tools/runtime_mountain_raster_walk_probe.gd:440)
       [1] _run (res://tools/runtime_mountain_raster_walk_probe.gd:96)
       [2] _wait_until_settled (res://tools/runtime_mountain_raster_walk_probe.gd:293)
STREAMING_STEP_TIMING total=10.79ms {"drain_packets":0.008,"drain_pages":0.006,"enqueue":3.275,"evict":0.3,"player_chunk":0.02,"prune":0.003,"publish":0.005,"queue_pages":7.16,"spawn":0.003,"wrap":0.012}
STREAMING_STEP_TIMING total=16.54ms {"drain_packets":0.012,"drain_pages":0.007,"enqueue":5.203,"evict":0.306,"player_chunk":0.016,"prune":0.006,"publish":0.008,"queue_pages":10.972,"spawn":0.001,"wrap":0.01}
STREAMING_STEP_TIMING total=10.92ms {"drain_packets":0.005,"drain_pages":0.005,"enqueue":3.277,"evict":0.284,"player_chunk":0.013,"prune":0.002,"publish":0.003,"queue_pages":7.315,"spawn":0.002,"wrap":0.009}
STREAMING_STEP_TIMING total=10.66ms {"drain_packets":0.008,"drain_pages":0.005,"enqueue":3.286,"evict":0.279,"player_chunk":0.021,"prune":0.003,"publish":0.003,"queue_pages":7.042,"spawn":0.002,"wrap":0.01}
STREAMING_STEP_TIMING total=10.91ms {"drain_packets":0.005,"drain_pages":0.003,"enqueue":3.315,"evict":0.3,"player_chunk":0.012,"prune":0.002,"publish":0.005,"queue_pages":7.256,"spawn":0.002,"wrap":0.008}
STREAMING_STEP_TIMING total=10.80ms {"drain_packets":0.005,"drain_pages":0.004,"enqueue":3.269,"evict":0.318,"player_chunk":0.016,"prune":0.002,"publish":0.004,"queue_pages":7.171,"spawn":0.002,"wrap":0.006}
STREAMING_STEP_TIMING total=15.11ms {"drain_packets":0.013,"drain_pages":0.008,"enqueue":5.298,"evict":0.341,"player_chunk":0.02,"prune":0.006,"publish":0.006,"queue_pages":9.397,"spawn":0.004,"wrap":0.015}
STREAMING_STEP_TIMING total=14.78ms {"drain_packets":0.013,"drain_pages":0.007,"enqueue":5.603,"evict":0.303,"player_chunk":0.025,"prune":0.006,"publish":0.006,"queue_pages":8.806,"spawn":0.002,"wrap":0.012}
STREAMING_STEP_TIMING total=16.69ms {"drain_packets":0.014,"drain_pages":0.008,"enqueue":5.009,"evict":0.463,"player_chunk":0.014,"prune":0.007,"publish":0.008,"queue_pages":11.153,"spawn":0.002,"wrap":0.008}
STREAMING_STEP_TIMING total=15.91ms {"drain_packets":0.012,"drain_pages":0.008,"enqueue":5.314,"evict":0.488,"player_chunk":0.024,"prune":0.007,"publish":0.008,"queue_pages":10.026,"spawn":0.002,"wrap":0.014}
STREAMING_STEP_TIMING total=14.87ms {"drain_packets":0.014,"drain_pages":0.008,"enqueue":5.373,"evict":0.31,"player_chunk":0.02,"prune":0.007,"publish":0.006,"queue_pages":9.111,"spawn":0.003,"wrap":0.013}
STREAMING_STEP_TIMING total=10.98ms {"drain_packets":0.009,"drain_pages":0.006,"enqueue":3.353,"evict":0.289,"player_chunk":0.016,"prune":0.003,"publish":0.005,"queue_pages":7.291,"spawn":0.001,"wrap":0.007}
STREAMING_STEP_TIMING total=10.83ms {"drain_packets":0.008,"drain_pages":0.005,"enqueue":3.324,"evict":0.297,"player_chunk":0.036,"prune":0.003,"publish":0.005,"queue_pages":7.141,"spawn":0.002,"wrap":0.007}
STREAMING_STEP_TIMING total=10.72ms {"drain_packets":0.006,"drain_pages":0.004,"enqueue":3.269,"evict":0.291,"player_chunk":0.016,"prune":0.002,"publish":0.004,"queue_pages":7.12,"spawn":0.002,"wrap":0.009}
STREAMING_STEP_TIMING total=10.79ms {"drain_packets":0.007,"drain_pages":0.005,"enqueue":3.284,"evict":0.296,"player_chunk":0.013,"prune":0.003,"publish":0.004,"queue_pages":7.162,"spawn":0.002,"wrap":0.007}
STREAMING_STEP_TIMING total=10.77ms {"drain_packets":0.01,"drain_pages":0.006,"enqueue":3.346,"evict":0.294,"player_chunk":0.018,"prune":0.006,"publish":0.005,"queue_pages":7.075,"spawn":0.001,"wrap":0.009}
STREAMING_STEP_TIMING total=10.92ms {"drain_packets":0.006,"drain_pages":0.005,"enqueue":3.282,"evict":0.287,"player_chunk":0.014,"prune":0.002,"publish":0.004,"queue_pages":7.305,"spawn":0.002,"wrap":0.008}
STREAMING_STEP_TIMING total=11.18ms {"drain_packets":0.008,"drain_pages":0.006,"enqueue":3.397,"evict":0.292,"player_chunk":0.015,"prune":0.004,"publish":0.005,"queue_pages":7.446,"spawn":0.002,"wrap":0.007}
STREAMING_STEP_TIMING total=11.00ms {"drain_packets":0.005,"drain_pages":0.005,"enqueue":3.277,"evict":0.307,"player_chunk":0.013,"prune":0.002,"publish":0.006,"queue_pages":7.375,"spawn":0.002,"wrap":0.008}
STREAMING_STEP_TIMING total=10.78ms {"drain_packets":0.005,"drain_pages":0.005,"enqueue":3.308,"evict":0.289,"player_chunk":0.017,"prune":0.003,"publish":0.004,"queue_pages":7.133,"spawn":0.002,"wrap":0.009}
STREAMING_STEP_TIMING total=12.22ms {"drain_packets":0.007,"drain_pages":0.005,"enqueue":3.336,"evict":0.462,"player_chunk":0.015,"prune":0.003,"publish":0.008,"queue_pages":8.374,"spawn":0.002,"wrap":0.009}
STREAMING_STEP_TIMING total=16.69ms {"drain_packets":0.013,"drain_pages":0.008,"enqueue":5.2,"evict":0.451,"player_chunk":0.024,"prune":0.007,"publish":0.007,"queue_pages":10.958,"spawn":0.002,"wrap":0.015}
STREAMING_STEP_TIMING total=12.71ms {"drain_packets":0.011,"drain_pages":0.006,"enqueue":5.167,"evict":0.289,"player_chunk":0.019,"prune":0.005,"publish":0.005,"queue_pages":7.19,"spawn":0.003,"wrap":0.011}
STREAMING_STEP_TIMING total=10.75ms {"drain_packets":0.006,"drain_pages":0.005,"enqueue":3.25,"evict":0.293,"player_chunk":0.018,"prune":0.001,"publish":0.005,"queue_pages":7.164,"spawn":0.002,"wrap":0.009}
STREAMING_STEP_TIMING total=10.78ms {"drain_packets":0.006,"drain_pages":0.005,"enqueue":3.271,"evict":0.284,"player_chunk":0.014,"prune":0.002,"publish":0.003,"queue_pages":7.184,"spawn":0.002,"wrap":0.008}
STREAMING_STEP_TIMING total=11.02ms {"drain_packets":0.008,"drain_pages":0.004,"enqueue":3.37,"evict":0.295,"player_chunk":0.014,"prune":0.003,"publish":0.006,"queue_pages":7.306,"spawn":0.001,"wrap":0.006}
STREAMING_STEP_TIMING total=11.19ms {"drain_packets":0.006,"drain_pages":0.005,"enqueue":3.268,"evict":0.304,"player_chunk":0.014,"prune":0.001,"publish":0.005,"queue_pages":7.579,"spawn":0.001,"wrap":0.008}
STREAMING_STEP_TIMING total=10.87ms {"drain_packets":0.005,"drain_pages":0.005,"enqueue":3.292,"evict":0.406,"player_chunk":0.017,"prune":0.002,"publish":0.003,"queue_pages":7.121,"spawn":0.002,"wrap":0.009}
STREAMING_STEP_TIMING total=10.95ms {"drain_packets":0.009,"drain_pages":0.005,"enqueue":3.583,"evict":0.279,"player_chunk":0.012,"prune":0.005,"publish":0.003,"queue_pages":7.042,"spawn":0.001,"wrap":0.008}
STREAMING_STEP_TIMING total=11.53ms {"drain_packets":0.004,"drain_pages":0.003,"enqueue":3.244,"evict":0.357,"player_chunk":0.017,"prune":0.002,"publish":0.006,"queue_pages":7.886,"spawn":0.002,"wrap":0.01}
STREAMING_STEP_TIMING total=12.52ms {"drain_packets":0.007,"drain_pages":0.005,"enqueue":4.063,"evict":0.375,"player_chunk":0.015,"prune":0.002,"publish":0.006,"queue_pages":8.036,"spawn":0.002,"wrap":0.01}
STREAMING_STEP_TIMING total=10.70ms {"drain_packets":0.005,"drain_pages":0.004,"enqueue":3.262,"evict":0.275,"player_chunk":0.016,"prune":0.002,"publish":0.002,"queue_pages":7.125,"spawn":0.002,"wrap":0.009}
STREAMING_STEP_TIMING total=11.14ms {"drain_packets":0.007,"drain_pages":0.005,"enqueue":3.365,"evict":0.291,"player_chunk":0.01,"prune":0.004,"publish":0.005,"queue_pages":7.447,"spawn":0.001,"wrap":0.006}
STREAMING_STEP_TIMING total=11.12ms {"drain_packets":0.005,"drain_pages":0.004,"enqueue":3.247,"evict":0.3,"player_chunk":0.016,"prune":0.002,"publish":0.007,"queue_pages":7.532,"spawn":0.002,"wrap":0.006}
STREAMING_STEP_TIMING total=10.79ms {"drain_packets":0.007,"drain_pages":0.004,"enqueue":3.272,"evict":0.302,"player_chunk":0.014,"prune":0.001,"publish":0.006,"queue_pages":7.174,"spawn":0.002,"wrap":0.008}
STREAMING_STEP_TIMING total=10.99ms {"drain_packets":0.007,"drain_pages":0.006,"enqueue":3.301,"evict":0.299,"player_chunk":0.018,"prune":0.002,"publish":0.006,"queue_pages":7.337,"spawn":0.002,"wrap":0.01}
STREAMING_STEP_TIMING total=12.18ms {"drain_packets":0.01,"drain_pages":0.005,"enqueue":3.941,"evict":0.308,"player_chunk":0.014,"prune":0.004,"publish":0.007,"queue_pages":7.88,"spawn":0.002,"wrap":0.009}
STREAMING_STEP_TIMING total=11.79ms {"drain_packets":0.008,"drain_pages":0.005,"enqueue":3.54,"evict":0.373,"player_chunk":0.019,"prune":0.004,"publish":0.009,"queue_pages":7.812,"spawn":0.002,"wrap":0.01}
STREAMING_STEP_TIMING total=10.81ms {"drain_packets":0.007,"drain_pages":0.006,"enqueue":3.341,"evict":0.287,"player_chunk":0.014,"prune":0.003,"publish":0.004,"queue_pages":7.137,"spawn":0.002,"wrap":0.009}
STREAMING_STEP_TIMING total=10.82ms {"drain_packets":0.006,"drain_pages":0.004,"enqueue":3.308,"evict":0.288,"player_chunk":0.016,"prune":0.002,"publish":0.004,"queue_pages":7.18,"spawn":0.001,"wrap":0.011}
STREAMING_STEP_TIMING total=10.87ms {"drain_packets":0.006,"drain_pages":0.005,"enqueue":3.304,"evict":0.306,"player_chunk":0.013,"prune":0.003,"publish":0.005,"queue_pages":7.22,"spawn":0.002,"wrap":0.008}
STREAMING_STEP_TIMING total=11.02ms {"drain_packets":0.006,"drain_pages":0.004,"enqueue":3.434,"evict":0.308,"player_chunk":0.016,"prune":0.003,"publish":0.003,"queue_pages":7.237,"spawn":0.002,"wrap":0.006}
STREAMING_STEP_TIMING total=11.03ms {"drain_packets":0.007,"drain_pages":0.006,"enqueue":3.334,"evict":0.392,"player_chunk":0.013,"prune":0.004,"publish":0.005,"queue_pages":7.257,"spawn":0.002,"wrap":0.007}
STREAMING_STEP_TIMING total=10.94ms {"drain_packets":0.005,"drain_pages":0.005,"enqueue":3.345,"evict":0.297,"player_chunk":0.017,"prune":0.002,"publish":0.005,"queue_pages":7.251,"spawn":0.001,"wrap":0.01}
STREAMING_STEP_TIMING total=10.92ms {"drain_packets":0.005,"drain_pages":0.004,"enqueue":3.312,"evict":0.281,"player_chunk":0.014,"prune":0.002,"publish":0.003,"queue_pages":7.284,"spawn":0.002,"wrap":0.008}
STREAMING_STEP_TIMING total=11.00ms {"drain_packets":0.007,"drain_pages":0.005,"enqueue":3.428,"evict":0.292,"player_chunk":0.013,"prune":0.003,"publish":0.005,"queue_pages":7.239,"spawn":0.001,"wrap":0.007}
STREAMING_STEP_TIMING total=10.81ms {"drain_packets":0.005,"drain_pages":0.004,"enqueue":3.287,"evict":0.31,"player_chunk":0.013,"prune":0.003,"publish":0.006,"queue_pages":7.17,"spawn":0.002,"wrap":0.008}
STREAMING_STEP_TIMING total=11.02ms {"drain_packets":0.006,"drain_pages":0.004,"enqueue":3.362,"evict":0.282,"player_chunk":0.017,"prune":0.002,"publish":0.002,"queue_pages":7.327,"spawn":0.002,"wrap":0.01}
STREAMING_STEP_TIMING total=10.98ms {"drain_packets":0.01,"drain_pages":0.005,"enqueue":3.45,"evict":0.285,"player_chunk":0.012,"prune":0.005,"publish":0.004,"queue_pages":7.198,"spawn":0.002,"wrap":0.006}
STREAMING_STEP_TIMING total=11.01ms {"drain_packets":0.005,"drain_pages":0.004,"enqueue":3.29,"evict":0.346,"player_chunk":0.016,"prune":0.002,"publish":0.005,"queue_pages":7.333,"spawn":0.001,"wrap":0.006}
STREAMING_STEP_TIMING total=10.88ms {"drain_packets":0.008,"drain_pages":0.005,"enqueue":3.354,"evict":0.283,"player_chunk":0.013,"prune":0.002,"publish":0.004,"queue_pages":7.203,"spawn":0.002,"wrap":0.008}
STREAMING_STEP_TIMING total=10.81ms {"drain_packets":0.009,"drain_pages":0.005,"enqueue":3.416,"evict":0.284,"player_chunk":0.017,"prune":0.004,"publish":0.003,"queue_pages":7.06,"spawn":0.001,"wrap":0.009}
STREAMING_STEP_TIMING total=10.85ms {"drain_packets":0.004,"drain_pages":0.003,"enqueue":3.261,"evict":0.301,"player_chunk":0.012,"prune":0.002,"publish":0.006,"queue_pages":7.248,"spawn":0.001,"wrap":0.008}
STREAMING_STEP_TIMING total=10.64ms {"drain_packets":0.005,"drain_pages":0.004,"enqueue":3.235,"evict":0.28,"player_chunk":0.017,"prune":0.002,"publish":0.003,"queue_pages":7.085,"spawn":0.002,"wrap":0.009}
STREAMING_STEP_TIMING total=12.64ms {"drain_packets":0.01,"drain_pages":0.006,"enqueue":3.869,"evict":0.377,"player_chunk":0.014,"prune":0.004,"publish":0.005,"queue_pages":8.343,"spawn":0.002,"wrap":0.008}
STREAMING_STEP_TIMING total=12.89ms {"drain_packets":0.008,"drain_pages":0.005,"enqueue":4.137,"evict":0.339,"player_chunk":0.019,"prune":0.003,"publish":0.004,"queue_pages":8.359,"spawn":0.002,"wrap":0.011}
[FrameBudget] streaming=11.8ms topology=0.0ms visual=0.0ms spawn=0.0ms total=11.8ms/6.0ms world.streaming_v0=11.8ms(60)
STREAMING_STEP_TIMING total=12.50ms {"drain_packets":0.006,"drain_pages":0.005,"enqueue":4.098,"evict":0.292,"player_chunk":0.015,"prune":0.002,"publish":0.005,"queue_pages":8.068,"spawn":0.002,"wrap":0.008}
STREAMING_STEP_TIMING total=11.14ms {"drain_packets":0.005,"drain_pages":0.004,"enqueue":3.312,"evict":0.312,"player_chunk":0.016,"prune":0.001,"publish":0.006,"queue_pages":7.469,"spawn":0.002,"wrap":0.006}
STREAMING_STEP_TIMING total=11.15ms {"drain_packets":0.008,"drain_pages":0.006,"enqueue":3.526,"evict":0.286,"player_chunk":0.015,"prune":0.004,"publish":0.004,"queue_pages":7.287,"spawn":0.002,"wrap":0.01}
STREAMING_STEP_TIMING total=11.21ms {"drain_packets":0.005,"drain_pages":0.004,"enqueue":3.309,"evict":0.295,"player_chunk":0.02,"prune":0.003,"publish":0.005,"queue_pages":7.558,"spawn":0.002,"wrap":0.01}
STREAMING_STEP_TIMING total=11.23ms {"drain_packets":0.006,"drain_pages":0.004,"enqueue":3.283,"evict":0.303,"player_chunk":0.014,"prune":0.002,"publish":0.006,"queue_pages":7.607,"spawn":0.001,"wrap":0.008}
STREAMING_STEP_TIMING total=10.90ms {"drain_packets":0.007,"drain_pages":0.005,"enqueue":3.408,"evict":0.281,"player_chunk":0.019,"prune":0.003,"publish":0.003,"queue_pages":7.16,"spawn":0.002,"wrap":0.01}
STREAMING_STEP_TIMING total=11.01ms {"drain_packets":0.006,"drain_pages":0.004,"enqueue":3.412,"evict":0.279,"player_chunk":0.014,"prune":0.002,"publish":0.003,"queue_pages":7.28,"spawn":0.006,"wrap":0.007}
STREAMING_STEP_TIMING total=11.03ms {"drain_packets":0.005,"drain_pages":0.003,"enqueue":3.31,"evict":0.299,"player_chunk":0.015,"prune":0.003,"publish":0.006,"queue_pages":7.379,"spawn":0.002,"wrap":0.008}
STREAMING_STEP_TIMING total=10.88ms {"drain_packets":0.006,"drain_pages":0.004,"enqueue":3.4,"evict":0.28,"player_chunk":0.014,"prune":0.003,"publish":0.003,"queue_pages":7.16,"spawn":0.003,"wrap":0.008}
STREAMING_STEP_TIMING total=11.58ms {"drain_packets":0.01,"drain_pages":0.005,"enqueue":3.854,"evict":0.281,"player_chunk":0.013,"prune":0.005,"publish":0.004,"queue_pages":7.395,"spawn":0.001,"wrap":0.006}
STREAMING_STEP_TIMING total=11.09ms {"drain_packets":0.005,"drain_pages":0.004,"enqueue":3.244,"evict":0.296,"player_chunk":0.013,"prune":0.002,"publish":0.005,"queue_pages":7.507,"spawn":0.001,"wrap":0.008}
STREAMING_STEP_TIMING total=11.04ms {"drain_packets":0.007,"drain_pages":0.004,"enqueue":3.305,"evict":0.294,"player_chunk":0.025,"prune":0.002,"publish":0.004,"queue_pages":7.383,"spawn":0.001,"wrap":0.009}
STREAMING_STEP_TIMING total=11.03ms {"drain_packets":0.01,"drain_pages":0.005,"enqueue":3.446,"evict":0.288,"player_chunk":0.013,"prune":0.004,"publish":0.004,"queue_pages":7.253,"spawn":0.001,"wrap":0.009}
STREAMING_STEP_TIMING total=10.65ms {"drain_packets":0.006,"drain_pages":0.005,"enqueue":3.268,"evict":0.297,"player_chunk":0.017,"prune":0.001,"publish":0.005,"queue_pages":7.04,"spawn":0.002,"wrap":0.01}
STREAMING_STEP_TIMING total=12.77ms {"drain_packets":0.01,"drain_pages":0.007,"enqueue":5.269,"evict":0.296,"player_chunk":0.013,"prune":0.004,"publish":0.005,"queue_pages":7.152,"spawn":0.002,"wrap":0.008}
STREAMING_STEP_TIMING total=10.88ms {"drain_packets":0.006,"drain_pages":0.005,"enqueue":3.339,"evict":0.28,"player_chunk":0.022,"prune":0.002,"publish":0.003,"queue_pages":7.203,"spawn":0.002,"wrap":0.013}
STREAMING_STEP_TIMING total=11.07ms {"drain_packets":0.007,"drain_pages":0.004,"enqueue":3.281,"evict":0.286,"player_chunk":0.01,"prune":0.001,"publish":0.004,"queue_pages":7.466,"spawn":0.002,"wrap":0.006}
STREAMING_STEP_TIMING total=11.15ms {"drain_packets":0.005,"drain_pages":0.003,"enqueue":3.325,"evict":0.321,"player_chunk":0.014,"prune":0.001,"publish":0.005,"queue_pages":7.468,"spawn":0.001,"wrap":0.006}
STREAMING_STEP_TIMING total=10.93ms {"drain_packets":0.006,"drain_pages":0.005,"enqueue":3.307,"evict":0.297,"player_chunk":0.014,"prune":0.002,"publish":0.004,"queue_pages":7.289,"spawn":0.002,"wrap":0.007}
STREAMING_STEP_TIMING total=11.20ms {"drain_packets":0.007,"drain_pages":0.005,"enqueue":3.36,"evict":0.291,"player_chunk":0.016,"prune":0.002,"publish":0.005,"queue_pages":7.5,"spawn":0.001,"wrap":0.01}
STREAMING_STEP_TIMING total=11.09ms {"drain_packets":0.006,"drain_pages":0.004,"enqueue":3.276,"evict":0.297,"player_chunk":0.014,"prune":0.002,"publish":0.006,"queue_pages":7.471,"spawn":0.002,"wrap":0.008}
STREAMING_STEP_TIMING total=10.72ms {"drain_packets":0.007,"drain_pages":0.004,"enqueue":3.324,"evict":0.28,"player_chunk":0.017,"prune":0.002,"publish":0.003,"queue_pages":7.069,"spawn":0.002,"wrap":0.009}
STREAMING_STEP_TIMING total=12.93ms {"drain_packets":0.01,"drain_pages":0.007,"enqueue":4.252,"evict":0.342,"player_chunk":0.011,"prune":0.006,"publish":0.005,"queue_pages":8.29,"spawn":0.002,"wrap":0.006}
STREAMING_STEP_TIMING total=12.17ms {"drain_packets":0.01,"drain_pages":0.007,"enqueue":4.143,"evict":0.291,"player_chunk":0.021,"prune":0.004,"publish":0.005,"queue_pages":7.679,"spawn":0.002,"wrap":0.011}
STREAMING_STEP_TIMING total=10.79ms {"drain_packets":0.006,"drain_pages":0.005,"enqueue":3.285,"evict":0.295,"player_chunk":0.014,"prune":0.002,"publish":0.006,"queue_pages":7.161,"spawn":0.001,"wrap":0.009}
STREAMING_STEP_TIMING total=10.80ms {"drain_packets":0.005,"drain_pages":0.005,"enqueue":3.288,"evict":0.285,"player_chunk":0.017,"prune":0.002,"publish":0.004,"queue_pages":7.188,"spawn":0.002,"wrap":0.006}
STREAMING_STEP_TIMING total=10.91ms {"drain_packets":0.007,"drain_pages":0.005,"enqueue":3.308,"evict":0.293,"player_chunk":0.013,"prune":0.002,"publish":0.003,"queue_pages":7.27,"spawn":0.002,"wrap":0.009}
STREAMING_STEP_TIMING total=10.82ms {"drain_packets":0.005,"drain_pages":0.005,"enqueue":3.334,"evict":0.289,"player_chunk":0.016,"prune":0.002,"publish":0.006,"queue_pages":7.153,"spawn":0.002,"wrap":0.009}
STREAMING_STEP_TIMING total=10.75ms {"drain_packets":0.005,"drain_pages":0.005,"enqueue":3.291,"evict":0.284,"player_chunk":0.014,"prune":0.002,"publish":0.004,"queue_pages":7.13,"spawn":0.002,"wrap":0.008}
STREAMING_STEP_TIMING total=10.84ms {"drain_packets":0.007,"drain_pages":0.004,"enqueue":3.273,"evict":0.285,"player_chunk":0.017,"prune":0.002,"publish":0.004,"queue_pages":7.237,"spawn":0.002,"wrap":0.009}
STREAMING_STEP_TIMING total=11.17ms {"drain_packets":0.006,"drain_pages":0.005,"enqueue":3.349,"evict":0.299,"player_chunk":0.013,"prune":0.003,"publish":0.005,"queue_pages":7.477,"spawn":0.002,"wrap":0.007}
STREAMING_STEP_TIMING total=10.78ms {"drain_packets":0.005,"drain_pages":0.005,"enqueue":3.305,"evict":0.287,"player_chunk":0.017,"prune":0.001,"publish":0.004,"queue_pages":7.145,"spawn":0.002,"wrap":0.009}
STREAMING_STEP_TIMING total=10.82ms {"drain_packets":0.008,"drain_pages":0.005,"enqueue":3.315,"evict":0.306,"player_chunk":0.013,"prune":0.003,"publish":0.004,"queue_pages":7.158,"spawn":0.001,"wrap":0.008}
STREAMING_STEP_TIMING total=10.76ms {"drain_packets":0.005,"drain_pages":0.004,"enqueue":3.251,"evict":0.299,"player_chunk":0.016,"prune":0.002,"publish":0.005,"queue_pages":7.167,"spawn":0.002,"wrap":0.006}
STREAMING_STEP_TIMING total=10.82ms {"drain_packets":0.005,"drain_pages":0.006,"enqueue":3.301,"evict":0.289,"player_chunk":0.014,"prune":0.002,"publish":0.004,"queue_pages":7.184,"spawn":0.001,"wrap":0.008}
STREAMING_STEP_TIMING total=10.74ms {"drain_packets":0.006,"drain_pages":0.005,"enqueue":3.28,"evict":0.285,"player_chunk":0.017,"prune":0.002,"publish":0.003,"queue_pages":7.132,"spawn":0.002,"wrap":0.01}
STREAMING_STEP_TIMING total=11.05ms {"drain_packets":0.006,"drain_pages":0.004,"enqueue":3.323,"evict":0.297,"player_chunk":0.013,"prune":0.002,"publish":0.005,"queue_pages":7.391,"spawn":0.001,"wrap":0.008}
STREAMING_STEP_TIMING total=10.80ms {"drain_packets":0.006,"drain_pages":0.005,"enqueue":3.317,"evict":0.32,"player_chunk":0.016,"prune":0.003,"publish":0.005,"queue_pages":7.114,"spawn":0.001,"wrap":0.009}
STREAMING_STEP_TIMING total=11.02ms {"drain_packets":0.008,"drain_pages":0.005,"enqueue":3.343,"evict":0.287,"player_chunk":0.014,"prune":0.002,"publish":0.003,"queue_pages":7.341,"spawn":0.002,"wrap":0.009}
STREAMING_STEP_TIMING total=10.93ms {"drain_packets":0.004,"drain_pages":0.003,"enqueue":3.318,"evict":0.285,"player_chunk":0.015,"prune":0.002,"publish":0.002,"queue_pages":7.286,"spawn":0.002,"wrap":0.007}
STREAMING_STEP_TIMING total=10.68ms {"drain_packets":0.006,"drain_pages":0.004,"enqueue":3.249,"evict":0.28,"player_chunk":0.012,"prune":0.003,"publish":0.004,"queue_pages":7.112,"spawn":0.001,"wrap":0.007}
STREAMING_STEP_TIMING total=10.74ms {"drain_packets":0.013,"drain_pages":0.01,"enqueue":3.307,"evict":0.283,"player_chunk":0.016,"prune":0.003,"publish":0.004,"queue_pages":7.094,"spawn":0.002,"wrap":0.006}
STREAMING_STEP_TIMING total=10.89ms {"drain_packets":0.004,"drain_pages":0.004,"enqueue":3.259,"evict":0.288,"player_chunk":0.012,"prune":0.002,"publish":0.004,"queue_pages":7.307,"spawn":0.002,"wrap":0.007}
STREAMING_STEP_TIMING total=10.68ms {"drain_packets":0.005,"drain_pages":0.004,"enqueue":3.282,"evict":0.281,"player_chunk":0.017,"prune":0.001,"publish":0.002,"queue_pages":7.072,"spawn":0.001,"wrap":0.01}
STREAMING_STEP_TIMING total=10.95ms {"drain_packets":0.007,"drain_pages":0.005,"enqueue":3.329,"evict":0.31,"player_chunk":0.012,"prune":0.002,"publish":0.004,"queue_pages":7.268,"spawn":0.001,"wrap":0.008}
STREAMING_STEP_TIMING total=10.79ms {"drain_packets":0.005,"drain_pages":0.003,"enqueue":3.265,"evict":0.294,"player_chunk":0.014,"prune":0.001,"publish":0.006,"queue_pages":7.192,"spawn":0.001,"wrap":0.009}
STREAMING_STEP_TIMING total=10.82ms {"drain_packets":0.006,"drain_pages":0.005,"enqueue":3.323,"evict":0.287,"player_chunk":0.014,"prune":0.001,"publish":0.004,"queue_pages":7.167,"spawn":0.002,"wrap":0.007}
STREAMING_STEP_TIMING total=11.03ms {"drain_packets":0.006,"drain_pages":0.004,"enqueue":3.349,"evict":0.286,"player_chunk":0.016,"prune":0.002,"publish":0.002,"queue_pages":7.355,"spawn":0.002,"wrap":0.009}
STREAMING_STEP_TIMING total=10.81ms {"drain_packets":0.005,"drain_pages":0.003,"enqueue":3.299,"evict":0.292,"player_chunk":0.011,"prune":0.001,"publish":0.004,"queue_pages":7.189,"spawn":0.002,"wrap":0.006}
STREAMING_STEP_TIMING total=10.76ms {"drain_packets":0.005,"drain_pages":0.004,"enqueue":3.275,"evict":0.289,"player_chunk":0.015,"prune":0.002,"publish":0.004,"queue_pages":7.151,"spawn":0.002,"wrap":0.006}
STREAMING_STEP_TIMING total=10.74ms {"drain_packets":0.008,"drain_pages":0.005,"enqueue":3.397,"evict":0.278,"player_chunk":0.016,"prune":0.003,"publish":0.004,"queue_pages":7.018,"spawn":0.002,"wrap":0.008}
STREAMING_STEP_TIMING total=12.26ms {"drain_packets":0.006,"drain_pages":0.003,"enqueue":3.3,"evict":0.362,"player_chunk":0.016,"prune":0.002,"publish":0.006,"queue_pages":8.549,"spawn":0.002,"wrap":0.008}
STREAMING_STEP_TIMING total=12.84ms {"drain_packets":0.006,"drain_pages":0.006,"enqueue":4.078,"evict":0.358,"player_chunk":0.015,"prune":0.002,"publish":0.006,"queue_pages":8.356,"spawn":0.002,"wrap":0.009}
STREAMING_STEP_TIMING total=12.84ms {"drain_packets":0.006,"drain_pages":0.004,"enqueue":4.098,"evict":0.374,"player_chunk":0.02,"prune":0.002,"publish":0.005,"queue_pages":8.316,"spawn":0.002,"wrap":0.01}
STREAMING_STEP_TIMING total=10.82ms {"drain_packets":0.006,"drain_pages":0.005,"enqueue":3.273,"evict":0.28,"player_chunk":0.014,"prune":0.001,"publish":0.003,"queue_pages":7.233,"spawn":0.002,"wrap":0.007}
STREAMING_STEP_TIMING total=10.83ms {"drain_packets":0.006,"drain_pages":0.004,"enqueue":3.3,"evict":0.29,"player_chunk":0.011,"prune":0.003,"publish":0.004,"queue_pages":7.205,"spawn":0.001,"wrap":0.007}
STREAMING_STEP_TIMING total=10.70ms {"drain_packets":0.005,"drain_pages":0.004,"enqueue":3.27,"evict":0.295,"player_chunk":0.013,"prune":0.002,"publish":0.005,"queue_pages":7.089,"spawn":0.002,"wrap":0.008}
STREAMING_STEP_TIMING total=11.15ms {"drain_packets":0.008,"drain_pages":0.004,"enqueue":3.397,"evict":0.284,"player_chunk":0.016,"prune":0.002,"publish":0.003,"queue_pages":7.43,"spawn":0.002,"wrap":0.006}
STREAMING_STEP_TIMING total=10.62ms {"drain_packets":0.006,"drain_pages":0.004,"enqueue":3.268,"evict":0.283,"player_chunk":0.013,"prune":0.003,"publish":0.003,"queue_pages":7.031,"spawn":0.001,"wrap":0.008}
STREAMING_STEP_TIMING total=10.98ms {"drain_packets":0.007,"drain_pages":0.005,"enqueue":3.285,"evict":0.293,"player_chunk":0.017,"prune":0.003,"publish":0.005,"queue_pages":7.346,"spawn":0.002,"wrap":0.01}
STREAMING_STEP_TIMING total=10.76ms {"drain_packets":0.006,"drain_pages":0.004,"enqueue":3.248,"evict":0.308,"player_chunk":0.014,"prune":0.002,"publish":0.006,"queue_pages":7.158,"spawn":0.001,"wrap":0.009}
STREAMING_STEP_TIMING total=10.76ms {"drain_packets":0.008,"drain_pages":0.006,"enqueue":3.308,"evict":0.293,"player_chunk":0.018,"prune":0.004,"publish":0.004,"queue_pages":7.107,"spawn":0.002,"wrap":0.01}
STREAMING_STEP_TIMING total=10.93ms {"drain_packets":0.006,"drain_pages":0.005,"enqueue":3.286,"evict":0.378,"player_chunk":0.014,"prune":0.003,"publish":0.006,"queue_pages":7.217,"spawn":0.002,"wrap":0.008}
STREAMING_STEP_TIMING total=11.00ms {"drain_packets":0.006,"drain_pages":0.004,"enqueue":3.294,"evict":0.303,"player_chunk":0.017,"prune":0.002,"publish":0.004,"queue_pages":7.359,"spawn":0.001,"wrap":0.01}
STREAMING_STEP_TIMING total=10.86ms {"drain_packets":0.009,"drain_pages":0.005,"enqueue":3.41,"evict":0.293,"player_chunk":0.014,"prune":0.004,"publish":0.006,"queue_pages":7.106,"spawn":0.001,"wrap":0.008}
STREAMING_STEP_TIMING total=10.86ms {"drain_packets":0.005,"drain_pages":0.005,"enqueue":3.284,"evict":0.294,"player_chunk":0.016,"prune":0.003,"publish":0.005,"queue_pages":7.24,"spawn":0.002,"wrap":0.005}
STREAMING_STEP_TIMING total=10.98ms {"drain_packets":0.006,"drain_pages":0.005,"enqueue":3.277,"evict":0.287,"player_chunk":0.013,"prune":0.002,"publish":0.004,"queue_pages":7.372,"spawn":0.002,"wrap":0.008}
STREAMING_STEP_TIMING total=11.00ms {"drain_packets":0.008,"drain_pages":0.005,"enqueue":3.427,"evict":0.285,"player_chunk":0.017,"prune":0.004,"publish":0.004,"queue_pages":7.24,"spawn":0.002,"wrap":0.009}
STREAMING_STEP_TIMING total=10.92ms {"drain_packets":0.005,"drain_pages":0.004,"enqueue":3.32,"evict":0.292,"player_chunk":0.014,"prune":0.002,"publish":0.004,"queue_pages":7.268,"spawn":0.002,"wrap":0.008}
STREAMING_STEP_TIMING total=10.69ms {"drain_packets":0.006,"drain_pages":0.003,"enqueue":3.285,"evict":0.281,"player_chunk":0.016,"prune":0.003,"publish":0.002,"queue_pages":7.082,"spawn":0.001,"wrap":0.01}
STREAMING_STEP_TIMING total=10.92ms {"drain_packets":0.009,"drain_pages":0.005,"enqueue":3.401,"evict":0.284,"player_chunk":0.013,"prune":0.005,"publish":0.003,"queue_pages":7.188,"spawn":0.002,"wrap":0.008}
STREAMING_STEP_TIMING total=10.82ms {"drain_packets":0.005,"drain_pages":0.003,"enqueue":3.267,"evict":0.284,"player_chunk":0.015,"prune":0.002,"publish":0.005,"queue_pages":7.228,"spawn":0.002,"wrap":0.009}
STREAMING_STEP_TIMING total=10.67ms {"drain_packets":0.006,"drain_pages":0.004,"enqueue":3.238,"evict":0.279,"player_chunk":0.015,"prune":0.002,"publish":0.003,"queue_pages":7.107,"spawn":0.002,"wrap":0.014}
STREAMING_STEP_TIMING total=11.16ms {"drain_packets":0.008,"drain_pages":0.005,"enqueue":3.381,"evict":0.301,"player_chunk":0.017,"prune":0.004,"publish":0.005,"queue_pages":7.433,"spawn":0.002,"wrap":0.006}
STREAMING_STEP_TIMING total=11.02ms {"drain_packets":0.007,"drain_pages":0.005,"enqueue":3.247,"evict":0.293,"player_chunk":0.013,"prune":0.002,"publish":0.005,"queue_pages":7.435,"spawn":0.002,"wrap":0.008}
STREAMING_STEP_TIMING total=10.79ms {"drain_packets":0.005,"drain_pages":0.005,"enqueue":3.262,"evict":0.295,"player_chunk":0.016,"prune":0.002,"publish":0.007,"queue_pages":7.183,"spawn":0.002,"wrap":0.01}
STREAMING_STEP_TIMING total=10.75ms {"drain_packets":0.007,"drain_pages":0.006,"enqueue":3.298,"evict":0.329,"player_chunk":0.014,"prune":0.002,"publish":0.004,"queue_pages":7.084,"spawn":0.002,"wrap":0.007}
STREAMING_STEP_TIMING total=10.97ms {"drain_packets":0.005,"drain_pages":0.004,"enqueue":3.269,"evict":0.292,"player_chunk":0.016,"prune":0.002,"publish":0.005,"queue_pages":7.362,"spawn":0.002,"wrap":0.01}
STREAMING_STEP_TIMING total=10.88ms {"drain_packets":0.005,"drain_pages":0.005,"enqueue":3.35,"evict":0.298,"player_chunk":0.013,"prune":0.002,"publish":0.004,"queue_pages":7.188,"spawn":0.001,"wrap":0.008}
STREAMING_STEP_TIMING total=10.83ms {"drain_packets":0.006,"drain_pages":0.004,"enqueue":3.277,"evict":0.276,"player_chunk":0.018,"prune":0.002,"publish":0.002,"queue_pages":7.231,"spawn":0.002,"wrap":0.011}
STREAMING_STEP_TIMING total=10.85ms {"drain_packets":0.007,"drain_pages":0.003,"enqueue":3.304,"evict":0.333,"player_chunk":0.01,"prune":0.002,"publish":0.005,"queue_pages":7.179,"spawn":0.001,"wrap":0.006}
STREAMING_STEP_TIMING total=12.06ms {"drain_packets":0.005,"drain_pages":0.004,"enqueue":3.278,"evict":0.475,"player_chunk":0.016,"prune":0.002,"publish":0.007,"queue_pages":8.261,"spawn":0.002,"wrap":0.006}
STREAMING_STEP_TIMING total=14.55ms {"drain_packets":0.01,"drain_pages":0.007,"enqueue":5.242,"evict":0.311,"player_chunk":0.019,"prune":0.003,"publish":0.008,"queue_pages":8.93,"spawn":0.003,"wrap":0.012}
STREAMING_STEP_TIMING total=10.68ms {"drain_packets":0.006,"drain_pages":0.005,"enqueue":3.284,"evict":0.283,"player_chunk":0.017,"prune":0.002,"publish":0.004,"queue_pages":7.064,"spawn":0.002,"wrap":0.011}
STREAMING_STEP_TIMING total=10.84ms {"drain_packets":0.009,"drain_pages":0.008,"enqueue":3.398,"evict":0.286,"player_chunk":0.014,"prune":0.005,"publish":0.004,"queue_pages":7.106,"spawn":0.001,"wrap":0.008}
STREAMING_STEP_TIMING total=10.91ms {"drain_packets":0.006,"drain_pages":0.004,"enqueue":3.272,"evict":0.335,"player_chunk":0.018,"prune":0.002,"publish":0.006,"queue_pages":7.25,"spawn":0.002,"wrap":0.009}
STREAMING_STEP_TIMING total=10.71ms {"drain_packets":0.006,"drain_pages":0.004,"enqueue":3.282,"evict":0.28,"player_chunk":0.013,"prune":0.002,"publish":0.002,"queue_pages":7.112,"spawn":0.002,"wrap":0.008}
STREAMING_STEP_TIMING total=10.64ms {"drain_packets":0.006,"drain_pages":0.005,"enqueue":3.293,"evict":0.278,"player_chunk":0.011,"prune":0.003,"publish":0.003,"queue_pages":7.033,"spawn":0.001,"wrap":0.006}
STREAMING_STEP_TIMING total=10.61ms {"drain_packets":0.004,"drain_pages":0.004,"enqueue":3.245,"evict":0.295,"player_chunk":0.013,"prune":0.002,"publish":0.005,"queue_pages":7.034,"spawn":0.002,"wrap":0.008}
STREAMING_STEP_TIMING total=11.00ms {"drain_packets":0.005,"drain_pages":0.004,"enqueue":3.343,"evict":0.274,"player_chunk":0.017,"prune":0.002,"publish":0.003,"queue_pages":7.347,"spawn":0.002,"wrap":0.006}
STREAMING_STEP_TIMING total=10.82ms {"drain_packets":0.006,"drain_pages":0.005,"enqueue":3.279,"evict":0.282,"player_chunk":0.011,"prune":0.003,"publish":0.003,"queue_pages":7.226,"spawn":0.002,"wrap":0.006}
STREAMING_STEP_TIMING total=10.73ms {"drain_packets":0.005,"drain_pages":0.003,"enqueue":3.339,"evict":0.302,"player_chunk":0.015,"prune":0.002,"publish":0.005,"queue_pages":7.046,"spawn":0.002,"wrap":0.008}
STREAMING_STEP_TIMING total=10.73ms {"drain_packets":0.005,"drain_pages":0.005,"enqueue":3.305,"evict":0.283,"player_chunk":0.013,"prune":0.002,"publish":0.003,"queue_pages":7.104,"spawn":0.002,"wrap":0.008}
STREAMING_STEP_TIMING total=10.66ms {"drain_packets":0.005,"drain_pages":0.004,"enqueue":3.267,"evict":0.284,"player_chunk":0.011,"prune":0.003,"publish":0.004,"queue_pages":7.077,"spawn":0.001,"wrap":0.007}
STREAMING_STEP_TIMING total=10.58ms {"drain_packets":0.006,"drain_pages":0.004,"enqueue":3.231,"evict":0.286,"player_chunk":0.013,"prune":0.002,"publish":0.003,"queue_pages":7.026,"spawn":0.001,"wrap":0.007}
STREAMING_STEP_TIMING total=10.79ms {"drain_packets":0.004,"drain_pages":0.004,"enqueue":3.347,"evict":0.28,"player_chunk":0.017,"prune":0.002,"publish":0.003,"queue_pages":7.118,"spawn":0.001,"wrap":0.009}
STREAMING_STEP_TIMING total=10.85ms {"drain_packets":0.007,"drain_pages":0.006,"enqueue":3.309,"evict":0.291,"player_chunk":0.012,"prune":0.003,"publish":0.005,"queue_pages":7.208,"spawn":0.001,"wrap":0.006}
STREAMING_STEP_TIMING total=10.83ms {"drain_packets":0.006,"drain_pages":0.005,"enqueue":3.301,"evict":0.293,"player_chunk":0.016,"prune":0.001,"publish":0.006,"queue_pages":7.195,"spawn":0.002,"wrap":0.006}
STREAMING_STEP_TIMING total=10.57ms {"drain_packets":0.006,"drain_pages":0.005,"enqueue":3.242,"evict":0.274,"player_chunk":0.013,"prune":0.002,"publish":0.003,"queue_pages":7.017,"spawn":0.002,"wrap":0.008}
STREAMING_STEP_TIMING total=10.91ms {"drain_packets":0.009,"drain_pages":0.005,"enqueue":3.398,"evict":0.295,"player_chunk":0.011,"prune":0.005,"publish":0.005,"queue_pages":7.168,"spawn":0.001,"wrap":0.007}
STREAMING_STEP_TIMING total=10.84ms {"drain_packets":0.005,"drain_pages":0.004,"enqueue":3.255,"evict":0.299,"player_chunk":0.014,"prune":0.002,"publish":0.006,"queue_pages":7.242,"spawn":0.002,"wrap":0.007}
STREAMING_STEP_TIMING total=10.69ms {"drain_packets":0.006,"drain_pages":0.004,"enqueue":3.338,"evict":0.291,"player_chunk":0.016,"prune":0.003,"publish":0.003,"queue_pages":7.02,"spawn":0.001,"wrap":0.01}
STREAMING_STEP_TIMING total=10.93ms {"drain_packets":0.006,"drain_pages":0.004,"enqueue":3.37,"evict":0.29,"player_chunk":0.013,"prune":0.003,"publish":0.005,"queue_pages":7.22,"spawn":0.002,"wrap":0.012}
STREAMING_STEP_TIMING total=10.70ms {"drain_packets":0.005,"drain_pages":0.005,"enqueue":3.261,"evict":0.291,"player_chunk":0.018,"prune":0.002,"publish":0.005,"queue_pages":7.102,"spawn":0.002,"wrap":0.009}
STREAMING_STEP_TIMING total=10.87ms {"drain_packets":0.005,"drain_pages":0.004,"enqueue":3.273,"evict":0.28,"player_chunk":0.014,"prune":0.002,"publish":0.003,"queue_pages":7.279,"spawn":0.002,"wrap":0.008}
STREAMING_STEP_TIMING total=10.71ms {"drain_packets":0.011,"drain_pages":0.006,"enqueue":3.259,"evict":0.287,"player_chunk":0.01,"prune":0.005,"publish":0.004,"queue_pages":7.121,"spawn":0.001,"wrap":0.005}
STREAMING_STEP_TIMING total=10.89ms {"drain_packets":0.004,"drain_pages":0.004,"enqueue":3.269,"evict":0.303,"player_chunk":0.013,"prune":0.002,"publish":0.006,"queue_pages":7.274,"spawn":0.002,"wrap":0.008}
STREAMING_STEP_TIMING total=10.69ms {"drain_packets":0.007,"drain_pages":0.005,"enqueue":3.274,"evict":0.289,"player_chunk":0.018,"prune":0.003,"publish":0.005,"queue_pages":7.077,"spawn":0.002,"wrap":0.01}
STREAMING_STEP_TIMING total=11.17ms {"drain_packets":0.01,"drain_pages":0.005,"enqueue":3.617,"evict":0.283,"player_chunk":0.014,"prune":0.005,"publish":0.003,"queue_pages":7.218,"spawn":0.002,"wrap":0.008}
STREAMING_STEP_TIMING total=10.80ms {"drain_packets":0.005,"drain_pages":0.004,"enqueue":3.268,"evict":0.33,"player_chunk":0.017,"prune":0.001,"publish":0.006,"queue_pages":7.154,"spawn":0.002,"wrap":0.009}
STREAMING_STEP_TIMING total=10.74ms {"drain_packets":0.006,"drain_pages":0.005,"enqueue":3.273,"evict":0.285,"player_chunk":0.014,"prune":0.002,"publish":0.002,"queue_pages":7.148,"spawn":0.002,"wrap":0.007}
STREAMING_STEP_TIMING total=10.74ms {"drain_packets":0.008,"drain_pages":0.006,"enqueue":3.372,"evict":0.281,"player_chunk":0.011,"prune":0.005,"publish":0.003,"queue_pages":7.048,"spawn":0.001,"wrap":0.006}
STREAMING_STEP_TIMING total=10.67ms {"drain_packets":0.004,"drain_pages":0.003,"enqueue":3.267,"evict":0.293,"player_chunk":0.014,"prune":0.002,"publish":0.005,"queue_pages":7.074,"spawn":0.002,"wrap":0.007}
STREAMING_STEP_TIMING total=10.82ms {"drain_packets":0.005,"drain_pages":0.004,"enqueue":3.275,"evict":0.342,"player_chunk":0.015,"prune":0.002,"publish":0.003,"queue_pages":7.161,"spawn":0.001,"wrap":0.006}
STREAMING_STEP_TIMING total=12.86ms {"drain_packets":0.008,"drain_pages":0.006,"enqueue":4.102,"evict":0.34,"player_chunk":0.012,"prune":0.003,"publish":0.003,"queue_pages":8.374,"spawn":0.002,"wrap":0.007}
STREAMING_STEP_TIMING total=13.05ms {"drain_packets":0.01,"drain_pages":0.007,"enqueue":4.116,"evict":0.349,"player_chunk":0.017,"prune":0.005,"publish":0.006,"queue_pages":8.524,"spawn":0.002,"wrap":0.009}
STREAMING_STEP_TIMING total=12.82ms {"drain_packets":0.007,"drain_pages":0.005,"enqueue":4.091,"evict":0.358,"player_chunk":0.014,"prune":0.003,"publish":0.005,"queue_pages":8.327,"spawn":0.002,"wrap":0.009}
STREAMING_STEP_TIMING total=12.39ms {"drain_packets":0.006,"drain_pages":0.005,"enqueue":4.067,"evict":0.375,"player_chunk":0.018,"prune":0.002,"publish":0.005,"queue_pages":7.901,"spawn":0.001,"wrap":0.01}
STREAMING_STEP_TIMING total=10.88ms {"drain_packets":0.005,"drain_pages":0.005,"enqueue":3.267,"evict":0.279,"player_chunk":0.013,"prune":0.002,"publish":0.003,"queue_pages":7.293,"spawn":0.002,"wrap":0.007}
STREAMING_STEP_TIMING total=10.86ms {"drain_packets":0.007,"drain_pages":0.004,"enqueue":3.329,"evict":0.283,"player_chunk":0.011,"prune":0.002,"publish":0.003,"queue_pages":7.215,"spawn":0.001,"wrap":0.007}
[FrameBudget] streaming=11.3ms topology=0.0ms visual=0.0ms spawn=0.0ms total=11.3ms/6.0ms world.streaming_v0=11.3ms(60)
STREAMING_STEP_TIMING total=11.05ms {"drain_packets":0.006,"drain_pages":0.003,"enqueue":3.245,"evict":0.359,"player_chunk":0.018,"prune":0.002,"publish":0.006,"queue_pages":7.399,"spawn":0.002,"wrap":0.007}
STREAMING_STEP_TIMING total=12.81ms {"drain_packets":0.006,"drain_pages":0.004,"enqueue":4.116,"evict":0.347,"player_chunk":0.019,"prune":0.002,"publish":0.003,"queue_pages":8.304,"spawn":0.001,"wrap":0.007}
STREAMING_STEP_TIMING total=13.26ms {"drain_packets":0.01,"drain_pages":0.006,"enqueue":4.141,"evict":0.363,"player_chunk":0.017,"prune":0.003,"publish":0.007,"queue_pages":8.695,"spawn":0.002,"wrap":0.018}
STREAMING_STEP_TIMING total=12.35ms {"drain_packets":0.008,"drain_pages":0.006,"enqueue":4.098,"evict":0.306,"player_chunk":0.02,"prune":0.003,"publish":0.006,"queue_pages":7.89,"spawn":0.002,"wrap":0.01}
STREAMING_STEP_TIMING total=10.89ms {"drain_packets":0.007,"drain_pages":0.005,"enqueue":3.251,"evict":0.291,"player_chunk":0.014,"prune":0.002,"publish":0.006,"queue_pages":7.299,"spawn":0.002,"wrap":0.008}
STREAMING_STEP_TIMING total=10.63ms {"drain_packets":0.007,"drain_pages":0.005,"enqueue":3.285,"evict":0.283,"player_chunk":0.023,"prune":0.002,"publish":0.004,"queue_pages":7.007,"spawn":0.001,"wrap":0.01}
STREAMING_STEP_TIMING total=10.89ms {"drain_packets":0.007,"drain_pages":0.005,"enqueue":3.398,"evict":0.287,"player_chunk":0.013,"prune":0.003,"publish":0.004,"queue_pages":7.156,"spawn":0.002,"wrap":0.009}
STREAMING_STEP_TIMING total=11.10ms {"drain_packets":0.005,"drain_pages":0.005,"enqueue":3.248,"evict":0.304,"player_chunk":0.018,"prune":0.002,"publish":0.006,"queue_pages":7.498,"spawn":0.002,"wrap":0.009}
STREAMING_STEP_TIMING total=10.75ms {"drain_packets":0.006,"drain_pages":0.005,"enqueue":3.278,"evict":0.279,"player_chunk":0.014,"prune":0.002,"publish":0.002,"queue_pages":7.155,"spawn":0.001,"wrap":0.008}
STREAMING_STEP_TIMING total=10.89ms {"drain_packets":0.008,"drain_pages":0.005,"enqueue":3.355,"evict":0.285,"player_chunk":0.013,"prune":0.002,"publish":0.003,"queue_pages":7.206,"spawn":0.001,"wrap":0.007}
STREAMING_STEP_TIMING total=10.84ms {"drain_packets":0.005,"drain_pages":0.004,"enqueue":3.322,"evict":0.3,"player_chunk":0.013,"prune":0.001,"publish":0.006,"queue_pages":7.18,"spawn":0.002,"wrap":0.007}
STREAMING_STEP_TIMING total=10.85ms {"drain_packets":0.005,"drain_pages":0.005,"enqueue":3.29,"evict":0.337,"player_chunk":0.017,"prune":0.001,"publish":0.003,"queue_pages":7.179,"spawn":0.002,"wrap":0.009}
STREAMING_STEP_TIMING total=10.72ms {"drain_packets":0.006,"drain_pages":0.005,"enqueue":3.279,"evict":0.28,"player_chunk":0.013,"prune":0.003,"publish":0.003,"queue_pages":7.118,"spawn":0.002,"wrap":0.008}
STREAMING_STEP_TIMING total=10.74ms {"drain_packets":0.004,"drain_pages":0.004,"enqueue":3.298,"evict":0.288,"player_chunk":0.014,"prune":0.002,"publish":0.005,"queue_pages":7.112,"spawn":0.002,"wrap":0.008}
STREAMING_STEP_TIMING total=10.66ms {"drain_packets":0.005,"drain_pages":0.004,"enqueue":3.27,"evict":0.285,"player_chunk":0.013,"prune":0.002,"publish":0.003,"queue_pages":7.063,"spawn":0.002,"wrap":0.007}
STREAMING_STEP_TIMING total=10.80ms {"drain_packets":0.007,"drain_pages":0.005,"enqueue":3.319,"evict":0.282,"player_chunk":0.015,"prune":0.003,"publish":0.003,"queue_pages":7.152,"spawn":0.002,"wrap":0.009}
STREAMING_STEP_TIMING total=10.96ms {"drain_packets":0.009,"drain_pages":0.006,"enqueue":3.353,"evict":0.3,"player_chunk":0.012,"prune":0.006,"publish":0.005,"queue_pages":7.254,"spawn":0.002,"wrap":0.006}
STREAMING_STEP_TIMING total=11.15ms {"drain_packets":0.008,"drain_pages":0.006,"enqueue":3.281,"evict":0.424,"player_chunk":0.017,"prune":0.003,"publish":0.006,"queue_pages":7.396,"spawn":0.002,"wrap":0.006}
STREAMING_STEP_TIMING total=10.94ms {"drain_packets":0.008,"drain_pages":0.005,"enqueue":3.449,"evict":0.307,"player_chunk":0.015,"prune":0.003,"publish":0.002,"queue_pages":7.139,"spawn":0.002,"wrap":0.008}
STREAMING_STEP_TIMING total=10.97ms {"drain_packets":0.006,"drain_pages":0.005,"enqueue":3.423,"evict":0.284,"player_chunk":0.015,"prune":0.003,"publish":0.004,"queue_pages":7.221,"spawn":0.002,"wrap":0.008}
STREAMING_STEP_TIMING total=11.38ms {"drain_packets":0.005,"drain_pages":0.004,"enqueue":3.353,"evict":0.296,"player_chunk":0.013,"prune":0.003,"publish":0.006,"queue_pages":7.691,"spawn":0.001,"wrap":0.008}
STREAMING_STEP_TIMING total=10.70ms {"drain_packets":0.006,"drain_pages":0.004,"enqueue":3.252,"evict":0.28,"player_chunk":0.017,"prune":0.001,"publish":0.003,"queue_pages":7.123,"spawn":0.002,"wrap":0.01}
STREAMING_STEP_TIMING total=11.08ms {"drain_packets":0.008,"drain_pages":0.004,"enqueue":3.326,"evict":0.29,"player_chunk":0.011,"prune":0.002,"publish":0.004,"queue_pages":7.429,"spawn":0.002,"wrap":0.006}
STREAMING_STEP_TIMING total=10.77ms {"drain_packets":0.005,"drain_pages":0.004,"enqueue":3.282,"evict":0.3,"player_chunk":0.034,"prune":0.002,"publish":0.005,"queue_pages":7.122,"spawn":0.003,"wrap":0.015}
STREAMING_STEP_TIMING total=10.88ms {"drain_packets":0.008,"drain_pages":0.006,"enqueue":3.315,"evict":0.302,"player_chunk":0.014,"prune":0.002,"publish":0.006,"queue_pages":7.216,"spawn":0.002,"wrap":0.008}
STREAMING_STEP_TIMING total=13.00ms {"drain_packets":0.01,"drain_pages":0.006,"enqueue":4.124,"evict":0.36,"player_chunk":0.021,"prune":0.004,"publish":0.005,"queue_pages":8.459,"spawn":0.002,"wrap":0.008}
STREAMING_STEP_TIMING total=13.08ms {"drain_packets":0.007,"drain_pages":0.006,"enqueue":4.106,"evict":0.356,"player_chunk":0.015,"prune":0.003,"publish":0.006,"queue_pages":8.565,"spawn":0.002,"wrap":0.008}
STREAMING_STEP_TIMING total=12.80ms {"drain_packets":0.008,"drain_pages":0.006,"enqueue":4.08,"evict":0.352,"player_chunk":0.019,"prune":0.002,"publish":0.006,"queue_pages":8.312,"spawn":0.002,"wrap":0.01}
STREAMING_STEP_TIMING total=10.60ms {"drain_packets":0.006,"drain_pages":0.006,"enqueue":3.248,"evict":0.281,"player_chunk":0.014,"prune":0.002,"publish":0.003,"queue_pages":7.023,"spawn":0.002,"wrap":0.009}
STREAMING_STEP_TIMING total=10.97ms {"drain_packets":0.008,"drain_pages":0.005,"enqueue":3.419,"evict":0.289,"player_chunk":0.016,"prune":0.004,"publish":0.005,"queue_pages":7.214,"spawn":0.002,"wrap":0.01}
STREAMING_STEP_TIMING total=10.86ms {"drain_packets":0.006,"drain_pages":0.005,"enqueue":3.294,"evict":0.295,"player_chunk":0.014,"prune":0.002,"publish":0.005,"queue_pages":7.223,"spawn":0.002,"wrap":0.008}
STREAMING_STEP_TIMING total=10.75ms {"drain_packets":0.006,"drain_pages":0.005,"enqueue":3.256,"evict":0.28,"player_chunk":0.017,"prune":0.002,"publish":0.002,"queue_pages":7.165,"spawn":0.001,"wrap":0.01}
STREAMING_STEP_TIMING total=10.87ms {"drain_packets":0.007,"drain_pages":0.005,"enqueue":3.327,"evict":0.287,"player_chunk":0.013,"prune":0.004,"publish":0.003,"queue_pages":7.215,"spawn":0.002,"wrap":0.008}
STREAMING_STEP_TIMING total=10.80ms {"drain_packets":0.004,"drain_pages":0.004,"enqueue":3.323,"evict":0.293,"player_chunk":0.015,"prune":0.002,"publish":0.005,"queue_pages":7.148,"spawn":0.001,"wrap":0.006}
STREAMING_STEP_TIMING total=10.77ms {"drain_packets":0.005,"drain_pages":0.005,"enqueue":3.26,"evict":0.298,"player_chunk":0.013,"prune":0.002,"publish":0.005,"queue_pages":7.17,"spawn":0.002,"wrap":0.009}
STREAMING_STEP_TIMING total=10.75ms {"drain_packets":0.006,"drain_pages":0.004,"enqueue":3.349,"evict":0.277,"player_chunk":0.019,"prune":0.003,"publish":0.002,"queue_pages":7.075,"spawn":0.002,"wrap":0.01}
STREAMING_STEP_TIMING total=11.35ms {"drain_packets":0.005,"drain_pages":0.003,"enqueue":3.258,"evict":0.298,"player_chunk":0.012,"prune":0.002,"publish":0.006,"queue_pages":7.754,"spawn":0.001,"wrap":0.007}
STREAMING_STEP_TIMING total=10.80ms {"drain_packets":0.006,"drain_pages":0.004,"enqueue":3.256,"evict":0.331,"player_chunk":0.018,"prune":0.001,"publish":0.003,"queue_pages":7.167,"spawn":0.002,"wrap":0.009}
STREAMING_STEP_TIMING total=10.84ms {"drain_packets":0.005,"drain_pages":0.005,"enqueue":3.305,"evict":0.282,"player_chunk":0.014,"prune":0.003,"publish":0.002,"queue_pages":7.218,"spawn":0.001,"wrap":0.008}
STREAMING_STEP_TIMING total=10.82ms {"drain_packets":0.005,"drain_pages":0.004,"enqueue":3.341,"evict":0.288,"player_chunk":0.012,"prune":0.003,"publish":0.005,"queue_pages":7.156,"spawn":0.001,"wrap":0.007}
STREAMING_STEP_TIMING total=11.10ms {"drain_packets":0.005,"drain_pages":0.005,"enqueue":3.284,"evict":0.319,"player_chunk":0.014,"prune":0.002,"publish":0.007,"queue_pages":7.454,"spawn":0.002,"wrap":0.007}
STREAMING_STEP_TIMING total=10.69ms {"drain_packets":0.008,"drain_pages":0.005,"enqueue":3.317,"evict":0.282,"player_chunk":0.018,"prune":0.002,"publish":0.004,"queue_pages":7.043,"spawn":0.002,"wrap":0.006}
STREAMING_STEP_TIMING total=11.79ms {"drain_packets":0.011,"drain_pages":0.008,"enqueue":4.254,"evict":0.284,"player_chunk":0.02,"prune":0.009,"publish":0.004,"queue_pages":7.179,"spawn":0.002,"wrap":0.012}
STREAMING_STEP_TIMING total=10.84ms {"drain_packets":0.006,"drain_pages":0.005,"enqueue":3.285,"evict":0.295,"player_chunk":0.017,"prune":0.002,"publish":0.005,"queue_pages":7.216,"spawn":0.002,"wrap":0.01}
STREAMING_STEP_TIMING total=10.77ms {"drain_packets":0.006,"drain_pages":0.005,"enqueue":3.294,"evict":0.285,"player_chunk":0.014,"prune":0.003,"publish":0.005,"queue_pages":7.149,"spawn":0.002,"wrap":0.008}
STREAMING_STEP_TIMING total=10.99ms {"drain_packets":0.007,"drain_pages":0.005,"enqueue":3.4,"evict":0.286,"player_chunk":0.017,"prune":0.004,"publish":0.004,"queue_pages":7.253,"spawn":0.001,"wrap":0.009}
STREAMING_STEP_TIMING total=10.89ms {"drain_packets":0.006,"drain_pages":0.006,"enqueue":3.35,"evict":0.291,"player_chunk":0.013,"prune":0.003,"publish":0.004,"queue_pages":7.201,"spawn":0.001,"wrap":0.008}
STREAMING_STEP_TIMING total=10.72ms {"drain_packets":0.005,"drain_pages":0.004,"enqueue":3.285,"evict":0.28,"player_chunk":0.016,"prune":0.002,"publish":0.003,"queue_pages":7.112,"spawn":0.001,"wrap":0.01}
STREAMING_STEP_TIMING total=10.74ms {"drain_packets":0.007,"drain_pages":0.005,"enqueue":3.267,"evict":0.29,"player_chunk":0.01,"prune":0.003,"publish":0.004,"queue_pages":7.147,"spawn":0.001,"wrap":0.007}
STREAMING_STEP_TIMING total=10.98ms {"drain_packets":0.005,"drain_pages":0.004,"enqueue":3.303,"evict":0.295,"player_chunk":0.014,"prune":0.002,"publish":0.005,"queue_pages":7.349,"spawn":0.002,"wrap":0.005}
STREAMING_STEP_TIMING total=10.71ms {"drain_packets":0.005,"drain_pages":0.004,"enqueue":3.259,"evict":0.275,"player_chunk":0.013,"prune":0.003,"publish":0.003,"queue_pages":7.131,"spawn":0.002,"wrap":0.008}
STREAMING_STEP_TIMING total=10.83ms {"drain_packets":0.013,"drain_pages":0.006,"enqueue":3.388,"evict":0.29,"player_chunk":0.011,"prune":0.006,"publish":0.005,"queue_pages":7.099,"spawn":0.001,"wrap":0.007}
STREAMING_STEP_TIMING total=10.76ms {"drain_packets":0.005,"drain_pages":0.005,"enqueue":3.249,"evict":0.298,"player_chunk":0.014,"prune":0.002,"publish":0.005,"queue_pages":7.167,"spawn":0.001,"wrap":0.009}
STREAMING_STEP_TIMING total=10.63ms {"drain_packets":0.006,"drain_pages":0.005,"enqueue":3.268,"evict":0.28,"player_chunk":0.016,"prune":0.004,"publish":0.003,"queue_pages":7.029,"spawn":0.001,"wrap":0.011}
STREAMING_STEP_TIMING total=10.72ms {"drain_packets":0.008,"drain_pages":0.005,"enqueue":3.289,"evict":0.283,"player_chunk":0.014,"prune":0.003,"publish":0.004,"queue_pages":7.103,"spawn":0.002,"wrap":0.009}
STREAMING_STEP_TIMING total=10.80ms {"drain_packets":0.005,"drain_pages":0.003,"enqueue":3.238,"evict":0.293,"player_chunk":0.016,"prune":0.001,"publish":0.004,"queue_pages":7.223,"spawn":0.002,"wrap":0.009}
STREAMING_STEP_TIMING total=10.61ms {"drain_packets":0.006,"drain_pages":0.003,"enqueue":3.245,"evict":0.279,"player_chunk":0.012,"prune":0.002,"publish":0.002,"queue_pages":7.051,"spawn":0.002,"wrap":0.008}
STREAMING_STEP_TIMING total=10.89ms {"drain_packets":0.007,"drain_pages":0.005,"enqueue":3.34,"evict":0.287,"player_chunk":0.009,"prune":0.002,"publish":0.005,"queue_pages":7.222,"spawn":0.001,"wrap":0.006}
STREAMING_STEP_TIMING total=11.23ms {"drain_packets":0.006,"drain_pages":0.005,"enqueue":3.272,"evict":0.311,"player_chunk":0.013,"prune":0.002,"publish":0.006,"queue_pages":7.601,"spawn":0.002,"wrap":0.008}
STREAMING_STEP_TIMING total=10.90ms {"drain_packets":0.006,"drain_pages":0.007,"enqueue":3.292,"evict":0.289,"player_chunk":0.018,"prune":0.002,"publish":0.003,"queue_pages":7.265,"spawn":0.002,"wrap":0.01}
STREAMING_STEP_TIMING total=10.87ms {"drain_packets":0.008,"drain_pages":0.005,"enqueue":3.462,"evict":0.279,"player_chunk":0.013,"prune":0.003,"publish":0.003,"queue_pages":7.085,"spawn":0.006,"wrap":0.008}
STREAMING_STEP_TIMING total=11.31ms {"drain_packets":0.005,"drain_pages":0.004,"enqueue":3.299,"evict":0.305,"player_chunk":0.016,"prune":0.001,"publish":0.006,"queue_pages":7.66,"spawn":0.002,"wrap":0.009}
STREAMING_STEP_TIMING total=10.75ms {"drain_packets":0.006,"drain_pages":0.006,"enqueue":3.287,"evict":0.283,"player_chunk":0.014,"prune":0.002,"publish":0.004,"queue_pages":7.136,"spawn":0.002,"wrap":0.009}
STREAMING_STEP_TIMING total=10.75ms {"drain_packets":0.006,"drain_pages":0.005,"enqueue":3.299,"evict":0.282,"player_chunk":0.014,"prune":0.002,"publish":0.003,"queue_pages":7.129,"spawn":0.002,"wrap":0.008}
STREAMING_STEP_TIMING total=10.69ms {"drain_packets":0.005,"drain_pages":0.004,"enqueue":3.291,"evict":0.279,"player_chunk":0.014,"prune":0.003,"publish":0.004,"queue_pages":7.077,"spawn":0.001,"wrap":0.007}
STREAMING_STEP_TIMING total=10.87ms {"drain_packets":0.005,"drain_pages":0.004,"enqueue":3.3,"evict":0.297,"player_chunk":0.016,"prune":0.001,"publish":0.005,"queue_pages":7.237,"spawn":0.002,"wrap":0.006}
STREAMING_STEP_TIMING total=10.95ms {"drain_packets":0.006,"drain_pages":0.005,"enqueue":3.293,"evict":0.287,"player_chunk":0.015,"prune":0.003,"publish":0.003,"queue_pages":7.329,"spawn":0.002,"wrap":0.008}
STREAMING_STEP_TIMING total=10.89ms {"drain_packets":0.006,"drain_pages":0.004,"enqueue":3.25,"evict":0.283,"player_chunk":0.013,"prune":0.002,"publish":0.003,"queue_pages":7.32,"spawn":0.001,"wrap":0.007}
STREAMING_STEP_TIMING total=10.76ms {"drain_packets":0.005,"drain_pages":0.004,"enqueue":3.276,"evict":0.296,"player_chunk":0.014,"prune":0.002,"publish":0.005,"queue_pages":7.144,"spawn":0.001,"wrap":0.007}
STREAMING_STEP_TIMING total=10.97ms {"drain_packets":0.006,"drain_pages":0.004,"enqueue":3.314,"evict":0.287,"player_chunk":0.019,"prune":0.002,"publish":0.003,"queue_pages":7.32,"spawn":0.001,"wrap":0.01}
STREAMING_STEP_TIMING total=10.76ms {"drain_packets":0.006,"drain_pages":0.004,"enqueue":3.25,"evict":0.284,"player_chunk":0.012,"prune":0.001,"publish":0.003,"queue_pages":7.188,"spawn":0.001,"wrap":0.006}
STREAMING_STEP_TIMING total=10.75ms {"drain_packets":0.004,"drain_pages":0.004,"enqueue":3.303,"evict":0.294,"player_chunk":0.014,"prune":0.002,"publish":0.005,"queue_pages":7.113,"spawn":0.001,"wrap":0.008}
STREAMING_STEP_TIMING total=12.35ms {"drain_packets":0.007,"drain_pages":0.005,"enqueue":3.301,"evict":0.479,"player_chunk":0.014,"prune":0.003,"publish":0.007,"queue_pages":8.522,"spawn":0.002,"wrap":0.008}
STREAMING_STEP_TIMING total=13.87ms {"drain_packets":0.012,"drain_pages":0.012,"enqueue":5.208,"evict":0.295,"player_chunk":0.023,"prune":0.007,"publish":0.005,"queue_pages":8.296,"spawn":0.003,"wrap":0.009}
STREAMING_STEP_TIMING total=10.79ms {"drain_packets":0.007,"drain_pages":0.005,"enqueue":3.274,"evict":0.29,"player_chunk":0.014,"prune":0.002,"publish":0.005,"queue_pages":7.181,"spawn":0.002,"wrap":0.008}
STREAMING_STEP_TIMING total=10.85ms {"drain_packets":0.007,"drain_pages":0.004,"enqueue":3.411,"evict":0.311,"player_chunk":0.016,"prune":0.002,"publish":0.004,"queue_pages":7.08,"spawn":0.001,"wrap":0.012}
STREAMING_STEP_TIMING total=10.72ms {"drain_packets":0.007,"drain_pages":0.005,"enqueue":3.268,"evict":0.29,"player_chunk":0.013,"prune":0.002,"publish":0.004,"queue_pages":7.115,"spawn":0.002,"wrap":0.008}
STREAMING_STEP_TIMING total=10.64ms {"drain_packets":0.007,"drain_pages":0.005,"enqueue":3.298,"evict":0.275,"player_chunk":0.015,"prune":0.003,"publish":0.003,"queue_pages":7.018,"spawn":0.002,"wrap":0.008}
STREAMING_STEP_TIMING total=10.91ms {"drain_packets":0.005,"drain_pages":0.004,"enqueue":3.288,"evict":0.3,"player_chunk":0.012,"prune":0.002,"publish":0.006,"queue_pages":7.285,"spawn":0.001,"wrap":0.008}
STREAMING_STEP_TIMING total=10.66ms {"drain_packets":0.006,"drain_pages":0.004,"enqueue":3.291,"evict":0.271,"player_chunk":0.016,"prune":0.001,"publish":0.003,"queue_pages":7.055,"spawn":0.001,"wrap":0.009}
STREAMING_STEP_TIMING total=10.68ms {"drain_packets":0.007,"drain_pages":0.005,"enqueue":3.271,"evict":0.288,"player_chunk":0.01,"prune":0.002,"publish":0.004,"queue_pages":7.088,"spawn":0.001,"wrap":0.006}
STREAMING_STEP_TIMING total=10.73ms {"drain_packets":0.005,"drain_pages":0.004,"enqueue":3.257,"evict":0.288,"player_chunk":0.019,"prune":0.002,"publish":0.005,"queue_pages":7.14,"spawn":0.002,"wrap":0.006}
STREAMING_STEP_TIMING total=10.67ms {"drain_packets":0.006,"drain_pages":0.005,"enqueue":3.319,"evict":0.282,"player_chunk":0.014,"prune":0.003,"publish":0.004,"queue_pages":7.026,"spawn":0.002,"wrap":0.007}
STREAMING_STEP_TIMING total=10.95ms {"drain_packets":0.007,"drain_pages":0.005,"enqueue":3.263,"evict":0.298,"player_chunk":0.016,"prune":0.002,"publish":0.004,"queue_pages":7.342,"spawn":0.002,"wrap":0.01}
STREAMING_STEP_TIMING total=10.75ms {"drain_packets":0.006,"drain_pages":0.004,"enqueue":3.221,"evict":0.297,"player_chunk":0.013,"prune":0.003,"publish":0.007,"queue_pages":7.187,"spawn":0.001,"wrap":0.008}
STREAMING_STEP_TIMING total=10.68ms {"drain_packets":0.01,"drain_pages":0.006,"enqueue":3.324,"evict":0.277,"player_chunk":0.017,"prune":0.005,"publish":0.003,"queue_pages":7.027,"spawn":0.002,"wrap":0.009}
STREAMING_STEP_TIMING total=12.99ms {"drain_packets":0.007,"drain_pages":0.005,"enqueue":3.265,"evict":0.468,"player_chunk":0.014,"prune":0.002,"publish":0.008,"queue_pages":9.211,"spawn":0.002,"wrap":0.008}
STREAMING_STEP_TIMING total=18.69ms {"drain_packets":0.012,"drain_pages":0.007,"enqueue":5.207,"evict":0.592,"player_chunk":0.023,"prune":0.005,"publish":0.01,"queue_pages":12.811,"spawn":0.003,"wrap":0.014}
STREAMING_STEP_TIMING total=14.57ms {"drain_packets":0.01,"drain_pages":0.007,"enqueue":5.554,"evict":0.378,"player_chunk":0.021,"prune":0.006,"publish":0.007,"queue_pages":8.57,"spawn":0.003,"wrap":0.013}
STREAMING_STEP_TIMING total=14.47ms {"drain_packets":0.014,"drain_pages":0.009,"enqueue":4.231,"evict":0.367,"player_chunk":0.019,"prune":0.006,"publish":0.007,"queue_pages":9.805,"spawn":0.002,"wrap":0.007}
STREAMING_STEP_TIMING total=13.57ms {"drain_packets":0.008,"drain_pages":0.006,"enqueue":4.063,"evict":0.418,"player_chunk":0.016,"prune":0.003,"publish":0.008,"queue_pages":9.038,"spawn":0.002,"wrap":0.01}
STREAMING_STEP_TIMING total=14.59ms {"drain_packets":0.008,"drain_pages":0.006,"enqueue":4.057,"evict":0.309,"player_chunk":0.021,"prune":0.004,"publish":0.006,"queue_pages":10.161,"spawn":0.002,"wrap":0.012}
STREAMING_STEP_TIMING total=12.08ms {"drain_packets":0.007,"drain_pages":0.006,"enqueue":3.301,"evict":0.427,"player_chunk":0.015,"prune":0.002,"publish":0.01,"queue_pages":8.297,"spawn":0.002,"wrap":0.008}
STREAMING_STEP_TIMING total=17.09ms {"drain_packets":0.009,"drain_pages":0.005,"enqueue":3.521,"evict":0.565,"player_chunk":0.019,"prune":0.005,"publish":0.009,"queue_pages":12.943,"spawn":0.003,"wrap":0.012}
STREAMING_STEP_TIMING total=20.71ms {"drain_packets":0.015,"drain_pages":0.008,"enqueue":6.531,"evict":0.311,"player_chunk":0.024,"prune":0.008,"publish":0.006,"queue_pages":13.792,"spawn":0.004,"wrap":0.013}
STREAMING_STEP_TIMING total=16.66ms {"drain_packets":0.017,"drain_pages":0.008,"enqueue":6.668,"evict":0.373,"player_chunk":0.023,"prune":0.007,"publish":0.006,"queue_pages":9.541,"spawn":0.003,"wrap":0.009}
STREAMING_STEP_TIMING total=16.80ms {"drain_packets":0.008,"drain_pages":0.006,"enqueue":4.095,"evict":0.366,"player_chunk":0.023,"prune":0.002,"publish":0.007,"queue_pages":12.278,"spawn":0.002,"wrap":0.01}
STREAMING_STEP_TIMING total=12.83ms {"drain_packets":0.009,"drain_pages":0.006,"enqueue":4.113,"evict":0.351,"player_chunk":0.02,"prune":0.003,"publish":0.005,"queue_pages":8.312,"spawn":0.002,"wrap":0.011}
STREAMING_STEP_TIMING total=13.02ms {"drain_packets":0.006,"drain_pages":0.006,"enqueue":4.094,"evict":0.364,"player_chunk":0.015,"prune":0.003,"publish":0.006,"queue_pages":8.509,"spawn":0.003,"wrap":0.009}
STREAMING_STEP_TIMING total=12.29ms {"drain_packets":0.006,"drain_pages":0.005,"enqueue":4.109,"evict":0.282,"player_chunk":0.02,"prune":0.002,"publish":0.004,"queue_pages":7.843,"spawn":0.002,"wrap":0.011}
STREAMING_STEP_TIMING total=11.05ms {"drain_packets":0.01,"drain_pages":0.005,"enqueue":3.455,"evict":0.287,"player_chunk":0.013,"prune":0.006,"publish":0.003,"queue_pages":7.258,"spawn":0.002,"wrap":0.008}
STREAMING_STEP_TIMING total=12.61ms {"drain_packets":0.007,"drain_pages":0.006,"enqueue":3.962,"evict":0.352,"player_chunk":0.016,"prune":0.003,"publish":0.005,"queue_pages":8.251,"spawn":0.002,"wrap":0.007}
STREAMING_STEP_TIMING total=12.20ms {"drain_packets":0.008,"drain_pages":0.005,"enqueue":4.064,"evict":0.291,"player_chunk":0.015,"prune":0.003,"publish":0.004,"queue_pages":7.798,"spawn":0.002,"wrap":0.009}
STREAMING_STEP_TIMING total=10.65ms {"drain_packets":0.005,"drain_pages":0.004,"enqueue":3.269,"evict":0.275,"player_chunk":0.017,"prune":0.002,"publish":0.003,"queue_pages":7.068,"spawn":0.002,"wrap":0.009}
STREAMING_STEP_TIMING total=10.81ms {"drain_packets":0.009,"drain_pages":0.005,"enqueue":3.298,"evict":0.287,"player_chunk":0.01,"prune":0.004,"publish":0.005,"queue_pages":7.182,"spawn":0.002,"wrap":0.006}
STREAMING_STEP_TIMING total=10.65ms {"drain_packets":0.006,"drain_pages":0.004,"enqueue":3.231,"evict":0.301,"player_chunk":0.017,"prune":0.003,"publish":0.006,"queue_pages":7.066,"spawn":0.002,"wrap":0.01}
STREAMING_STEP_TIMING total=10.79ms {"drain_packets":0.006,"drain_pages":0.004,"enqueue":3.267,"evict":0.274,"player_chunk":0.014,"prune":0.003,"publish":0.003,"queue_pages":7.206,"spawn":0.002,"wrap":0.007}
STREAMING_STEP_TIMING total=10.90ms {"drain_packets":0.006,"drain_pages":0.005,"enqueue":3.304,"evict":0.289,"player_chunk":0.011,"prune":0.003,"publish":0.004,"queue_pages":7.267,"spawn":0.001,"wrap":0.007}
STREAMING_STEP_TIMING total=10.79ms {"drain_packets":0.006,"drain_pages":0.005,"enqueue":3.258,"evict":0.293,"player_chunk":0.013,"prune":0.002,"publish":0.004,"queue_pages":7.193,"spawn":0.002,"wrap":0.008}
STREAMING_STEP_TIMING total=10.71ms {"drain_packets":0.005,"drain_pages":0.004,"enqueue":3.294,"evict":0.277,"player_chunk":0.014,"prune":0.002,"publish":0.003,"queue_pages":7.098,"spawn":0.002,"wrap":0.006}
STREAMING_STEP_TIMING total=10.66ms {"drain_packets":0.006,"drain_pages":0.004,"enqueue":3.248,"evict":0.278,"player_chunk":0.01,"prune":0.002,"publish":0.004,"queue_pages":7.105,"spawn":0.002,"wrap":0.005}
STREAMING_STEP_TIMING total=11.01ms {"drain_packets":0.005,"drain_pages":0.004,"enqueue":3.291,"evict":0.295,"player_chunk":0.014,"prune":0.001,"publish":0.006,"queue_pages":7.382,"spawn":0.001,"wrap":0.008}
STREAMING_STEP_TIMING total=10.72ms {"drain_packets":0.008,"drain_pages":0.005,"enqueue":3.302,"evict":0.278,"player_chunk":0.019,"prune":0.003,"publish":0.004,"queue_pages":7.049,"spawn":0.002,"wrap":0.049}
STREAMING_STEP_TIMING total=10.67ms {"drain_packets":0.007,"drain_pages":0.004,"enqueue":3.242,"evict":0.288,"player_chunk":0.017,"prune":0.003,"publish":0.004,"queue_pages":7.098,"spawn":0.002,"wrap":0.008}
STREAMING_STEP_TIMING total=10.90ms {"drain_packets":0.006,"drain_pages":0.004,"enqueue":3.273,"evict":0.297,"player_chunk":0.014,"prune":0.002,"publish":0.005,"queue_pages":7.285,"spawn":0.002,"wrap":0.008}
STREAMING_STEP_TIMING total=10.66ms {"drain_packets":0.006,"drain_pages":0.004,"enqueue":3.277,"evict":0.278,"player_chunk":0.016,"prune":0.002,"publish":0.003,"queue_pages":7.067,"spawn":0.001,"wrap":0.01}
STREAMING_STEP_TIMING total=10.87ms {"drain_packets":0.008,"drain_pages":0.005,"enqueue":3.426,"evict":0.28,"player_chunk":0.01,"prune":0.004,"publish":0.003,"queue_pages":7.12,"spawn":0.001,"wrap":0.006}
STREAMING_STEP_TIMING total=11.03ms {"drain_packets":0.004,"drain_pages":0.003,"enqueue":3.271,"evict":0.303,"player_chunk":0.015,"prune":0.002,"publish":0.006,"queue_pages":7.416,"spawn":0.001,"wrap":0.006}
STREAMING_STEP_TIMING total=10.91ms {"drain_packets":0.006,"drain_pages":0.004,"enqueue":3.317,"evict":0.287,"player_chunk":0.014,"prune":0.002,"publish":0.004,"queue_pages":7.264,"spawn":0.002,"wrap":0.008}
STREAMING_STEP_TIMING total=11.23ms {"drain_packets":0.01,"drain_pages":0.006,"enqueue":3.642,"evict":0.334,"player_chunk":0.03,"prune":0.006,"publish":0.004,"queue_pages":7.17,"spawn":0.003,"wrap":0.021}
[FrameBudget] streaming=11.9ms topology=0.0ms visual=0.0ms spawn=0.0ms total=11.9ms/6.0ms world.streaming_v0=11.9ms(60)
STREAMING_STEP_TIMING total=10.96ms {"drain_packets":0.007,"drain_pages":0.005,"enqueue":3.304,"evict":0.304,"player_chunk":0.013,"prune":0.003,"publish":0.006,"queue_pages":7.302,"spawn":0.002,"wrap":0.009}
STREAMING_STEP_TIMING total=10.95ms {"drain_packets":0.006,"drain_pages":0.004,"enqueue":3.319,"evict":0.323,"player_chunk":0.018,"prune":0.002,"publish":0.005,"queue_pages":7.257,"spawn":0.002,"wrap":0.009}
STREAMING_STEP_TIMING total=11.02ms {"drain_packets":0.009,"drain_pages":0.005,"enqueue":3.534,"evict":0.287,"player_chunk":0.019,"prune":0.004,"publish":0.004,"queue_pages":7.146,"spawn":0.001,"wrap":0.01}
STREAMING_STEP_TIMING total=11.68ms {"drain_packets":0.012,"drain_pages":0.007,"enqueue":3.774,"evict":0.298,"player_chunk":0.017,"prune":0.006,"publish":0.005,"queue_pages":7.547,"spawn":0.001,"wrap":0.01}
STREAMING_STEP_TIMING total=11.22ms {"drain_packets":0.006,"drain_pages":0.004,"enqueue":3.264,"evict":0.303,"player_chunk":0.014,"prune":0.002,"publish":0.006,"queue_pages":7.614,"spawn":0.002,"wrap":0.008}
STREAMING_STEP_TIMING total=11.73ms {"drain_packets":0.005,"drain_pages":0.004,"enqueue":3.325,"evict":0.47,"player_chunk":0.017,"prune":0.002,"publish":0.007,"queue_pages":7.891,"spawn":0.002,"wrap":0.006}
STREAMING_STEP_TIMING total=16.60ms {"drain_packets":0.013,"drain_pages":0.007,"enqueue":5.308,"evict":0.298,"player_chunk":0.019,"prune":0.007,"publish":0.006,"queue_pages":10.929,"spawn":0.003,"wrap":0.012}
STREAMING_STEP_TIMING total=10.79ms {"drain_packets":0.007,"drain_pages":0.005,"enqueue":3.277,"evict":0.284,"player_chunk":0.019,"prune":0.003,"publish":0.004,"queue_pages":7.179,"spawn":0.003,"wrap":0.011}
STREAMING_STEP_TIMING total=16.73ms {"drain_packets":0.011,"drain_pages":0.008,"enqueue":5.506,"evict":0.306,"player_chunk":0.02,"prune":0.004,"publish":0.005,"queue_pages":10.85,"spawn":0.003,"wrap":0.012}
STREAMING_STEP_TIMING total=10.82ms {"drain_packets":0.005,"drain_pages":0.005,"enqueue":3.271,"evict":0.294,"player_chunk":0.018,"prune":0.002,"publish":0.005,"queue_pages":7.209,"spawn":0.001,"wrap":0.01}
STREAMING_STEP_TIMING total=10.76ms {"drain_packets":0.006,"drain_pages":0.005,"enqueue":3.388,"evict":0.278,"player_chunk":0.014,"prune":0.003,"publish":0.002,"queue_pages":7.044,"spawn":0.002,"wrap":0.013}
STREAMING_STEP_TIMING total=10.80ms {"drain_packets":0.006,"drain_pages":0.005,"enqueue":3.315,"evict":0.288,"player_chunk":0.015,"prune":0.002,"publish":0.003,"queue_pages":7.153,"spawn":0.001,"wrap":0.01}
STREAMING_STEP_TIMING total=10.77ms {"drain_packets":0.005,"drain_pages":0.004,"enqueue":3.294,"evict":0.293,"player_chunk":0.012,"prune":0.002,"publish":0.004,"queue_pages":7.146,"spawn":0.002,"wrap":0.007}
STREAMING_STEP_TIMING total=10.67ms {"drain_packets":0.006,"drain_pages":0.008,"enqueue":3.278,"evict":0.288,"player_chunk":0.016,"prune":0.002,"publish":0.004,"queue_pages":7.06,"spawn":0.002,"wrap":0.006}
STREAMING_STEP_TIMING total=10.70ms {"drain_packets":0.007,"drain_pages":0.005,"enqueue":3.281,"evict":0.285,"player_chunk":0.013,"prune":0.002,"publish":0.004,"queue_pages":7.087,"spawn":0.002,"wrap":0.008}
STREAMING_STEP_TIMING total=10.80ms {"drain_packets":0.005,"drain_pages":0.004,"enqueue":3.281,"evict":0.298,"player_chunk":0.017,"prune":0.002,"publish":0.005,"queue_pages":7.177,"spawn":0.002,"wrap":0.009}
STREAMING_STEP_TIMING total=10.78ms {"drain_packets":0.005,"drain_pages":0.005,"enqueue":3.275,"evict":0.295,"player_chunk":0.013,"prune":0.002,"publish":0.004,"queue_pages":7.171,"spawn":0.002,"wrap":0.007}
STREAMING_STEP_TIMING total=10.85ms {"drain_packets":0.006,"drain_pages":0.005,"enqueue":3.366,"evict":0.282,"player_chunk":0.016,"prune":0.003,"publish":0.003,"queue_pages":7.153,"spawn":0.002,"wrap":0.009}
STREAMING_STEP_TIMING total=10.90ms {"drain_packets":0.006,"drain_pages":0.003,"enqueue":3.28,"evict":0.292,"player_chunk":0.013,"prune":0.001,"publish":0.004,"queue_pages":7.283,"spawn":0.001,"wrap":0.008}
STREAMING_STEP_TIMING total=10.74ms {"drain_packets":0.005,"drain_pages":0.004,"enqueue":3.262,"evict":0.28,"player_chunk":0.016,"prune":0.001,"publish":0.003,"queue_pages":7.157,"spawn":0.001,"wrap":0.009}
STREAMING_STEP_TIMING total=12.45ms {"drain_packets":0.011,"drain_pages":0.006,"enqueue":3.763,"evict":0.344,"player_chunk":0.011,"prune":0.005,"publish":0.005,"queue_pages":8.298,"spawn":0.002,"wrap":0.007}
STREAMING_STEP_TIMING total=12.13ms {"drain_packets":0.009,"drain_pages":0.007,"enqueue":4.071,"evict":0.285,"player_chunk":0.018,"prune":0.003,"publish":0.005,"queue_pages":7.725,"spawn":0.002,"wrap":0.006}
STREAMING_STEP_TIMING total=11.00ms {"drain_packets":0.005,"drain_pages":0.005,"enqueue":3.251,"evict":0.331,"player_chunk":0.014,"prune":0.002,"publish":0.006,"queue_pages":7.378,"spawn":0.001,"wrap":0.009}
STREAMING_STEP_TIMING total=10.71ms {"drain_packets":0.006,"drain_pages":0.004,"enqueue":3.251,"evict":0.374,"player_chunk":0.017,"prune":0.002,"publish":0.002,"queue_pages":7.04,"spawn":0.002,"wrap":0.009}
STREAMING_STEP_TIMING total=11.07ms {"drain_packets":0.009,"drain_pages":0.005,"enqueue":3.703,"evict":0.275,"player_chunk":0.011,"prune":0.004,"publish":0.003,"queue_pages":7.055,"spawn":0.001,"wrap":0.007}
STREAMING_STEP_TIMING total=10.68ms {"drain_packets":0.004,"drain_pages":0.004,"enqueue":3.25,"evict":0.301,"player_chunk":0.016,"prune":0.001,"publish":0.006,"queue_pages":7.082,"spawn":0.002,"wrap":0.009}
STREAMING_STEP_TIMING total=10.72ms {"drain_packets":0.005,"drain_pages":0.004,"enqueue":3.253,"evict":0.276,"player_chunk":0.014,"prune":0.002,"publish":0.003,"queue_pages":7.151,"spawn":0.002,"wrap":0.008}
STREAMING_STEP_TIMING total=10.77ms {"drain_packets":0.009,"drain_pages":0.006,"enqueue":3.322,"evict":0.282,"player_chunk":0.011,"prune":0.003,"publish":0.003,"queue_pages":7.119,"spawn":0.001,"wrap":0.008}
STREAMING_STEP_TIMING total=10.73ms {"drain_packets":0.005,"drain_pages":0.004,"enqueue":3.282,"evict":0.298,"player_chunk":0.013,"prune":0.001,"publish":0.005,"queue_pages":7.109,"spawn":0.002,"wrap":0.007}
STREAMING_STEP_TIMING total=10.72ms {"drain_packets":0.005,"drain_pages":0.005,"enqueue":3.285,"evict":0.286,"player_chunk":0.016,"prune":0.002,"publish":0.003,"queue_pages":7.104,"spawn":0.002,"wrap":0.006}
STREAMING_STEP_TIMING total=10.84ms {"drain_packets":0.008,"drain_pages":0.005,"enqueue":3.336,"evict":0.282,"player_chunk":0.013,"prune":0.003,"publish":0.003,"queue_pages":7.173,"spawn":0.002,"wrap":0.008}
STREAMING_STEP_TIMING total=10.72ms {"drain_packets":0.005,"drain_pages":0.004,"enqueue":3.262,"evict":0.282,"player_chunk":0.016,"prune":0.002,"publish":0.003,"queue_pages":7.135,"spawn":0.001,"wrap":0.008}
STREAMING_STEP_TIMING total=10.69ms {"drain_packets":0.005,"drain_pages":0.004,"enqueue":3.265,"evict":0.279,"player_chunk":0.013,"prune":0.001,"publish":0.003,"queue_pages":7.108,"spawn":0.002,"wrap":0.007}
STREAMING_STEP_TIMING total=10.82ms {"drain_packets":0.006,"drain_pages":0.006,"enqueue":3.361,"evict":0.28,"player_chunk":0.014,"prune":0.003,"publish":0.003,"queue_pages":7.137,"spawn":0.001,"wrap":0.01}
STREAMING_STEP_TIMING total=11.02ms {"drain_packets":0.005,"drain_pages":0.003,"enqueue":3.298,"evict":0.298,"player_chunk":0.012,"prune":0.002,"publish":0.004,"queue_pages":7.391,"spawn":0.002,"wrap":0.007}
STREAMING_STEP_TIMING total=10.75ms {"drain_packets":0.006,"drain_pages":0.006,"enqueue":3.28,"evict":0.283,"player_chunk":0.017,"prune":0.003,"publish":0.004,"queue_pages":7.134,"spawn":0.001,"wrap":0.01}
STREAMING_STEP_TIMING total=10.93ms {"drain_packets":0.008,"drain_pages":0.005,"enqueue":3.362,"evict":0.286,"player_chunk":0.013,"prune":0.003,"publish":0.004,"queue_pages":7.231,"spawn":0.003,"wrap":0.008}
STREAMING_STEP_TIMING total=11.10ms {"drain_packets":0.005,"drain_pages":0.004,"enqueue":3.287,"evict":0.3,"player_chunk":0.016,"prune":0.002,"publish":0.006,"queue_pages":7.472,"spawn":0.002,"wrap":0.005}
STREAMING_STEP_TIMING total=12.80ms {"drain_packets":0.009,"drain_pages":0.005,"enqueue":3.609,"evict":0.484,"player_chunk":0.019,"prune":0.004,"publish":0.01,"queue_pages":8.644,"spawn":0.003,"wrap":0.012}
STREAMING_STEP_TIMING total=12.64ms {"drain_packets":0.011,"drain_pages":0.006,"enqueue":5.131,"evict":0.296,"player_chunk":0.025,"prune":0.006,"publish":0.005,"queue_pages":7.143,"spawn":0.002,"wrap":0.013}
STREAMING_STEP_TIMING total=10.79ms {"drain_packets":0.007,"drain_pages":0.005,"enqueue":3.334,"evict":0.284,"player_chunk":0.015,"prune":0.003,"publish":0.003,"queue_pages":7.122,"spawn":0.002,"wrap":0.008}
STREAMING_STEP_TIMING total=10.76ms {"drain_packets":0.004,"drain_pages":0.003,"enqueue":3.268,"evict":0.297,"player_chunk":0.016,"prune":0.002,"publish":0.004,"queue_pages":7.156,"spawn":0.002,"wrap":0.009}
STREAMING_STEP_TIMING total=11.12ms {"drain_packets":0.005,"drain_pages":0.005,"enqueue":3.376,"evict":0.295,"player_chunk":0.013,"prune":0.002,"publish":0.003,"queue_pages":7.407,"spawn":0.002,"wrap":0.007}
STREAMING_STEP_TIMING total=14.83ms {"drain_packets":0.006,"drain_pages":0.004,"enqueue":3.369,"evict":0.448,"player_chunk":0.016,"prune":0.002,"publish":0.006,"queue_pages":10.963,"spawn":0.002,"wrap":0.009}
STREAMING_STEP_TIMING total=15.53ms {"drain_packets":0.014,"drain_pages":0.007,"enqueue":5.272,"evict":0.303,"player_chunk":0.021,"prune":0.007,"publish":0.006,"queue_pages":9.886,"spawn":0.002,"wrap":0.014}
STREAMING_STEP_TIMING total=10.94ms {"drain_packets":0.008,"drain_pages":0.005,"enqueue":3.326,"evict":0.281,"player_chunk":0.017,"prune":0.002,"publish":0.004,"queue_pages":7.287,"spawn":0.002,"wrap":0.006}
STREAMING_STEP_TIMING total=11.11ms {"drain_packets":0.005,"drain_pages":0.005,"enqueue":3.44,"evict":0.294,"player_chunk":0.014,"prune":0.003,"publish":0.005,"queue_pages":7.336,"spawn":0.002,"wrap":0.007}
STREAMING_STEP_TIMING total=10.87ms {"drain_packets":0.006,"drain_pages":0.004,"enqueue":3.311,"evict":0.279,"player_chunk":0.031,"prune":0.002,"publish":0.003,"queue_pages":7.217,"spawn":0.002,"wrap":0.01}
STREAMING_STEP_TIMING total=10.89ms {"drain_packets":0.009,"drain_pages":0.005,"enqueue":3.458,"evict":0.295,"player_chunk":0.013,"prune":0.005,"publish":0.003,"queue_pages":7.087,"spawn":0.002,"wrap":0.008}
STREAMING_STEP_TIMING total=10.84ms {"drain_packets":0.004,"drain_pages":0.003,"enqueue":3.249,"evict":0.292,"player_chunk":0.017,"prune":0.002,"publish":0.005,"queue_pages":7.26,"spawn":0.001,"wrap":0.01}
STREAMING_STEP_TIMING total=11.03ms {"drain_packets":0.006,"drain_pages":0.004,"enqueue":3.317,"evict":0.284,"player_chunk":0.014,"prune":0.002,"publish":0.004,"queue_pages":7.39,"spawn":0.002,"wrap":0.007}
STREAMING_STEP_TIMING total=10.72ms {"drain_packets":0.008,"drain_pages":0.005,"enqueue":3.32,"evict":0.276,"player_chunk":0.017,"prune":0.004,"publish":0.004,"queue_pages":7.074,"spawn":0.001,"wrap":0.009}
STREAMING_STEP_TIMING total=10.84ms {"drain_packets":0.005,"drain_pages":0.004,"enqueue":3.269,"evict":0.285,"player_chunk":0.013,"prune":0.002,"publish":0.009,"queue_pages":7.239,"spawn":0.001,"wrap":0.007}
STREAMING_STEP_TIMING total=10.74ms {"drain_packets":0.006,"drain_pages":0.004,"enqueue":3.249,"evict":0.299,"player_chunk":0.016,"prune":0.001,"publish":0.006,"queue_pages":7.152,"spawn":0.002,"wrap":0.005}
STREAMING_STEP_TIMING total=10.81ms {"drain_packets":0.007,"drain_pages":0.006,"enqueue":3.319,"evict":0.284,"player_chunk":0.013,"prune":0.002,"publish":0.004,"queue_pages":7.167,"spawn":0.002,"wrap":0.008}
STREAMING_STEP_TIMING total=11.03ms {"drain_packets":0.006,"drain_pages":0.004,"enqueue":3.342,"evict":0.308,"player_chunk":0.016,"prune":0.002,"publish":0.004,"queue_pages":7.335,"spawn":0.002,"wrap":0.009}
STREAMING_STEP_TIMING total=10.79ms {"drain_packets":0.006,"drain_pages":0.004,"enqueue":3.287,"evict":0.298,"player_chunk":0.013,"prune":0.003,"publish":0.01,"queue_pages":7.154,"spawn":0.002,"wrap":0.008}
STREAMING_STEP_TIMING total=10.93ms {"drain_packets":0.005,"drain_pages":0.005,"enqueue":3.299,"evict":0.278,"player_chunk":0.018,"prune":0.002,"publish":0.004,"queue_pages":7.304,"spawn":0.002,"wrap":0.011}
STREAMING_STEP_TIMING total=10.81ms {"drain_packets":0.006,"drain_pages":0.003,"enqueue":3.261,"evict":0.289,"player_chunk":0.012,"prune":0.001,"publish":0.004,"queue_pages":7.226,"spawn":0.002,"wrap":0.006}
STREAMING_STEP_TIMING total=11.00ms {"drain_packets":0.007,"drain_pages":0.005,"enqueue":3.366,"evict":0.303,"player_chunk":0.016,"prune":0.002,"publish":0.005,"queue_pages":7.28,"spawn":0.001,"wrap":0.01}
STREAMING_STEP_TIMING total=10.93ms {"drain_packets":0.007,"drain_pages":0.004,"enqueue":3.341,"evict":0.29,"player_chunk":0.013,"prune":0.002,"publish":0.004,"queue_pages":7.257,"spawn":0.003,"wrap":0.008}
STREAMING_STEP_TIMING total=10.81ms {"drain_packets":0.007,"drain_pages":0.005,"enqueue":3.296,"evict":0.291,"player_chunk":0.015,"prune":0.002,"publish":0.004,"queue_pages":7.18,"spawn":0.005,"wrap":0.008}
STREAMING_STEP_TIMING total=10.90ms {"drain_packets":0.005,"drain_pages":0.005,"enqueue":3.315,"evict":0.301,"player_chunk":0.012,"prune":0.002,"publish":0.005,"queue_pages":7.243,"spawn":0.002,"wrap":0.008}
STREAMING_STEP_TIMING total=10.69ms {"drain_packets":0.005,"drain_pages":0.005,"enqueue":3.288,"evict":0.279,"player_chunk":0.018,"prune":0.002,"publish":0.004,"queue_pages":7.079,"spawn":0.002,"wrap":0.011}
STREAMING_STEP_TIMING total=10.80ms {"drain_packets":0.007,"drain_pages":0.004,"enqueue":3.288,"evict":0.284,"player_chunk":0.01,"prune":0.003,"publish":0.004,"queue_pages":7.189,"spawn":0.002,"wrap":0.006}
STREAMING_STEP_TIMING total=10.74ms {"drain_packets":0.004,"drain_pages":0.004,"enqueue":3.276,"evict":0.299,"player_chunk":0.015,"prune":0.002,"publish":0.006,"queue_pages":7.127,"spawn":0.002,"wrap":0.009}
STREAMING_STEP_TIMING total=10.80ms {"drain_packets":0.007,"drain_pages":0.004,"enqueue":3.284,"evict":0.286,"player_chunk":0.013,"prune":0.002,"publish":0.003,"queue_pages":7.191,"spawn":0.002,"wrap":0.008}
STREAMING_STEP_TIMING total=11.16ms {"drain_packets":0.008,"drain_pages":0.005,"enqueue":3.434,"evict":0.283,"player_chunk":0.012,"prune":0.004,"publish":0.004,"queue_pages":7.402,"spawn":0.001,"wrap":0.007}
STREAMING_STEP_TIMING total=10.78ms {"drain_packets":0.006,"drain_pages":0.004,"enqueue":3.249,"evict":0.291,"player_chunk":0.013,"prune":0.001,"publish":0.005,"queue_pages":7.202,"spawn":0.002,"wrap":0.009}
STREAMING_STEP_TIMING total=10.68ms {"drain_packets":0.006,"drain_pages":0.005,"enqueue":3.308,"evict":0.273,"player_chunk":0.016,"prune":0.002,"publish":0.003,"queue_pages":7.054,"spawn":0.002,"wrap":0.006}
STREAMING_STEP_TIMING total=10.96ms {"drain_packets":0.007,"drain_pages":0.005,"enqueue":3.312,"evict":0.293,"player_chunk":0.011,"prune":0.003,"publish":0.004,"queue_pages":7.315,"spawn":0.001,"wrap":0.006}
STREAMING_STEP_TIMING total=10.98ms {"drain_packets":0.006,"drain_pages":0.005,"enqueue":3.332,"evict":0.296,"player_chunk":0.016,"prune":0.002,"publish":0.005,"queue_pages":7.31,"spawn":0.002,"wrap":0.008}
STREAMING_STEP_TIMING total=10.79ms {"drain_packets":0.007,"drain_pages":0.005,"enqueue":3.328,"evict":0.289,"player_chunk":0.016,"prune":0.002,"publish":0.005,"queue_pages":7.123,"spawn":0.002,"wrap":0.009}
STREAMING_STEP_TIMING total=10.92ms {"drain_packets":0.007,"drain_pages":0.006,"enqueue":3.341,"evict":0.291,"player_chunk":0.017,"prune":0.003,"publish":0.005,"queue_pages":7.24,"spawn":0.001,"wrap":0.009}
STREAMING_STEP_TIMING total=10.93ms {"drain_packets":0.005,"drain_pages":0.005,"enqueue":3.302,"evict":0.292,"player_chunk":0.013,"prune":0.002,"publish":0.005,"queue_pages":7.29,"spawn":0.003,"wrap":0.008}
STREAMING_STEP_TIMING total=10.88ms {"drain_packets":0.006,"drain_pages":0.004,"enqueue":3.271,"evict":0.326,"player_chunk":0.017,"prune":0.002,"publish":0.004,"queue_pages":7.235,"spawn":0.001,"wrap":0.01}
STREAMING_STEP_TIMING total=10.84ms {"drain_packets":0.008,"drain_pages":0.005,"enqueue":3.376,"evict":0.285,"player_chunk":0.014,"prune":0.004,"publish":0.004,"queue_pages":7.134,"spawn":0.002,"wrap":0.009}
STREAMING_STEP_TIMING total=10.87ms {"drain_packets":0.005,"drain_pages":0.005,"enqueue":3.331,"evict":0.295,"player_chunk":0.016,"prune":0.003,"publish":0.005,"queue_pages":7.197,"spawn":0.001,"wrap":0.006}
STREAMING_STEP_TIMING total=10.86ms {"drain_packets":0.006,"drain_pages":0.004,"enqueue":3.291,"evict":0.29,"player_chunk":0.013,"prune":0.002,"publish":0.003,"queue_pages":7.241,"spawn":0.002,"wrap":0.007}
STREAMING_STEP_TIMING total=11.52ms {"drain_packets":0.01,"drain_pages":0.005,"enqueue":4.112,"evict":0.281,"player_chunk":0.016,"prune":0.006,"publish":0.004,"queue_pages":7.077,"spawn":0.002,"wrap":0.009}
STREAMING_STEP_TIMING total=10.96ms {"drain_packets":0.005,"drain_pages":0.003,"enqueue":3.286,"evict":0.287,"player_chunk":0.014,"prune":0.002,"publish":0.003,"queue_pages":7.351,"spawn":0.001,"wrap":0.008}
STREAMING_STEP_TIMING total=10.96ms {"drain_packets":0.006,"drain_pages":0.003,"enqueue":3.288,"evict":0.29,"player_chunk":0.016,"prune":0.001,"publish":0.004,"queue_pages":7.341,"spawn":0.002,"wrap":0.009}
STREAMING_STEP_TIMING total=10.70ms {"drain_packets":0.006,"drain_pages":0.004,"enqueue":3.266,"evict":0.281,"player_chunk":0.013,"prune":0.001,"publish":0.002,"queue_pages":7.112,"spawn":0.001,"wrap":0.008}
STREAMING_STEP_TIMING total=11.01ms {"drain_packets":0.007,"drain_pages":0.005,"enqueue":3.419,"evict":0.289,"player_chunk":0.011,"prune":0.004,"publish":0.004,"queue_pages":7.26,"spawn":0.002,"wrap":0.007}
STREAMING_STEP_TIMING total=11.06ms {"drain_packets":0.005,"drain_pages":0.005,"enqueue":3.251,"evict":0.304,"player_chunk":0.014,"prune":0.002,"publish":0.007,"queue_pages":7.465,"spawn":0.002,"wrap":0.008}
STREAMING_STEP_TIMING total=10.80ms {"drain_packets":0.007,"drain_pages":0.004,"enqueue":3.36,"evict":0.283,"player_chunk":0.017,"prune":0.003,"publish":0.004,"queue_pages":7.114,"spawn":0.001,"wrap":0.007}
STREAMING_STEP_TIMING total=10.86ms {"drain_packets":0.007,"drain_pages":0.004,"enqueue":3.292,"evict":0.284,"player_chunk":0.02,"prune":0.002,"publish":0.003,"queue_pages":7.232,"spawn":0.002,"wrap":0.011}
STREAMING_STEP_TIMING total=10.98ms {"drain_packets":0.005,"drain_pages":0.003,"enqueue":3.27,"evict":0.298,"player_chunk":0.015,"prune":0.002,"publish":0.006,"queue_pages":7.371,"spawn":0.002,"wrap":0.009}
STREAMING_STEP_TIMING total=10.74ms {"drain_packets":0.007,"drain_pages":0.006,"enqueue":3.321,"evict":0.285,"player_chunk":0.014,"prune":0.003,"publish":0.004,"queue_pages":7.088,"spawn":0.002,"wrap":0.009}
STREAMING_STEP_TIMING total=10.83ms {"drain_packets":0.007,"drain_pages":0.005,"enqueue":3.374,"evict":0.289,"player_chunk":0.017,"prune":0.004,"publish":0.004,"queue_pages":7.116,"spawn":0.002,"wrap":0.009}
STREAMING_STEP_TIMING total=11.07ms {"drain_packets":0.006,"drain_pages":0.005,"enqueue":3.278,"evict":0.299,"player_chunk":0.014,"prune":0.003,"publish":0.005,"queue_pages":7.448,"spawn":0.002,"wrap":0.007}
STREAMING_STEP_TIMING total=11.18ms {"drain_packets":0.007,"drain_pages":0.005,"enqueue":3.399,"evict":0.297,"player_chunk":0.016,"prune":0.003,"publish":0.005,"queue_pages":7.433,"spawn":0.002,"wrap":0.009}
STREAMING_STEP_TIMING total=11.17ms {"drain_packets":0.008,"drain_pages":0.006,"enqueue":3.529,"evict":0.291,"player_chunk":0.013,"prune":0.004,"publish":0.005,"queue_pages":7.298,"spawn":0.002,"wrap":0.008}
STREAMING_STEP_TIMING total=11.14ms {"drain_packets":0.006,"drain_pages":0.004,"enqueue":3.323,"evict":0.297,"player_chunk":0.017,"prune":0.002,"publish":0.005,"queue_pages":7.477,"spawn":0.002,"wrap":0.006}
STREAMING_STEP_TIMING total=10.82ms {"drain_packets":0.008,"drain_pages":0.005,"enqueue":3.315,"evict":0.293,"player_chunk":0.013,"prune":0.003,"publish":0.006,"queue_pages":7.163,"spawn":0.002,"wrap":0.009}
STREAMING_STEP_TIMING total=11.15ms {"drain_packets":0.008,"drain_pages":0.005,"enqueue":3.55,"evict":0.301,"player_chunk":0.02,"prune":0.005,"publish":0.005,"queue_pages":7.245,"spawn":0.002,"wrap":0.011}
STREAMING_STEP_TIMING total=11.46ms {"drain_packets":0.006,"drain_pages":0.005,"enqueue":3.395,"evict":0.299,"player_chunk":0.014,"prune":0.002,"publish":0.006,"queue_pages":7.721,"spawn":0.001,"wrap":0.009}
STREAMING_STEP_TIMING total=10.89ms {"drain_packets":0.01,"drain_pages":0.006,"enqueue":3.365,"evict":0.302,"player_chunk":0.017,"prune":0.005,"publish":0.005,"queue_pages":7.163,"spawn":0.002,"wrap":0.009}
STREAMING_STEP_TIMING total=10.69ms {"drain_packets":0.007,"drain_pages":0.005,"enqueue":3.265,"evict":0.278,"player_chunk":0.014,"prune":0.003,"publish":0.002,"queue_pages":7.104,"spawn":0.003,"wrap":0.009}
STREAMING_STEP_TIMING total=10.88ms {"drain_packets":0.009,"drain_pages":0.005,"enqueue":3.28,"evict":0.295,"player_chunk":0.012,"prune":0.003,"publish":0.005,"queue_pages":7.265,"spawn":0.001,"wrap":0.007}
STREAMING_STEP_TIMING total=10.82ms {"drain_packets":0.007,"drain_pages":0.004,"enqueue":3.295,"evict":0.301,"player_chunk":0.014,"prune":0.001,"publish":0.005,"queue_pages":7.187,"spawn":0.001,"wrap":0.008}
STREAMING_STEP_TIMING total=12.16ms {"drain_packets":0.007,"drain_pages":0.005,"enqueue":3.508,"evict":0.338,"player_chunk":0.016,"prune":0.004,"publish":0.003,"queue_pages":8.268,"spawn":0.002,"wrap":0.005}
STREAMING_STEP_TIMING total=12.89ms {"drain_packets":0.011,"drain_pages":0.006,"enqueue":4.163,"evict":0.347,"player_chunk":0.012,"prune":0.004,"publish":0.005,"queue_pages":8.334,"spawn":0.001,"wrap":0.008}
STREAMING_STEP_TIMING total=12.82ms {"drain_packets":0.005,"drain_pages":0.005,"enqueue":4.068,"evict":0.354,"player_chunk":0.019,"prune":0.002,"publish":0.006,"queue_pages":8.352,"spawn":0.002,"wrap":0.01}
STREAMING_STEP_TIMING total=12.96ms {"drain_packets":0.007,"drain_pages":0.005,"enqueue":4.053,"evict":0.362,"player_chunk":0.015,"prune":0.002,"publish":0.006,"queue_pages":8.497,"spawn":0.002,"wrap":0.008}
STREAMING_STEP_TIMING total=10.96ms {"drain_packets":0.005,"drain_pages":0.004,"enqueue":3.355,"evict":0.278,"player_chunk":0.019,"prune":0.001,"publish":0.003,"queue_pages":7.283,"spawn":0.002,"wrap":0.011}
STREAMING_STEP_TIMING total=10.87ms {"drain_packets":0.009,"drain_pages":0.004,"enqueue":3.376,"evict":0.282,"player_chunk":0.013,"prune":0.004,"publish":0.004,"queue_pages":7.164,"spawn":0.002,"wrap":0.008}
STREAMING_STEP_TIMING total=10.98ms {"drain_packets":0.004,"drain_pages":0.004,"enqueue":3.248,"evict":0.354,"player_chunk":0.016,"prune":0.002,"publish":0.006,"queue_pages":7.332,"spawn":0.002,"wrap":0.009}
STREAMING_STEP_TIMING total=11.01ms {"drain_packets":0.006,"drain_pages":0.005,"enqueue":3.298,"evict":0.33,"player_chunk":0.014,"prune":0.002,"publish":0.008,"queue_pages":7.336,"spawn":0.002,"wrap":0.008}
STREAMING_STEP_TIMING total=10.86ms {"drain_packets":0.008,"drain_pages":0.005,"enqueue":3.387,"evict":0.284,"player_chunk":0.017,"prune":0.004,"publish":0.003,"queue_pages":7.143,"spawn":0.001,"wrap":0.008}
STREAMING_STEP_TIMING total=10.97ms {"drain_packets":0.005,"drain_pages":0.003,"enqueue":3.287,"evict":0.305,"player_chunk":0.013,"prune":0.002,"publish":0.008,"queue_pages":7.335,"spawn":0.002,"wrap":0.008}
STREAMING_STEP_TIMING total=11.16ms {"drain_packets":0.006,"drain_pages":0.005,"enqueue":3.359,"evict":0.303,"player_chunk":0.018,"prune":0.001,"publish":0.006,"queue_pages":7.454,"spawn":0.002,"wrap":0.009}
STREAMING_STEP_TIMING total=10.76ms {"drain_packets":0.006,"drain_pages":0.005,"enqueue":3.282,"evict":0.277,"player_chunk":0.015,"prune":0.002,"publish":0.003,"queue_pages":7.158,"spawn":0.003,"wrap":0.008}
STREAMING_STEP_TIMING total=10.78ms {"drain_packets":0.004,"drain_pages":0.004,"enqueue":3.254,"evict":0.296,"player_chunk":0.011,"prune":0.003,"publish":0.006,"queue_pages":7.197,"spawn":0.001,"wrap":0.007}
STREAMING_STEP_TIMING total=10.68ms {"drain_packets":0.006,"drain_pages":0.004,"enqueue":3.256,"evict":0.288,"player_chunk":0.013,"prune":0.002,"publish":0.005,"queue_pages":7.097,"spawn":0.002,"wrap":0.008}
STREAMING_STEP_TIMING total=10.74ms {"drain_packets":0.006,"drain_pages":0.004,"enqueue":3.234,"evict":0.283,"player_chunk":0.017,"prune":0.002,"publish":0.003,"queue_pages":7.177,"spawn":0.002,"wrap":0.01}
STREAMING_STEP_TIMING total=10.94ms {"drain_packets":0.007,"drain_pages":0.004,"enqueue":3.352,"evict":0.291,"player_chunk":0.013,"prune":0.002,"publish":0.005,"queue_pages":7.256,"spawn":0.001,"wrap":0.008}
STREAMING_STEP_TIMING total=10.80ms {"drain_packets":0.005,"drain_pages":0.004,"enqueue":3.276,"evict":0.303,"player_chunk":0.015,"prune":0.002,"publish":0.005,"queue_pages":7.18,"spawn":0.001,"wrap":0.006}
STREAMING_STEP_TIMING total=10.77ms {"drain_packets":0.007,"drain_pages":0.006,"enqueue":3.275,"evict":0.277,"player_chunk":0.014,"prune":0.002,"publish":0.003,"queue_pages":7.171,"spawn":0.002,"wrap":0.008}
STREAMING_STEP_TIMING total=10.94ms {"drain_packets":0.006,"drain_pages":0.004,"enqueue":3.298,"evict":0.306,"player_chunk":0.011,"prune":0.002,"publish":0.004,"queue_pages":7.303,"spawn":0.001,"wrap":0.007}
[FrameBudget] streaming=11.4ms topology=0.0ms visual=0.0ms spawn=0.0ms total=11.4ms/6.0ms world.streaming_v0=11.4ms(60)
STREAMING_STEP_TIMING total=10.85ms {"drain_packets":0.006,"drain_pages":0.004,"enqueue":3.359,"evict":0.296,"player_chunk":0.014,"prune":0.002,"publish":0.006,"queue_pages":7.153,"spawn":0.002,"wrap":0.007}
STREAMING_STEP_TIMING total=10.95ms {"drain_packets":0.005,"drain_pages":0.005,"enqueue":3.354,"evict":0.278,"player_chunk":0.018,"prune":0.002,"publish":0.003,"queue_pages":7.274,"spawn":0.002,"wrap":0.009}
STREAMING_STEP_TIMING total=10.97ms {"drain_packets":0.008,"drain_pages":0.006,"enqueue":3.313,"evict":0.286,"player_chunk":0.012,"prune":0.004,"publish":0.004,"queue_pages":7.322,"spawn":0.002,"wrap":0.007}
STREAMING_STEP_TIMING total=10.90ms {"drain_packets":0.006,"drain_pages":0.004,"enqueue":3.399,"evict":0.302,"player_chunk":0.016,"prune":0.002,"publish":0.006,"queue_pages":7.149,"spawn":0.002,"wrap":0.008}
STREAMING_STEP_TIMING total=10.72ms {"drain_packets":0.006,"drain_pages":0.005,"enqueue":3.259,"evict":0.279,"player_chunk":0.014,"prune":0.003,"publish":0.003,"queue_pages":7.136,"spawn":0.002,"wrap":0.008}
STREAMING_STEP_TIMING total=11.01ms {"drain_packets":0.007,"drain_pages":0.006,"enqueue":3.34,"evict":0.307,"player_chunk":0.013,"prune":0.003,"publish":0.006,"queue_pages":7.316,"spawn":0.001,"wrap":0.006}
STREAMING_STEP_TIMING total=10.84ms {"drain_packets":0.006,"drain_pages":0.005,"enqueue":3.286,"evict":0.29,"player_chunk":0.014,"prune":0.002,"publish":0.004,"queue_pages":7.218,"spawn":0.002,"wrap":0.008}
STREAMING_STEP_TIMING total=10.71ms {"drain_packets":0.01,"drain_pages":0.005,"enqueue":3.325,"evict":0.277,"player_chunk":0.017,"prune":0.005,"publish":0.003,"queue_pages":7.054,"spawn":0.002,"wrap":0.01}
STREAMING_STEP_TIMING total=10.63ms {"drain_packets":0.009,"drain_pages":0.005,"enqueue":3.274,"evict":0.284,"player_chunk":0.014,"prune":0.005,"publish":0.004,"queue_pages":7.023,"spawn":0.002,"wrap":0.009}
STREAMING_STEP_TIMING total=10.78ms {"drain_packets":0.005,"drain_pages":0.003,"enqueue":3.257,"evict":0.298,"player_chunk":0.017,"prune":0.001,"publish":0.004,"queue_pages":7.185,"spawn":0.001,"wrap":0.01}
STREAMING_STEP_TIMING total=10.59ms {"drain_packets":0.006,"drain_pages":0.004,"enqueue":3.246,"evict":0.285,"player_chunk":0.014,"prune":0.003,"publish":0.004,"queue_pages":7.016,"spawn":0.002,"wrap":0.008}
STREAMING_STEP_TIMING total=10.83ms {"drain_packets":0.009,"drain_pages":0.006,"enqueue":3.425,"evict":0.293,"player_chunk":0.016,"prune":0.003,"publish":0.005,"queue_pages":7.066,"spawn":0.001,"wrap":0.009}
STREAMING_STEP_TIMING total=10.80ms {"drain_packets":0.006,"drain_pages":0.005,"enqueue":3.263,"evict":0.294,"player_chunk":0.014,"prune":0.002,"publish":0.006,"queue_pages":7.196,"spawn":0.002,"wrap":0.007}
STREAMING_STEP_TIMING total=10.84ms {"drain_packets":0.006,"drain_pages":0.005,"enqueue":3.269,"evict":0.287,"player_chunk":0.016,"prune":0.002,"publish":0.004,"queue_pages":7.237,"spawn":0.002,"wrap":0.006}
STREAMING_STEP_TIMING total=10.82ms {"drain_packets":0.008,"drain_pages":0.005,"enqueue":3.419,"evict":0.282,"player_chunk":0.013,"prune":0.004,"publish":0.004,"queue_pages":7.079,"spawn":0.002,"wrap":0.008}
STREAMING_STEP_TIMING total=10.81ms {"drain_packets":0.005,"drain_pages":0.005,"enqueue":3.254,"evict":0.3,"player_chunk":0.015,"prune":0.002,"publish":0.008,"queue_pages":7.205,"spawn":0.002,"wrap":0.01}
STREAMING_STEP_TIMING total=10.62ms {"drain_packets":0.006,"drain_pages":0.005,"enqueue":3.304,"evict":0.273,"player_chunk":0.013,"prune":0.002,"publish":0.002,"queue_pages":7.004,"spawn":0.002,"wrap":0.008}
STREAMING_STEP_TIMING total=10.85ms {"drain_packets":0.009,"drain_pages":0.005,"enqueue":3.42,"evict":0.332,"player_chunk":0.011,"prune":0.004,"publish":0.003,"queue_pages":7.059,"spawn":0.001,"wrap":0.007}
STREAMING_STEP_TIMING total=11.71ms {"drain_packets":0.004,"drain_pages":0.003,"enqueue":3.274,"evict":0.356,"player_chunk":0.013,"prune":0.002,"publish":0.007,"queue_pages":8.04,"spawn":0.002,"wrap":0.007}
STREAMING_STEP_TIMING total=12.96ms {"drain_packets":0.006,"drain_pages":0.005,"enqueue":4.044,"evict":0.361,"player_chunk":0.02,"prune":0.002,"publish":0.006,"queue_pages":8.501,"spawn":0.002,"wrap":0.01}
STREAMING_STEP_TIMING total=12.69ms {"drain_packets":0.006,"drain_pages":0.005,"enqueue":4.051,"evict":0.346,"player_chunk":0.015,"prune":0.002,"publish":0.003,"queue_pages":8.248,"spawn":0.002,"wrap":0.009}
STREAMING_STEP_TIMING total=12.94ms {"drain_packets":0.01,"drain_pages":0.006,"enqueue":4.304,"evict":0.345,"player_chunk":0.012,"prune":0.004,"publish":0.005,"queue_pages":8.249,"spawn":0.001,"wrap":0.006}
STREAMING_STEP_TIMING total=12.95ms {"drain_packets":0.011,"drain_pages":0.006,"enqueue":4.136,"evict":0.352,"player_chunk":0.015,"prune":0.003,"publish":0.006,"queue_pages":8.413,"spawn":0.002,"wrap":0.009}
STREAMING_STEP_TIMING total=12.85ms {"drain_packets":0.008,"drain_pages":0.005,"enqueue":4.054,"evict":0.357,"player_chunk":0.02,"prune":0.003,"publish":0.006,"queue_pages":8.386,"spawn":0.002,"wrap":0.01}
STREAMING_STEP_TIMING total=12.92ms {"drain_packets":0.008,"drain_pages":0.005,"enqueue":4.055,"evict":0.418,"player_chunk":0.015,"prune":0.003,"publish":0.006,"queue_pages":8.392,"spawn":0.003,"wrap":0.008}
STREAMING_STEP_TIMING total=12.82ms {"drain_packets":0.008,"drain_pages":0.005,"enqueue":4.076,"evict":0.356,"player_chunk":0.02,"prune":0.003,"publish":0.005,"queue_pages":8.33,"spawn":0.002,"wrap":0.01}
STREAMING_STEP_TIMING total=11.13ms {"drain_packets":0.009,"drain_pages":0.005,"enqueue":3.708,"evict":0.286,"player_chunk":0.021,"prune":0.004,"publish":0.004,"queue_pages":7.071,"spawn":0.005,"wrap":0.014}
STREAMING_STEP_TIMING total=10.95ms {"drain_packets":0.007,"drain_pages":0.004,"enqueue":3.295,"evict":0.294,"player_chunk":0.018,"prune":0.002,"publish":0.005,"queue_pages":7.307,"spawn":0.001,"wrap":0.01}
STREAMING_STEP_TIMING total=11.02ms {"drain_packets":0.007,"drain_pages":0.005,"enqueue":3.344,"evict":0.296,"player_chunk":0.013,"prune":0.002,"publish":0.005,"queue_pages":7.333,"spawn":0.002,"wrap":0.008}
STREAMING_STEP_TIMING total=10.71ms {"drain_packets":0.007,"drain_pages":0.005,"enqueue":3.31,"evict":0.292,"player_chunk":0.016,"prune":0.003,"publish":0.004,"queue_pages":7.068,"spawn":0.002,"wrap":0.006}
STREAMING_STEP_TIMING total=10.76ms {"drain_packets":0.007,"drain_pages":0.005,"enqueue":3.296,"evict":0.357,"player_chunk":0.015,"prune":0.001,"publish":0.005,"queue_pages":7.056,"spawn":0.002,"wrap":0.009}
STREAMING_STEP_TIMING total=10.77ms {"drain_packets":0.005,"drain_pages":0.005,"enqueue":3.285,"evict":0.29,"player_chunk":0.017,"prune":0.003,"publish":0.005,"queue_pages":7.151,"spawn":0.002,"wrap":0.009}
STREAMING_STEP_TIMING total=11.90ms {"drain_packets":0.008,"drain_pages":0.005,"enqueue":3.296,"evict":0.345,"player_chunk":0.013,"prune":0.002,"publish":0.004,"queue_pages":8.217,"spawn":0.002,"wrap":0.007}
STREAMING_STEP_TIMING total=12.82ms {"drain_packets":0.009,"drain_pages":0.007,"enqueue":4.11,"evict":0.341,"player_chunk":0.016,"prune":0.004,"publish":0.004,"queue_pages":8.313,"spawn":0.002,"wrap":0.009}
STREAMING_STEP_TIMING total=12.77ms {"drain_packets":0.005,"drain_pages":0.004,"enqueue":4.016,"evict":0.353,"player_chunk":0.015,"prune":0.002,"publish":0.006,"queue_pages":8.356,"spawn":0.002,"wrap":0.008}
STREAMING_STEP_TIMING total=12.80ms {"drain_packets":0.006,"drain_pages":0.005,"enqueue":4.035,"evict":0.382,"player_chunk":0.02,"prune":0.002,"publish":0.006,"queue_pages":8.332,"spawn":0.002,"wrap":0.01}
STREAMING_STEP_TIMING total=11.01ms {"drain_packets":0.005,"drain_pages":0.005,"enqueue":3.628,"evict":0.28,"player_chunk":0.014,"prune":0.002,"publish":0.003,"queue_pages":7.056,"spawn":0.002,"wrap":0.009}
STREAMING_STEP_TIMING total=10.96ms {"drain_packets":0.01,"drain_pages":0.006,"enqueue":3.555,"evict":0.282,"player_chunk":0.011,"prune":0.005,"publish":0.004,"queue_pages":7.081,"spawn":0.001,"wrap":0.005}
STREAMING_STEP_TIMING total=11.01ms {"drain_packets":0.005,"drain_pages":0.004,"enqueue":3.332,"evict":0.303,"player_chunk":0.014,"prune":0.001,"publish":0.005,"queue_pages":7.339,"spawn":0.002,"wrap":0.007}
STREAMING_STEP_TIMING total=10.91ms {"drain_packets":0.006,"drain_pages":0.005,"enqueue":3.356,"evict":0.352,"player_chunk":0.016,"prune":0.002,"publish":0.004,"queue_pages":7.152,"spawn":0.002,"wrap":0.009}
STREAMING_STEP_TIMING total=10.96ms {"drain_packets":0.009,"drain_pages":0.006,"enqueue":3.414,"evict":0.286,"player_chunk":0.015,"prune":0.004,"publish":0.003,"queue_pages":7.208,"spawn":0.002,"wrap":0.01}
STREAMING_STEP_TIMING total=11.97ms {"drain_packets":0.005,"drain_pages":0.004,"enqueue":3.299,"evict":0.359,"player_chunk":0.018,"prune":0.002,"publish":0.006,"queue_pages":8.26,"spawn":0.002,"wrap":0.009}
STREAMING_STEP_TIMING total=12.50ms {"drain_packets":0.007,"drain_pages":0.005,"enqueue":4.102,"evict":0.327,"player_chunk":0.015,"prune":0.002,"publish":0.006,"queue_pages":8.022,"spawn":0.002,"wrap":0.009}
STREAMING_STEP_TIMING total=10.78ms {"drain_packets":0.007,"drain_pages":0.005,"enqueue":3.292,"evict":0.285,"player_chunk":0.018,"prune":0.002,"publish":0.005,"queue_pages":7.155,"spawn":0.002,"wrap":0.01}
STREAMING_STEP_TIMING total=11.07ms {"drain_packets":0.008,"drain_pages":0.005,"enqueue":3.349,"evict":0.293,"player_chunk":0.014,"prune":0.004,"publish":0.003,"queue_pages":7.376,"spawn":0.002,"wrap":0.012}
STREAMING_STEP_TIMING total=11.22ms {"drain_packets":0.004,"drain_pages":0.003,"enqueue":3.343,"evict":0.3,"player_chunk":0.015,"prune":0.001,"publish":0.005,"queue_pages":7.537,"spawn":0.001,"wrap":0.007}
STREAMING_STEP_TIMING total=11.43ms {"drain_packets":0.006,"drain_pages":0.005,"enqueue":3.351,"evict":0.34,"player_chunk":0.013,"prune":0.002,"publish":0.004,"queue_pages":7.701,"spawn":0.002,"wrap":0.008}
STREAMING_STEP_TIMING total=12.75ms {"drain_packets":0.008,"drain_pages":0.005,"enqueue":4.108,"evict":0.342,"player_chunk":0.015,"prune":0.004,"publish":0.005,"queue_pages":8.251,"spawn":0.001,"wrap":0.01}
STREAMING_STEP_TIMING total=12.68ms {"drain_packets":0.007,"drain_pages":0.005,"enqueue":4.05,"evict":0.335,"player_chunk":0.014,"prune":0.003,"publish":0.004,"queue_pages":8.248,"spawn":0.001,"wrap":0.009}
STREAMING_STEP_TIMING total=12.74ms {"drain_packets":0.006,"drain_pages":0.004,"enqueue":4.058,"evict":0.356,"player_chunk":0.018,"prune":0.002,"publish":0.006,"queue_pages":8.277,"spawn":0.001,"wrap":0.01}
STREAMING_STEP_TIMING total=12.03ms {"drain_packets":0.006,"drain_pages":0.006,"enqueue":4.092,"evict":0.289,"player_chunk":0.015,"prune":0.003,"publish":0.004,"queue_pages":7.607,"spawn":0.002,"wrap":0.009}
STREAMING_STEP_TIMING total=13.24ms {"drain_packets":0.008,"drain_pages":0.005,"enqueue":3.503,"evict":0.461,"player_chunk":0.018,"prune":0.004,"publish":0.007,"queue_pages":9.221,"spawn":0.002,"wrap":0.01}
STREAMING_STEP_TIMING total=12.78ms {"drain_packets":0.011,"drain_pages":0.008,"enqueue":4.948,"evict":0.3,"player_chunk":0.02,"prune":0.011,"publish":0.005,"queue_pages":7.457,"spawn":0.002,"wrap":0.013}
STREAMING_STEP_TIMING total=10.78ms {"drain_packets":0.005,"drain_pages":0.005,"enqueue":3.263,"evict":0.283,"player_chunk":0.017,"prune":0.002,"publish":0.004,"queue_pages":7.187,"spawn":0.002,"wrap":0.007}
STREAMING_STEP_TIMING total=10.65ms {"drain_packets":0.008,"drain_pages":0.005,"enqueue":3.256,"evict":0.31,"player_chunk":0.013,"prune":0.003,"publish":0.005,"queue_pages":7.04,"spawn":0.002,"wrap":0.007}
STREAMING_STEP_TIMING total=10.74ms {"drain_packets":0.007,"drain_pages":0.005,"enqueue":3.315,"evict":0.293,"player_chunk":0.019,"prune":0.003,"publish":0.004,"queue_pages":7.08,"spawn":0.001,"wrap":0.01}
STREAMING_STEP_TIMING total=10.81ms {"drain_packets":0.005,"drain_pages":0.005,"enqueue":3.288,"evict":0.296,"player_chunk":0.013,"prune":0.002,"publish":0.006,"queue_pages":7.183,"spawn":0.002,"wrap":0.008}
STREAMING_STEP_TIMING total=10.92ms {"drain_packets":0.007,"drain_pages":0.004,"enqueue":3.342,"evict":0.294,"player_chunk":0.017,"prune":0.003,"publish":0.005,"queue_pages":7.238,"spawn":0.001,"wrap":0.009}
STREAMING_STEP_TIMING total=10.90ms {"drain_packets":0.007,"drain_pages":0.005,"enqueue":3.308,"evict":0.288,"player_chunk":0.014,"prune":0.002,"publish":0.003,"queue_pages":7.258,"spawn":0.002,"wrap":0.008}
STREAMING_STEP_TIMING total=11.10ms {"drain_packets":0.005,"drain_pages":0.003,"enqueue":3.358,"evict":0.294,"player_chunk":0.012,"prune":0.002,"publish":0.005,"queue_pages":7.411,"spawn":0.002,"wrap":0.006}
STREAMING_STEP_TIMING total=10.82ms {"drain_packets":0.006,"drain_pages":0.005,"enqueue":3.292,"evict":0.3,"player_chunk":0.013,"prune":0.001,"publish":0.004,"queue_pages":7.193,"spawn":0.002,"wrap":0.008}
STREAMING_STEP_TIMING total=10.81ms {"drain_packets":0.006,"drain_pages":0.004,"enqueue":3.335,"evict":0.28,"player_chunk":0.016,"prune":0.002,"publish":0.003,"queue_pages":7.16,"spawn":0.001,"wrap":0.006}
STREAMING_STEP_TIMING total=10.74ms {"drain_packets":0.008,"drain_pages":0.005,"enqueue":3.296,"evict":0.3,"player_chunk":0.011,"prune":0.003,"publish":0.005,"queue_pages":7.1,"spawn":0.001,"wrap":0.007}
STREAMING_STEP_TIMING total=10.91ms {"drain_packets":0.005,"drain_pages":0.004,"enqueue":3.306,"evict":0.338,"player_chunk":0.017,"prune":0.002,"publish":0.009,"queue_pages":7.217,"spawn":0.002,"wrap":0.008}
STREAMING_STEP_TIMING total=10.87ms {"drain_packets":0.006,"drain_pages":0.005,"enqueue":3.318,"evict":0.277,"player_chunk":0.016,"prune":0.002,"publish":0.003,"queue_pages":7.224,"spawn":0.003,"wrap":0.016}
STREAMING_STEP_TIMING total=10.87ms {"drain_packets":0.006,"drain_pages":0.005,"enqueue":3.332,"evict":0.304,"player_chunk":0.012,"prune":0.002,"publish":0.004,"queue_pages":7.198,"spawn":0.002,"wrap":0.008}
STREAMING_STEP_TIMING total=21.47ms {"drain_packets":0.01,"drain_pages":0.011,"enqueue":3.342,"evict":0.248,"player_chunk":0.013,"prune":0.054,"publish":7.687,"queue_pages":10.092,"spawn":0.001,"wrap":0.008}
STREAMING_STEP_TIMING total=33.64ms {"drain_packets":0.007,"drain_pages":0.007,"enqueue":3.606,"evict":0.263,"player_chunk":0.014,"prune":0.056,"publish":22.205,"queue_pages":7.47,"spawn":0.001,"wrap":0.008}
STREAMING_STEP_TIMING total=36.70ms {"drain_packets":0.082,"drain_pages":0.007,"enqueue":5.382,"evict":0.32,"player_chunk":0.017,"prune":0.071,"publish":21.208,"queue_pages":9.597,"spawn":0.003,"wrap":0.011}
STREAMING_STEP_TIMING total=26.68ms {"drain_packets":0.079,"drain_pages":0.006,"enqueue":6.151,"evict":0.313,"player_chunk":0.016,"prune":0.065,"publish":9.036,"queue_pages":11.001,"spawn":0.002,"wrap":0.008}
STREAMING_STEP_TIMING total=44.47ms {"drain_packets":0.098,"drain_pages":0.009,"enqueue":4.664,"evict":0.315,"player_chunk":0.018,"prune":0.067,"publish":28.797,"queue_pages":10.484,"spawn":0.003,"wrap":0.012}
STREAMING_STEP_TIMING total=25.48ms {"drain_packets":0.102,"drain_pages":0.01,"enqueue":5.214,"evict":0.371,"player_chunk":0.024,"prune":0.07,"publish":9.652,"queue_pages":10.017,"spawn":0.004,"wrap":0.015}
STREAMING_STEP_TIMING total=39.00ms {"drain_packets":0.071,"drain_pages":0.007,"enqueue":4.814,"evict":0.264,"player_chunk":0.016,"prune":0.053,"publish":24.123,"queue_pages":9.641,"spawn":0.003,"wrap":0.009}
STREAMING_STEP_TIMING total=38.40ms {"drain_packets":0.069,"drain_pages":0.007,"enqueue":4.728,"evict":0.69,"player_chunk":0.017,"prune":0.053,"publish":21.71,"queue_pages":11.118,"spawn":0.003,"wrap":0.007}
STREAMING_STEP_TIMING total=17.64ms {"drain_packets":0.082,"drain_pages":0.011,"enqueue":5.287,"evict":0.358,"player_chunk":0.018,"prune":0.054,"publish":0.342,"queue_pages":11.473,"spawn":0.004,"wrap":0.011}
STREAMING_STEP_TIMING total=14.04ms {"drain_packets":0.085,"drain_pages":0.129,"enqueue":4.748,"evict":0.294,"player_chunk":0.018,"prune":0.053,"publish":0.252,"queue_pages":8.441,"spawn":0.003,"wrap":0.011}
STREAMING_STEP_TIMING total=16.28ms {"drain_packets":0.077,"drain_pages":0.007,"enqueue":4.779,"evict":0.414,"player_chunk":0.015,"prune":0.045,"publish":0.349,"queue_pages":10.581,"spawn":0.003,"wrap":0.007}
STREAMING_STEP_TIMING total=16.80ms {"drain_packets":0.093,"drain_pages":0.008,"enqueue":4.868,"evict":0.495,"player_chunk":0.017,"prune":0.055,"publish":0.321,"queue_pages":10.932,"spawn":0.002,"wrap":0.009}
STREAMING_STEP_TIMING total=18.40ms {"drain_packets":0.083,"drain_pages":0.007,"enqueue":6.702,"evict":0.501,"player_chunk":0.018,"prune":0.051,"publish":0.326,"queue_pages":10.693,"spawn":0.002,"wrap":0.01}
STREAMING_STEP_TIMING total=17.28ms {"drain_packets":0.092,"drain_pages":0.009,"enqueue":5.354,"evict":0.366,"player_chunk":0.02,"prune":0.057,"publish":0.334,"queue_pages":11.034,"spawn":0.002,"wrap":0.011}
STREAMING_STEP_TIMING total=19.59ms {"drain_packets":0.078,"drain_pages":0.007,"enqueue":4.909,"evict":0.364,"player_chunk":0.017,"prune":0.05,"publish":0.297,"queue_pages":13.848,"spawn":0.003,"wrap":0.009}
STREAMING_STEP_TIMING total=17.39ms {"drain_packets":0.01,"drain_pages":0.006,"enqueue":5.181,"evict":0.356,"player_chunk":0.022,"prune":0.052,"publish":0.302,"queue_pages":11.446,"spawn":0.003,"wrap":0.012}
STREAMING_STEP_TIMING total=18.45ms {"drain_packets":0.009,"drain_pages":0.007,"enqueue":5.035,"evict":0.359,"player_chunk":0.016,"prune":0.051,"publish":0.299,"queue_pages":12.661,"spawn":0.002,"wrap":0.01}
STREAMING_STEP_TIMING total=16.91ms {"drain_packets":0.01,"drain_pages":0.006,"enqueue":5.095,"evict":0.363,"player_chunk":0.021,"prune":0.052,"publish":0.493,"queue_pages":10.862,"spawn":0.002,"wrap":0.008}
STREAMING_STEP_TIMING total=16.34ms {"drain_packets":0.01,"drain_pages":0.006,"enqueue":5.296,"evict":0.358,"player_chunk":0.029,"prune":0.052,"publish":0.309,"queue_pages":10.258,"spawn":0.004,"wrap":0.019}
STREAMING_STEP_TIMING total=15.93ms {"drain_packets":0.01,"drain_pages":0.006,"enqueue":4.936,"evict":0.355,"player_chunk":0.022,"prune":0.049,"publish":0.296,"queue_pages":10.238,"spawn":0.002,"wrap":0.013}
STREAMING_STEP_TIMING total=16.04ms {"drain_packets":0.01,"drain_pages":0.007,"enqueue":4.952,"evict":0.359,"player_chunk":0.026,"prune":0.052,"publish":0.301,"queue_pages":10.307,"spawn":0.004,"wrap":0.017}
STREAMING_STEP_TIMING total=16.00ms {"drain_packets":0.01,"drain_pages":0.006,"enqueue":4.952,"evict":0.355,"player_chunk":0.021,"prune":0.051,"publish":0.294,"queue_pages":10.3,"spawn":0.002,"wrap":0.008}
STREAMING_STEP_TIMING total=14.98ms {"drain_packets":0.009,"drain_pages":0.006,"enqueue":5.125,"evict":0.347,"player_chunk":0.028,"prune":0.045,"publish":0.287,"queue_pages":9.105,"spawn":0.004,"wrap":0.021}
STREAMING_STEP_TIMING total=15.68ms {"drain_packets":0.011,"drain_pages":0.157,"enqueue":5.137,"evict":0.304,"player_chunk":0.021,"prune":0.059,"publish":0.266,"queue_pages":9.711,"spawn":0.002,"wrap":0.012}
STREAMING_STEP_TIMING total=18.55ms {"drain_packets":0.009,"drain_pages":0.132,"enqueue":4.109,"evict":0.298,"player_chunk":0.023,"prune":0.045,"publish":5.72,"queue_pages":8.197,"spawn":0.003,"wrap":0.015}
STREAMING_STEP_TIMING total=30.55ms {"drain_packets":0.009,"drain_pages":0.006,"enqueue":4.169,"evict":0.32,"player_chunk":0.02,"prune":0.041,"publish":17.828,"queue_pages":8.148,"spawn":0.002,"wrap":0.007}
STREAMING_STEP_TIMING total=17.37ms {"drain_packets":0.007,"drain_pages":0.005,"enqueue":3.28,"evict":0.26,"player_chunk":0.02,"prune":0.038,"publish":6.459,"queue_pages":7.28,"spawn":0.002,"wrap":0.014}
STREAMING_STEP_TIMING total=27.84ms {"drain_packets":0.007,"drain_pages":0.004,"enqueue":3.364,"evict":0.266,"player_chunk":0.017,"prune":0.028,"publish":17.165,"queue_pages":6.971,"spawn":0.002,"wrap":0.01}
STREAMING_STEP_TIMING total=16.98ms {"drain_packets":0.008,"drain_pages":0.005,"enqueue":3.254,"evict":0.266,"player_chunk":0.018,"prune":0.03,"publish":6.332,"queue_pages":7.049,"spawn":0.002,"wrap":0.013}
STREAMING_STEP_TIMING total=27.82ms {"drain_packets":0.008,"drain_pages":0.006,"enqueue":3.259,"evict":0.271,"player_chunk":0.016,"prune":0.111,"publish":17.207,"queue_pages":6.934,"spawn":0.001,"wrap":0.007}
STREAMING_STEP_TIMING total=17.07ms {"drain_packets":0.007,"drain_pages":0.005,"enqueue":3.254,"evict":0.276,"player_chunk":0.021,"prune":0.023,"publish":6.336,"queue_pages":7.123,"spawn":0.003,"wrap":0.015}
STREAMING_STEP_TIMING total=26.48ms {"drain_packets":0.007,"drain_pages":0.005,"enqueue":3.274,"evict":0.305,"player_chunk":0.019,"prune":0.02,"publish":15.812,"queue_pages":7.019,"spawn":0.002,"wrap":0.01}
STREAMING_STEP_TIMING total=17.13ms {"drain_packets":0.006,"drain_pages":0.005,"enqueue":3.247,"evict":0.278,"player_chunk":0.019,"prune":0.02,"publish":6.419,"queue_pages":7.113,"spawn":0.002,"wrap":0.015}
STREAMING_STEP_TIMING total=28.65ms {"drain_packets":0.007,"drain_pages":0.005,"enqueue":3.318,"evict":0.283,"player_chunk":0.02,"prune":0.016,"publish":17.945,"queue_pages":7.042,"spawn":0.002,"wrap":0.006}
STREAMING_STEP_TIMING total=17.32ms {"drain_packets":0.007,"drain_pages":0.006,"enqueue":3.33,"evict":0.271,"player_chunk":0.014,"prune":0.017,"publish":6.464,"queue_pages":7.201,"spawn":0.002,"wrap":0.009}
STREAMING_STEP_TIMING total=28.89ms {"drain_packets":0.007,"drain_pages":0.006,"enqueue":3.306,"evict":0.278,"player_chunk":0.017,"prune":0.013,"publish":17.952,"queue_pages":7.298,"spawn":0.002,"wrap":0.009}
STREAMING_STEP_TIMING total=18.87ms {"drain_packets":0.006,"drain_pages":0.006,"enqueue":3.305,"evict":0.289,"player_chunk":0.02,"prune":0.011,"publish":7.982,"queue_pages":7.236,"spawn":0.002,"wrap":0.015}
STREAMING_STEP_TIMING total=28.80ms {"drain_packets":0.006,"drain_pages":0.005,"enqueue":3.321,"evict":0.299,"player_chunk":0.016,"prune":0.007,"publish":18.037,"queue_pages":7.102,"spawn":0.002,"wrap":0.005}
STREAMING_STEP_TIMING total=17.50ms {"drain_packets":0.009,"drain_pages":0.006,"enqueue":3.345,"evict":0.297,"player_chunk":0.014,"prune":0.01,"publish":6.73,"queue_pages":7.08,"spawn":0.002,"wrap":0.01}
STREAMING_STEP_TIMING total=28.80ms {"drain_packets":0.008,"drain_pages":0.005,"enqueue":3.281,"evict":0.302,"player_chunk":0.018,"prune":0.002,"publish":18.143,"queue_pages":7.032,"spawn":0.001,"wrap":0.01}
ERROR: Parameter "t" is null.
   at: texture_2d_get (./servers/rendering/dummy/storage/texture_storage.h:106)
   GDScript backtrace (most recent call first):
       [0] _capture_viewport (res://tools/runtime_mountain_raster_walk_probe.gd:440)
       [1] _run (res://tools/runtime_mountain_raster_walk_probe.gd:96)
       [2] _wait_until_settled (res://tools/runtime_mountain_raster_walk_probe.gd:293)
STREAMING_STEP_TIMING total=11.02ms {"drain_packets":0.009,"drain_pages":0.006,"enqueue":3.488,"evict":0.285,"player_chunk":0.026,"prune":0.004,"publish":0.003,"queue_pages":7.175,"spawn":0.004,"wrap":0.015}
STREAMING_STEP_TIMING total=10.93ms {"drain_packets":0.005,"drain_pages":0.004,"enqueue":3.277,"evict":0.298,"player_chunk":0.017,"prune":0.001,"publish":0.006,"queue_pages":7.31,"spawn":0.002,"wrap":0.006}
STREAMING_STEP_TIMING total=10.86ms {"drain_packets":0.005,"drain_pages":0.004,"enqueue":3.305,"evict":0.297,"player_chunk":0.013,"prune":0.002,"publish":0.006,"queue_pages":7.219,"spawn":0.002,"wrap":0.008}
STREAMING_STEP_TIMING total=11.09ms {"drain_packets":0.006,"drain_pages":0.005,"enqueue":3.451,"evict":0.306,"player_chunk":0.018,"prune":0.003,"publish":0.006,"queue_pages":7.28,"spawn":0.002,"wrap":0.011}
STREAMING_STEP_TIMING total=10.86ms {"drain_packets":0.008,"drain_pages":0.006,"enqueue":3.302,"evict":0.296,"player_chunk":0.014,"prune":0.003,"publish":0.004,"queue_pages":7.211,"spawn":0.002,"wrap":0.009}
STREAMING_STEP_TIMING total=10.79ms {"drain_packets":0.01,"drain_pages":0.005,"enqueue":3.309,"evict":0.342,"player_chunk":0.016,"prune":0.005,"publish":0.006,"queue_pages":7.082,"spawn":0.001,"wrap":0.006}
STREAMING_STEP_TIMING total=10.60ms {"drain_packets":0.006,"drain_pages":0.006,"enqueue":3.272,"evict":0.286,"player_chunk":0.014,"prune":0.003,"publish":0.004,"queue_pages":7.0,"spawn":0.002,"wrap":0.008}
STREAMING_STEP_TIMING total=10.82ms {"drain_packets":0.008,"drain_pages":0.005,"enqueue":3.267,"evict":0.292,"player_chunk":0.017,"prune":0.003,"publish":0.006,"queue_pages":7.216,"spawn":0.001,"wrap":0.009}
STREAMING_STEP_TIMING total=10.82ms {"drain_packets":0.006,"drain_pages":0.005,"enqueue":3.276,"evict":0.296,"player_chunk":0.013,"prune":0.001,"publish":0.006,"queue_pages":7.211,"spawn":0.002,"wrap":0.008}
STREAMING_STEP_TIMING total=10.66ms {"drain_packets":0.01,"drain_pages":0.006,"enqueue":3.342,"evict":0.287,"player_chunk":0.018,"prune":0.005,"publish":0.004,"queue_pages":6.976,"spawn":0.002,"wrap":0.011}
STREAMING_STEP_TIMING total=11.24ms {"drain_packets":0.008,"drain_pages":0.005,"enqueue":3.258,"evict":0.361,"player_chunk":0.013,"prune":0.002,"publish":0.007,"queue_pages":7.577,"spawn":0.001,"wrap":0.009}
STREAMING_STEP_TIMING total=12.78ms {"drain_packets":0.008,"drain_pages":0.005,"enqueue":4.049,"evict":0.353,"player_chunk":0.02,"prune":0.002,"publish":0.006,"queue_pages":8.324,"spawn":0.002,"wrap":0.01}
STREAMING_STEP_TIMING total=12.67ms {"drain_packets":0.007,"drain_pages":0.006,"enqueue":4.091,"evict":0.398,"player_chunk":0.015,"prune":0.003,"publish":0.005,"queue_pages":8.131,"spawn":0.002,"wrap":0.008}
STREAMING_STEP_TIMING total=11.38ms {"drain_packets":0.007,"drain_pages":0.005,"enqueue":4.062,"evict":0.278,"player_chunk":0.019,"prune":0.004,"publish":0.004,"queue_pages":6.991,"spawn":0.002,"wrap":0.007}
[FrameBudget] streaming=15.9ms topology=0.0ms visual=0.0ms spawn=0.0ms total=15.9ms/6.0ms world.streaming_v0=15.9ms(60)
STREAMING_STEP_TIMING total=10.80ms {"drain_packets":0.007,"drain_pages":0.006,"enqueue":3.432,"evict":0.278,"player_chunk":0.014,"prune":0.003,"publish":0.004,"queue_pages":7.05,"spawn":0.002,"wrap":0.007}
STREAMING_STEP_TIMING total=10.89ms {"drain_packets":0.005,"drain_pages":0.004,"enqueue":3.242,"evict":0.299,"player_chunk":0.016,"prune":0.002,"publish":0.006,"queue_pages":7.298,"spawn":0.002,"wrap":0.009}
STREAMING_STEP_TIMING total=10.50ms {"drain_packets":0.006,"drain_pages":0.004,"enqueue":3.226,"evict":0.272,"player_chunk":0.014,"prune":0.003,"publish":0.003,"queue_pages":6.961,"spawn":0.002,"wrap":0.008}
STREAMING_STEP_TIMING total=10.70ms {"drain_packets":0.008,"drain_pages":0.006,"enqueue":3.38,"evict":0.28,"player_chunk":0.01,"prune":0.004,"publish":0.004,"queue_pages":6.999,"spawn":0.001,"wrap":0.007}
STREAMING_STEP_TIMING total=10.80ms {"drain_packets":0.005,"drain_pages":0.005,"enqueue":3.242,"evict":0.301,"player_chunk":0.014,"prune":0.001,"publish":0.006,"queue_pages":7.211,"spawn":0.002,"wrap":0.007}
STREAMING_STEP_TIMING total=11.18ms {"drain_packets":0.007,"drain_pages":0.005,"enqueue":3.445,"evict":0.301,"player_chunk":0.018,"prune":0.003,"publish":0.006,"queue_pages":7.379,"spawn":0.002,"wrap":0.01}
STREAMING_STEP_TIMING total=11.41ms {"drain_packets":0.012,"drain_pages":0.006,"enqueue":3.871,"evict":0.297,"player_chunk":0.014,"prune":0.007,"publish":0.006,"queue_pages":7.186,"spawn":0.002,"wrap":0.008}
STREAMING_STEP_TIMING total=10.96ms {"drain_packets":0.006,"drain_pages":0.005,"enqueue":3.329,"evict":0.3,"player_chunk":0.017,"prune":0.002,"publish":0.006,"queue_pages":7.281,"spawn":0.002,"wrap":0.006}
STREAMING_STEP_TIMING total=10.80ms {"drain_packets":0.007,"drain_pages":0.006,"enqueue":3.316,"evict":0.286,"player_chunk":0.015,"prune":0.002,"publish":0.004,"queue_pages":7.148,"spawn":0.002,"wrap":0.008}
STREAMING_STEP_TIMING total=10.80ms {"drain_packets":0.01,"drain_pages":0.006,"enqueue":3.376,"evict":0.282,"player_chunk":0.026,"prune":0.004,"publish":0.004,"queue_pages":7.067,"spawn":0.003,"wrap":0.016}
STREAMING_STEP_TIMING total=11.54ms {"drain_packets":0.011,"drain_pages":0.006,"enqueue":3.686,"evict":0.298,"player_chunk":0.013,"prune":0.006,"publish":0.005,"queue_pages":7.503,"spawn":0.002,"wrap":0.007}
STREAMING_STEP_TIMING total=13.73ms {"drain_packets":0.009,"drain_pages":0.007,"enqueue":3.337,"evict":0.458,"player_chunk":0.022,"prune":0.003,"publish":0.009,"queue_pages":9.865,"spawn":0.003,"wrap":0.014}
STREAMING_STEP_TIMING total=13.88ms {"drain_packets":0.012,"drain_pages":0.007,"enqueue":5.366,"evict":0.366,"player_chunk":0.021,"prune":0.006,"publish":0.006,"queue_pages":8.081,"spawn":0.002,"wrap":0.013}
STREAMING_STEP_TIMING total=11.30ms {"drain_packets":0.009,"drain_pages":0.005,"enqueue":3.502,"evict":0.353,"player_chunk":0.034,"prune":0.004,"publish":0.005,"queue_pages":7.37,"spawn":0.002,"wrap":0.011}
STREAMING_STEP_TIMING total=10.95ms {"drain_packets":0.009,"drain_pages":0.006,"enqueue":3.433,"evict":0.287,"player_chunk":0.014,"prune":0.003,"publish":0.004,"queue_pages":7.177,"spawn":0.002,"wrap":0.008}
STREAMING_STEP_TIMING total=14.40ms {"drain_packets":0.011,"drain_pages":0.007,"enqueue":4.239,"evict":0.3,"player_chunk":0.016,"prune":0.004,"publish":0.006,"queue_pages":9.806,"spawn":0.002,"wrap":0.006}
STREAMING_STEP_TIMING total=10.98ms {"drain_packets":0.006,"drain_pages":0.004,"enqueue":3.389,"evict":0.35,"player_chunk":0.013,"prune":0.003,"publish":0.006,"queue_pages":7.198,"spawn":0.002,"wrap":0.009}
STREAMING_STEP_TIMING total=11.20ms {"drain_packets":0.006,"drain_pages":0.005,"enqueue":3.471,"evict":0.333,"player_chunk":0.018,"prune":0.003,"publish":0.003,"queue_pages":7.345,"spawn":0.002,"wrap":0.01}
STREAMING_STEP_TIMING total=10.96ms {"drain_packets":0.005,"drain_pages":0.004,"enqueue":3.397,"evict":0.298,"player_chunk":0.013,"prune":0.003,"publish":0.005,"queue_pages":7.223,"spawn":0.002,"wrap":0.007}
STREAMING_STEP_TIMING total=11.20ms {"drain_packets":0.006,"drain_pages":0.005,"enqueue":3.423,"evict":0.38,"player_chunk":0.017,"prune":0.002,"publish":0.006,"queue_pages":7.351,"spawn":0.001,"wrap":0.01}
STREAMING_STEP_TIMING total=11.04ms {"drain_packets":0.008,"drain_pages":0.005,"enqueue":3.383,"evict":0.305,"player_chunk":0.015,"prune":0.003,"publish":0.006,"queue_pages":7.298,"spawn":0.003,"wrap":0.008}
STREAMING_STEP_TIMING total=12.06ms {"drain_packets":0.008,"drain_pages":0.006,"enqueue":3.432,"evict":0.464,"player_chunk":0.019,"prune":0.004,"publish":0.008,"queue_pages":8.106,"spawn":0.002,"wrap":0.01}
STREAMING_STEP_TIMING total=15.37ms {"drain_packets":0.012,"drain_pages":0.007,"enqueue":5.247,"evict":0.304,"player_chunk":0.02,"prune":0.005,"publish":0.007,"queue_pages":9.754,"spawn":0.002,"wrap":0.012}
STREAMING_STEP_TIMING total=10.81ms {"drain_packets":0.006,"drain_pages":0.005,"enqueue":3.276,"evict":0.302,"player_chunk":0.017,"prune":0.001,"publish":0.005,"queue_pages":7.189,"spawn":0.002,"wrap":0.006}
STREAMING_STEP_TIMING total=12.46ms {"drain_packets":0.011,"drain_pages":0.007,"enqueue":3.842,"evict":0.355,"player_chunk":0.013,"prune":0.006,"publish":0.006,"queue_pages":8.211,"spawn":0.002,"wrap":0.008}
STREAMING_STEP_TIMING total=11.55ms {"drain_packets":0.009,"drain_pages":0.006,"enqueue":4.132,"evict":0.28,"player_chunk":0.021,"prune":0.006,"publish":0.003,"queue_pages":7.077,"spawn":0.003,"wrap":0.013}
STREAMING_STEP_TIMING total=10.81ms {"drain_packets":0.005,"drain_pages":0.003,"enqueue":3.228,"evict":0.315,"player_chunk":0.014,"prune":0.002,"publish":0.006,"queue_pages":7.228,"spawn":0.001,"wrap":0.008}
STREAMING_STEP_TIMING total=10.79ms {"drain_packets":0.005,"drain_pages":0.005,"enqueue":3.295,"evict":0.297,"player_chunk":0.018,"prune":0.002,"publish":0.005,"queue_pages":7.153,"spawn":0.002,"wrap":0.009}
STREAMING_STEP_TIMING total=10.60ms {"drain_packets":0.006,"drain_pages":0.005,"enqueue":3.296,"evict":0.277,"player_chunk":0.014,"prune":0.003,"publish":0.002,"queue_pages":6.984,"spawn":0.002,"wrap":0.008}
STREAMING_STEP_TIMING total=10.83ms {"drain_packets":0.004,"drain_pages":0.003,"enqueue":3.271,"evict":0.298,"player_chunk":0.014,"prune":0.002,"publish":0.006,"queue_pages":7.218,"spawn":0.001,"wrap":0.008}
STREAMING_STEP_TIMING total=10.86ms {"drain_packets":0.006,"drain_pages":0.005,"enqueue":3.315,"evict":0.301,"player_chunk":0.013,"prune":0.003,"publish":0.006,"queue_pages":7.196,"spawn":0.002,"wrap":0.008}
STREAMING_STEP_TIMING total=10.71ms {"drain_packets":0.006,"drain_pages":0.005,"enqueue":3.29,"evict":0.288,"player_chunk":0.017,"prune":0.002,"publish":0.004,"queue_pages":7.084,"spawn":0.002,"wrap":0.006}
STREAMING_STEP_TIMING total=10.94ms {"drain_packets":0.007,"drain_pages":0.006,"enqueue":3.321,"evict":0.296,"player_chunk":0.013,"prune":0.002,"publish":0.005,"queue_pages":7.278,"spawn":0.002,"wrap":0.007}
STREAMING_STEP_TIMING total=10.90ms {"drain_packets":0.006,"drain_pages":0.005,"enqueue":3.36,"evict":0.302,"player_chunk":0.017,"prune":0.002,"publish":0.007,"queue_pages":7.195,"spawn":0.001,"wrap":0.009}
STREAMING_STEP_TIMING total=10.83ms {"drain_packets":0.007,"drain_pages":0.005,"enqueue":3.387,"evict":0.31,"player_chunk":0.014,"prune":0.003,"publish":0.004,"queue_pages":7.083,"spawn":0.003,"wrap":0.008}
STREAMING_STEP_TIMING total=11.03ms {"drain_packets":0.012,"drain_pages":0.007,"enqueue":3.611,"evict":0.292,"player_chunk":0.017,"prune":0.006,"publish":0.004,"queue_pages":7.069,"spawn":0.001,"wrap":0.009}
STREAMING_STEP_TIMING total=10.95ms {"drain_packets":0.006,"drain_pages":0.004,"enqueue":3.31,"evict":0.316,"player_chunk":0.013,"prune":0.002,"publish":0.005,"queue_pages":7.286,"spawn":0.002,"wrap":0.007}
STREAMING_STEP_TIMING total=10.77ms {"drain_packets":0.007,"drain_pages":0.004,"enqueue":3.38,"evict":0.29,"player_chunk":0.017,"prune":0.003,"publish":0.005,"queue_pages":7.045,"spawn":0.002,"wrap":0.01}
STREAMING_STEP_TIMING total=10.78ms {"drain_packets":0.008,"drain_pages":0.005,"enqueue":3.33,"evict":0.297,"player_chunk":0.013,"prune":0.003,"publish":0.005,"queue_pages":7.109,"spawn":0.002,"wrap":0.007}
STREAMING_STEP_TIMING total=12.28ms {"drain_packets":0.013,"drain_pages":0.007,"enqueue":3.985,"evict":0.302,"player_chunk":0.016,"prune":0.007,"publish":0.007,"queue_pages":7.929,"spawn":0.002,"wrap":0.006}
STREAMING_STEP_TIMING total=10.70ms {"drain_packets":0.008,"drain_pages":0.005,"enqueue":3.282,"evict":0.291,"player_chunk":0.014,"prune":0.003,"publish":0.004,"queue_pages":7.079,"spawn":0.002,"wrap":0.008}
STREAMING_STEP_TIMING total=10.78ms {"drain_packets":0.01,"drain_pages":0.005,"enqueue":3.412,"evict":0.296,"player_chunk":0.018,"prune":0.004,"publish":0.004,"queue_pages":7.02,"spawn":0.002,"wrap":0.01}
STREAMING_STEP_TIMING total=10.72ms {"drain_packets":0.006,"drain_pages":0.004,"enqueue":3.276,"evict":0.297,"player_chunk":0.014,"prune":0.002,"publish":0.004,"queue_pages":7.106,"spawn":0.001,"wrap":0.009}
STREAMING_STEP_TIMING total=11.78ms {"drain_packets":0.005,"drain_pages":0.005,"enqueue":3.296,"evict":0.345,"player_chunk":0.017,"prune":0.001,"publish":0.004,"queue_pages":8.097,"spawn":0.002,"wrap":0.01}
STREAMING_STEP_TIMING total=12.67ms {"drain_packets":0.009,"drain_pages":0.006,"enqueue":4.075,"evict":0.342,"player_chunk":0.015,"prune":0.005,"publish":0.004,"queue_pages":8.198,"spawn":0.001,"wrap":0.009}
STREAMING_STEP_TIMING total=12.51ms {"drain_packets":0.009,"drain_pages":0.005,"enqueue":4.145,"evict":0.288,"player_chunk":0.018,"prune":0.003,"publish":0.005,"queue_pages":8.028,"spawn":0.001,"wrap":0.01}
STREAMING_STEP_TIMING total=10.96ms {"drain_packets":0.005,"drain_pages":0.004,"enqueue":3.267,"evict":0.302,"player_chunk":0.013,"prune":0.001,"publish":0.006,"queue_pages":7.354,"spawn":0.002,"wrap":0.008}
STREAMING_STEP_TIMING total=10.55ms {"drain_packets":0.005,"drain_pages":0.005,"enqueue":3.293,"evict":0.279,"player_chunk":0.016,"prune":0.003,"publish":0.004,"queue_pages":6.934,"spawn":0.002,"wrap":0.006}
STREAMING_STEP_TIMING total=11.09ms {"drain_packets":0.009,"drain_pages":0.005,"enqueue":3.626,"evict":0.291,"player_chunk":0.012,"prune":0.004,"publish":0.004,"queue_pages":7.128,"spawn":0.002,"wrap":0.008}
STREAMING_STEP_TIMING total=10.64ms {"drain_packets":0.006,"drain_pages":0.004,"enqueue":3.239,"evict":0.296,"player_chunk":0.016,"prune":0.001,"publish":0.005,"queue_pages":7.064,"spawn":0.001,"wrap":0.01}
STREAMING_STEP_TIMING total=10.62ms {"drain_packets":0.009,"drain_pages":0.006,"enqueue":3.303,"evict":0.279,"player_chunk":0.013,"prune":0.006,"publish":0.003,"queue_pages":6.986,"spawn":0.002,"wrap":0.008}
STREAMING_STEP_TIMING total=10.82ms {"drain_packets":0.01,"drain_pages":0.006,"enqueue":3.36,"evict":0.291,"player_chunk":0.017,"prune":0.004,"publish":0.005,"queue_pages":7.112,"spawn":0.002,"wrap":0.011}
STREAMING_STEP_TIMING total=10.87ms {"drain_packets":0.008,"drain_pages":0.004,"enqueue":3.294,"evict":0.352,"player_chunk":0.014,"prune":0.002,"publish":0.007,"queue_pages":7.18,"spawn":0.002,"wrap":0.008}
STREAMING_STEP_TIMING total=10.82ms {"drain_packets":0.006,"drain_pages":0.004,"enqueue":3.297,"evict":0.281,"player_chunk":0.017,"prune":0.001,"publish":0.002,"queue_pages":7.195,"spawn":0.002,"wrap":0.01}
STREAMING_STEP_TIMING total=10.85ms {"drain_packets":0.008,"drain_pages":0.005,"enqueue":3.54,"evict":0.278,"player_chunk":0.012,"prune":0.003,"publish":0.004,"queue_pages":6.988,"spawn":0.002,"wrap":0.008}
STREAMING_STEP_TIMING total=10.60ms {"drain_packets":0.005,"drain_pages":0.004,"enqueue":3.267,"evict":0.296,"player_chunk":0.015,"prune":0.001,"publish":0.004,"queue_pages":6.995,"spawn":0.001,"wrap":0.006}
STREAMING_STEP_TIMING total=10.79ms {"drain_packets":0.005,"drain_pages":0.005,"enqueue":3.278,"evict":0.279,"player_chunk":0.014,"prune":0.002,"publish":0.003,"queue_pages":7.198,"spawn":0.002,"wrap":0.007}
STREAMING_STEP_TIMING total=10.87ms {"drain_packets":0.007,"drain_pages":0.005,"enqueue":3.334,"evict":0.287,"player_chunk":0.015,"prune":0.003,"publish":0.002,"queue_pages":7.206,"spawn":0.001,"wrap":0.008}
STREAMING_STEP_TIMING total=11.60ms {"drain_packets":0.004,"drain_pages":0.003,"enqueue":3.324,"evict":0.304,"player_chunk":0.012,"prune":0.002,"publish":0.006,"queue_pages":7.936,"spawn":0.002,"wrap":0.007}
STREAMING_STEP_TIMING total=11.46ms {"drain_packets":0.006,"drain_pages":0.005,"enqueue":3.281,"evict":0.318,"player_chunk":0.016,"prune":0.001,"publish":0.007,"queue_pages":7.813,"spawn":0.002,"wrap":0.009}
STREAMING_STEP_TIMING total=10.88ms {"drain_packets":0.007,"drain_pages":0.005,"enqueue":3.358,"evict":0.282,"player_chunk":0.014,"prune":0.001,"publish":0.003,"queue_pages":7.2,"spawn":0.001,"wrap":0.009}
STREAMING_STEP_TIMING total=10.57ms {"drain_packets":0.006,"drain_pages":0.004,"enqueue":3.28,"evict":0.276,"player_chunk":0.015,"prune":0.004,"publish":0.004,"queue_pages":6.968,"spawn":0.001,"wrap":0.007}
STREAMING_STEP_TIMING total=10.79ms {"drain_packets":0.005,"drain_pages":0.003,"enqueue":3.245,"evict":0.307,"player_chunk":0.014,"prune":0.002,"publish":0.006,"queue_pages":7.2,"spawn":0.002,"wrap":0.008}
STREAMING_STEP_TIMING total=10.57ms {"drain_packets":0.007,"drain_pages":0.004,"enqueue":3.276,"evict":0.276,"player_chunk":0.017,"prune":0.004,"publish":0.003,"queue_pages":6.969,"spawn":0.002,"wrap":0.007}
STREAMING_STEP_TIMING total=10.73ms {"drain_packets":0.005,"drain_pages":0.005,"enqueue":3.327,"evict":0.288,"player_chunk":0.013,"prune":0.003,"publish":0.004,"queue_pages":7.077,"spawn":0.002,"wrap":0.008}
STREAMING_STEP_TIMING total=10.66ms {"drain_packets":0.004,"drain_pages":0.004,"enqueue":3.272,"evict":0.295,"player_chunk":0.016,"prune":0.002,"publish":0.004,"queue_pages":7.054,"spawn":0.001,"wrap":0.01}
STREAMING_STEP_TIMING total=10.89ms {"drain_packets":0.006,"drain_pages":0.004,"enqueue":3.415,"evict":0.277,"player_chunk":0.014,"prune":0.002,"publish":0.004,"queue_pages":7.154,"spawn":0.002,"wrap":0.007}
STREAMING_STEP_TIMING total=10.86ms {"drain_packets":0.007,"drain_pages":0.005,"enqueue":3.407,"evict":0.281,"player_chunk":0.012,"prune":0.003,"publish":0.004,"queue_pages":7.127,"spawn":0.001,"wrap":0.007}
STREAMING_STEP_TIMING total=10.87ms {"drain_packets":0.006,"drain_pages":0.004,"enqueue":3.277,"evict":0.346,"player_chunk":0.014,"prune":0.001,"publish":0.005,"queue_pages":7.203,"spawn":0.001,"wrap":0.008}
STREAMING_STEP_TIMING total=11.24ms {"drain_packets":0.005,"drain_pages":0.005,"enqueue":3.302,"evict":0.334,"player_chunk":0.016,"prune":0.002,"publish":0.004,"queue_pages":7.563,"spawn":0.002,"wrap":0.009}
STREAMING_STEP_TIMING total=13.02ms {"drain_packets":0.009,"drain_pages":0.006,"enqueue":4.279,"evict":0.355,"player_chunk":0.012,"prune":0.004,"publish":0.006,"queue_pages":8.34,"spawn":0.001,"wrap":0.007}
STREAMING_STEP_TIMING total=13.04ms {"drain_packets":0.005,"drain_pages":0.005,"enqueue":4.054,"evict":0.35,"player_chunk":0.018,"prune":0.002,"publish":0.006,"queue_pages":8.591,"spawn":0.002,"wrap":0.006}
STREAMING_STEP_TIMING total=13.10ms {"drain_packets":0.007,"drain_pages":0.005,"enqueue":4.067,"evict":0.492,"player_chunk":0.016,"prune":0.003,"publish":0.007,"queue_pages":8.492,"spawn":0.002,"wrap":0.009}
STREAMING_STEP_TIMING total=11.20ms {"drain_packets":0.007,"drain_pages":0.005,"enqueue":3.944,"evict":0.289,"player_chunk":0.019,"prune":0.003,"publish":0.004,"queue_pages":6.918,"spawn":0.002,"wrap":0.01}
STREAMING_STEP_TIMING total=10.69ms {"drain_packets":0.007,"drain_pages":0.005,"enqueue":3.29,"evict":0.286,"player_chunk":0.015,"prune":0.002,"publish":0.004,"queue_pages":7.072,"spawn":0.002,"wrap":0.008}
STREAMING_STEP_TIMING total=10.64ms {"drain_packets":0.008,"drain_pages":0.004,"enqueue":3.267,"evict":0.287,"player_chunk":0.016,"prune":0.002,"publish":0.004,"queue_pages":7.039,"spawn":0.002,"wrap":0.01}
STREAMING_STEP_TIMING total=10.63ms {"drain_packets":0.006,"drain_pages":0.005,"enqueue":3.256,"evict":0.282,"player_chunk":0.012,"prune":0.003,"publish":0.004,"queue_pages":7.052,"spawn":0.002,"wrap":0.008}
STREAMING_STEP_TIMING total=10.83ms {"drain_packets":0.008,"drain_pages":0.004,"enqueue":3.531,"evict":0.284,"player_chunk":0.017,"prune":0.004,"publish":0.004,"queue_pages":6.96,"spawn":0.001,"wrap":0.011}
STREAMING_STEP_TIMING total=10.83ms {"drain_packets":0.005,"drain_pages":0.003,"enqueue":3.278,"evict":0.301,"player_chunk":0.013,"prune":0.002,"publish":0.003,"queue_pages":7.214,"spawn":0.001,"wrap":0.008}
STREAMING_STEP_TIMING total=10.68ms {"drain_packets":0.005,"drain_pages":0.004,"enqueue":3.296,"evict":0.29,"player_chunk":0.015,"prune":0.002,"publish":0.004,"queue_pages":7.052,"spawn":0.002,"wrap":0.006}
STREAMING_STEP_TIMING total=10.74ms {"drain_packets":0.007,"drain_pages":0.005,"enqueue":3.301,"evict":0.282,"player_chunk":0.012,"prune":0.002,"publish":0.003,"queue_pages":7.116,"spawn":0.002,"wrap":0.007}
STREAMING_STEP_TIMING total=10.94ms {"drain_packets":0.004,"drain_pages":0.004,"enqueue":3.316,"evict":0.288,"player_chunk":0.015,"prune":0.001,"publish":0.004,"queue_pages":7.301,"spawn":0.001,"wrap":0.008}
STREAMING_STEP_TIMING total=10.69ms {"drain_packets":0.005,"drain_pages":0.004,"enqueue":3.28,"evict":0.278,"player_chunk":0.012,"prune":0.001,"publish":0.003,"queue_pages":7.095,"spawn":0.002,"wrap":0.007}
STREAMING_STEP_TIMING total=10.66ms {"drain_packets":0.005,"drain_pages":0.005,"enqueue":3.284,"evict":0.28,"player_chunk":0.013,"prune":0.003,"publish":0.003,"queue_pages":7.053,"spawn":0.002,"wrap":0.008}
STREAMING_STEP_TIMING total=10.83ms {"drain_packets":0.004,"drain_pages":0.003,"enqueue":3.254,"evict":0.298,"player_chunk":0.011,"prune":0.002,"publish":0.005,"queue_pages":7.246,"spawn":0.002,"wrap":0.007}
STREAMING_STEP_TIMING total=10.58ms {"drain_packets":0.005,"drain_pages":0.004,"enqueue":3.292,"evict":0.287,"player_chunk":0.017,"prune":0.002,"publish":0.004,"queue_pages":6.954,"spawn":0.002,"wrap":0.009}
STREAMING_STEP_TIMING total=10.63ms {"drain_packets":0.008,"drain_pages":0.006,"enqueue":3.328,"evict":0.279,"player_chunk":0.013,"prune":0.003,"publish":0.003,"queue_pages":6.975,"spawn":0.002,"wrap":0.008}
STREAMING_STEP_TIMING total=11.64ms {"drain_packets":0.004,"drain_pages":0.003,"enqueue":3.25,"evict":0.368,"player_chunk":0.014,"prune":0.002,"publish":0.007,"queue_pages":7.978,"spawn":0.002,"wrap":0.005}
STREAMING_STEP_TIMING total=12.77ms {"drain_packets":0.006,"drain_pages":0.006,"enqueue":4.083,"evict":0.357,"player_chunk":0.016,"prune":0.003,"publish":0.006,"queue_pages":8.284,"spawn":0.002,"wrap":0.01}
STREAMING_STEP_TIMING total=12.57ms {"drain_packets":0.007,"drain_pages":0.006,"enqueue":4.064,"evict":0.297,"player_chunk":0.02,"prune":0.002,"publish":0.006,"queue_pages":8.149,"spawn":0.002,"wrap":0.01}
STREAMING_STEP_TIMING total=10.69ms {"drain_packets":0.006,"drain_pages":0.005,"enqueue":3.288,"evict":0.28,"player_chunk":0.014,"prune":0.002,"publish":0.003,"queue_pages":7.074,"spawn":0.007,"wrap":0.009}
STREAMING_STEP_TIMING total=10.72ms {"drain_packets":0.005,"drain_pages":0.004,"enqueue":3.282,"evict":0.301,"player_chunk":0.016,"prune":0.002,"publish":0.006,"queue_pages":7.087,"spawn":0.002,"wrap":0.01}
STREAMING_STEP_TIMING total=10.71ms {"drain_packets":0.006,"drain_pages":0.005,"enqueue":3.285,"evict":0.286,"player_chunk":0.014,"prune":0.002,"publish":0.003,"queue_pages":7.098,"spawn":0.002,"wrap":0.008}
STREAMING_STEP_TIMING total=10.67ms {"drain_packets":0.006,"drain_pages":0.004,"enqueue":3.293,"evict":0.281,"player_chunk":0.016,"prune":0.002,"publish":0.003,"queue_pages":7.048,"spawn":0.002,"wrap":0.009}
STREAMING_STEP_TIMING total=10.83ms {"drain_packets":0.006,"drain_pages":0.004,"enqueue":3.334,"evict":0.287,"player_chunk":0.011,"prune":0.002,"publish":0.005,"queue_pages":7.167,"spawn":0.001,"wrap":0.007}
STREAMING_STEP_TIMING total=13.07ms {"drain_packets":0.005,"drain_pages":0.004,"enqueue":3.278,"evict":0.304,"player_chunk":0.016,"prune":0.002,"publish":0.006,"queue_pages":9.443,"spawn":0.001,"wrap":0.006}
STREAMING_STEP_TIMING total=10.57ms {"drain_packets":0.006,"drain_pages":0.005,"enqueue":3.229,"evict":0.292,"player_chunk":0.014,"prune":0.003,"publish":0.004,"queue_pages":7.009,"spawn":0.002,"wrap":0.009}
STREAMING_STEP_TIMING total=10.56ms {"drain_packets":0.006,"drain_pages":0.006,"enqueue":3.24,"evict":0.283,"player_chunk":0.016,"prune":0.003,"publish":0.003,"queue_pages":6.987,"spawn":0.002,"wrap":0.01}
STREAMING_STEP_TIMING total=10.47ms {"drain_packets":0.006,"drain_pages":0.005,"enqueue":3.223,"evict":0.29,"player_chunk":0.013,"prune":0.003,"publish":0.005,"queue_pages":6.918,"spawn":0.002,"wrap":0.007}
STREAMING_STEP_TIMING total=10.55ms {"drain_packets":0.006,"drain_pages":0.005,"enqueue":3.266,"evict":0.286,"player_chunk":0.017,"prune":0.002,"publish":0.004,"queue_pages":6.953,"spawn":0.002,"wrap":0.009}
STREAMING_STEP_TIMING total=10.76ms {"drain_packets":0.007,"drain_pages":0.006,"enqueue":3.297,"evict":0.291,"player_chunk":0.014,"prune":0.002,"publish":0.004,"queue_pages":7.128,"spawn":0.001,"wrap":0.008}
STREAMING_STEP_TIMING total=10.57ms {"drain_packets":0.006,"drain_pages":0.004,"enqueue":3.263,"evict":0.295,"player_chunk":0.017,"prune":0.002,"publish":0.004,"queue_pages":6.97,"spawn":0.002,"wrap":0.01}
STREAMING_STEP_TIMING total=10.80ms {"drain_packets":0.006,"drain_pages":0.005,"enqueue":3.272,"evict":0.295,"player_chunk":0.013,"prune":0.002,"publish":0.004,"queue_pages":7.195,"spawn":0.002,"wrap":0.008}
STREAMING_STEP_TIMING total=10.89ms {"drain_packets":0.007,"drain_pages":0.005,"enqueue":3.348,"evict":0.288,"player_chunk":0.015,"prune":0.003,"publish":0.005,"queue_pages":7.212,"spawn":0.002,"wrap":0.005}
STREAMING_STEP_TIMING total=10.60ms {"drain_packets":0.006,"drain_pages":0.005,"enqueue":3.249,"evict":0.29,"player_chunk":0.013,"prune":0.002,"publish":0.005,"queue_pages":7.022,"spawn":0.002,"wrap":0.008}
STREAMING_STEP_TIMING total=10.51ms {"drain_packets":0.006,"drain_pages":0.005,"enqueue":3.273,"evict":0.284,"player_chunk":0.017,"prune":0.003,"publish":0.004,"queue_pages":6.901,"spawn":0.002,"wrap":0.01}
STREAMING_STEP_TIMING total=11.27ms {"drain_packets":0.008,"drain_pages":0.006,"enqueue":3.355,"evict":0.361,"player_chunk":0.013,"prune":0.004,"publish":0.006,"queue_pages":7.503,"spawn":0.002,"wrap":0.007}
STREAMING_STEP_TIMING total=12.79ms {"drain_packets":0.006,"drain_pages":0.005,"enqueue":4.06,"evict":0.357,"player_chunk":0.019,"prune":0.002,"publish":0.007,"queue_pages":8.319,"spawn":0.002,"wrap":0.01}
STREAMING_STEP_TIMING total=12.66ms {"drain_packets":0.007,"drain_pages":0.006,"enqueue":4.031,"evict":0.357,"player_chunk":0.015,"prune":0.002,"publish":0.007,"queue_pages":8.224,"spawn":0.002,"wrap":0.009}
STREAMING_STEP_TIMING total=12.75ms {"drain_packets":0.009,"drain_pages":0.006,"enqueue":4.127,"evict":0.347,"player_chunk":0.019,"prune":0.005,"publish":0.005,"queue_pages":8.217,"spawn":0.002,"wrap":0.01}
STREAMING_STEP_TIMING total=11.43ms {"drain_packets":0.01,"drain_pages":0.006,"enqueue":4.12,"evict":0.28,"player_chunk":0.015,"prune":0.006,"publish":0.003,"queue_pages":6.975,"spawn":0.002,"wrap":0.008}
STREAMING_STEP_TIMING total=10.66ms {"drain_packets":0.004,"drain_pages":0.003,"enqueue":3.274,"evict":0.288,"player_chunk":0.017,"prune":0.002,"publish":0.004,"queue_pages":7.056,"spawn":0.001,"wrap":0.006}
STREAMING_STEP_TIMING total=10.70ms {"drain_packets":0.005,"drain_pages":0.005,"enqueue":3.348,"evict":0.283,"player_chunk":0.013,"prune":0.002,"publish":0.002,"queue_pages":7.028,"spawn":0.002,"wrap":0.007}
STREAMING_STEP_TIMING total=12.42ms {"drain_packets":0.01,"drain_pages":0.006,"enqueue":3.792,"evict":0.347,"player_chunk":0.011,"prune":0.005,"publish":0.004,"queue_pages":8.233,"spawn":0.002,"wrap":0.006}
STREAMING_STEP_TIMING total=11.61ms {"drain_packets":0.008,"drain_pages":0.006,"enqueue":4.087,"evict":0.293,"player_chunk":0.015,"prune":0.002,"publish":0.006,"queue_pages":7.183,"spawn":0.002,"wrap":0.008}
STREAMING_STEP_TIMING total=10.64ms {"drain_packets":0.005,"drain_pages":0.005,"enqueue":3.241,"evict":0.292,"player_chunk":0.018,"prune":0.002,"publish":0.005,"queue_pages":7.057,"spawn":0.002,"wrap":0.01}
STREAMING_STEP_TIMING total=14.63ms {"drain_packets":0.011,"drain_pages":0.008,"enqueue":5.186,"evict":0.56,"player_chunk":0.02,"prune":0.006,"publish":0.009,"queue_pages":8.805,"spawn":0.003,"wrap":0.013}
STREAMING_STEP_TIMING total=11.73ms {"drain_packets":0.009,"drain_pages":0.005,"enqueue":4.348,"evict":0.28,"player_chunk":0.035,"prune":0.005,"publish":0.003,"queue_pages":7.021,"spawn":0.004,"wrap":0.019}
STREAMING_STEP_TIMING total=10.60ms {"drain_packets":0.006,"drain_pages":0.004,"enqueue":3.247,"evict":0.284,"player_chunk":0.013,"prune":0.003,"publish":0.004,"queue_pages":7.032,"spawn":0.002,"wrap":0.008}
STREAMING_STEP_TIMING total=10.75ms {"drain_packets":0.005,"drain_pages":0.004,"enqueue":3.267,"evict":0.303,"player_chunk":0.021,"prune":0.001,"publish":0.007,"queue_pages":7.135,"spawn":0.002,"wrap":0.006}
[FrameBudget] streaming=11.6ms topology=0.0ms visual=0.0ms spawn=0.0ms total=11.6ms/6.0ms world.streaming_v0=11.6ms(60)
STREAMING_STEP_TIMING total=10.56ms {"drain_packets":0.006,"drain_pages":0.005,"enqueue":3.226,"evict":0.279,"player_chunk":0.014,"prune":0.002,"publish":0.002,"queue_pages":7.012,"spawn":0.002,"wrap":0.009}
STREAMING_STEP_TIMING total=10.54ms {"drain_packets":0.006,"drain_pages":0.004,"enqueue":3.259,"evict":0.281,"player_chunk":0.016,"prune":0.002,"publish":0.004,"queue_pages":6.955,"spawn":0.002,"wrap":0.009}
STREAMING_STEP_TIMING total=10.64ms {"drain_packets":0.004,"drain_pages":0.004,"enqueue":3.269,"evict":0.279,"player_chunk":0.012,"prune":0.002,"publish":0.003,"queue_pages":7.056,"spawn":0.001,"wrap":0.008}
STREAMING_STEP_TIMING total=10.80ms {"drain_packets":0.007,"drain_pages":0.005,"enqueue":3.343,"evict":0.282,"player_chunk":0.015,"prune":0.002,"publish":0.004,"queue_pages":7.129,"spawn":0.002,"wrap":0.009}
STREAMING_STEP_TIMING total=10.92ms {"drain_packets":0.006,"drain_pages":0.003,"enqueue":3.29,"evict":0.294,"player_chunk":0.011,"prune":0.001,"publish":0.005,"queue_pages":7.297,"spawn":0.002,"wrap":0.007}
STREAMING_STEP_TIMING total=10.67ms {"drain_packets":0.005,"drain_pages":0.004,"enqueue":3.328,"evict":0.292,"player_chunk":0.016,"prune":0.002,"publish":0.004,"queue_pages":7.003,"spawn":0.001,"wrap":0.01}
STREAMING_STEP_TIMING total=10.62ms {"drain_packets":0.005,"drain_pages":0.005,"enqueue":3.29,"evict":0.277,"player_chunk":0.013,"prune":0.002,"publish":0.004,"queue_pages":7.01,"spawn":0.001,"wrap":0.008}
STREAMING_STEP_TIMING total=10.93ms {"drain_packets":0.005,"drain_pages":0.004,"enqueue":3.296,"evict":0.293,"player_chunk":0.013,"prune":0.001,"publish":0.004,"queue_pages":7.302,"spawn":0.002,"wrap":0.005}
STREAMING_STEP_TIMING total=10.56ms {"drain_packets":0.006,"drain_pages":0.004,"enqueue":3.251,"evict":0.292,"player_chunk":0.013,"prune":0.002,"publish":0.004,"queue_pages":6.974,"spawn":0.002,"wrap":0.008}
STREAMING_STEP_TIMING total=10.66ms {"drain_packets":0.006,"drain_pages":0.004,"enqueue":3.333,"evict":0.274,"player_chunk":0.016,"prune":0.002,"publish":0.003,"queue_pages":7.005,"spawn":0.002,"wrap":0.01}
STREAMING_STEP_TIMING total=10.73ms {"drain_packets":0.006,"drain_pages":0.004,"enqueue":3.286,"evict":0.339,"player_chunk":0.013,"prune":0.001,"publish":0.005,"queue_pages":7.062,"spawn":0.001,"wrap":0.007}
STREAMING_STEP_TIMING total=12.65ms {"drain_packets":0.006,"drain_pages":0.005,"enqueue":4.077,"evict":0.358,"player_chunk":0.019,"prune":0.002,"publish":0.005,"queue_pages":8.161,"spawn":0.002,"wrap":0.01}
STREAMING_STEP_TIMING total=12.68ms {"drain_packets":0.006,"drain_pages":0.005,"enqueue":4.072,"evict":0.337,"player_chunk":0.014,"prune":0.003,"publish":0.003,"queue_pages":8.227,"spawn":0.002,"wrap":0.009}
STREAMING_STEP_TIMING total=15.10ms {"drain_packets":0.006,"drain_pages":0.005,"enqueue":4.075,"evict":0.448,"player_chunk":0.013,"prune":0.001,"publish":0.006,"queue_pages":10.533,"spawn":0.002,"wrap":0.008}
STREAMING_STEP_TIMING total=12.11ms {"drain_packets":0.01,"drain_pages":0.006,"enqueue":4.19,"evict":0.28,"player_chunk":0.019,"prune":0.004,"publish":0.003,"queue_pages":7.581,"spawn":0.002,"wrap":0.012}
STREAMING_STEP_TIMING total=10.65ms {"drain_packets":0.004,"drain_pages":0.004,"enqueue":3.279,"evict":0.287,"player_chunk":0.016,"prune":0.002,"publish":0.004,"queue_pages":7.041,"spawn":0.002,"wrap":0.006}
STREAMING_STEP_TIMING total=10.75ms {"drain_packets":0.004,"drain_pages":0.004,"enqueue":3.343,"evict":0.29,"player_chunk":0.013,"prune":0.002,"publish":0.004,"queue_pages":7.083,"spawn":0.002,"wrap":0.007}
STREAMING_STEP_TIMING total=10.71ms {"drain_packets":0.008,"drain_pages":0.004,"enqueue":3.314,"evict":0.283,"player_chunk":0.018,"prune":0.003,"publish":0.003,"queue_pages":7.067,"spawn":0.002,"wrap":0.009}
STREAMING_STEP_TIMING total=12.39ms {"drain_packets":0.004,"drain_pages":0.004,"enqueue":3.276,"evict":0.456,"player_chunk":0.012,"prune":0.002,"publish":0.007,"queue_pages":8.613,"spawn":0.001,"wrap":0.008}
STREAMING_STEP_TIMING total=12.94ms {"drain_packets":0.01,"drain_pages":0.007,"enqueue":5.223,"evict":0.301,"player_chunk":0.022,"prune":0.004,"publish":0.006,"queue_pages":7.344,"spawn":0.002,"wrap":0.014}
STREAMING_STEP_TIMING total=10.77ms {"drain_packets":0.005,"drain_pages":0.005,"enqueue":3.295,"evict":0.298,"player_chunk":0.013,"prune":0.002,"publish":0.003,"queue_pages":7.14,"spawn":0.002,"wrap":0.008}
STREAMING_STEP_TIMING total=10.75ms {"drain_packets":0.01,"drain_pages":0.006,"enqueue":3.395,"evict":0.276,"player_chunk":0.014,"prune":0.004,"publish":0.003,"queue_pages":7.026,"spawn":0.002,"wrap":0.009}
STREAMING_STEP_TIMING total=11.37ms {"drain_packets":0.004,"drain_pages":0.003,"enqueue":3.229,"evict":0.355,"player_chunk":0.013,"prune":0.002,"publish":0.005,"queue_pages":7.748,"spawn":0.001,"wrap":0.008}
STREAMING_STEP_TIMING total=12.57ms {"drain_packets":0.006,"drain_pages":0.004,"enqueue":4.022,"evict":0.354,"player_chunk":0.018,"prune":0.002,"publish":0.006,"queue_pages":8.15,"spawn":0.002,"wrap":0.006}
STREAMING_STEP_TIMING total=12.66ms {"drain_packets":0.007,"drain_pages":0.005,"enqueue":4.089,"evict":0.337,"player_chunk":0.015,"prune":0.003,"publish":0.003,"queue_pages":8.187,"spawn":0.002,"wrap":0.009}
STREAMING_STEP_TIMING total=13.04ms {"drain_packets":0.011,"drain_pages":0.007,"enqueue":4.443,"evict":0.345,"player_chunk":0.016,"prune":0.006,"publish":0.005,"queue_pages":8.196,"spawn":0.002,"wrap":0.008}
STREAMING_STEP_TIMING total=12.65ms {"drain_packets":0.01,"drain_pages":0.007,"enqueue":4.077,"evict":0.338,"player_chunk":0.015,"prune":0.004,"publish":0.004,"queue_pages":8.187,"spawn":0.002,"wrap":0.009}
STREAMING_STEP_TIMING total=12.16ms {"drain_packets":0.007,"drain_pages":0.005,"enqueue":4.079,"evict":0.288,"player_chunk":0.02,"prune":0.003,"publish":0.005,"queue_pages":7.744,"spawn":0.002,"wrap":0.01}
STREAMING_STEP_TIMING total=10.45ms {"drain_packets":0.005,"drain_pages":0.005,"enqueue":3.232,"evict":0.271,"player_chunk":0.014,"prune":0.002,"publish":0.003,"queue_pages":6.905,"spawn":0.002,"wrap":0.007}
STREAMING_STEP_TIMING total=10.59ms {"drain_packets":0.006,"drain_pages":0.005,"enqueue":3.26,"evict":0.282,"player_chunk":0.011,"prune":0.002,"publish":0.003,"queue_pages":7.009,"spawn":0.001,"wrap":0.006}
STREAMING_STEP_TIMING total=10.56ms {"drain_packets":0.006,"drain_pages":0.003,"enqueue":3.282,"evict":0.292,"player_chunk":0.011,"prune":0.002,"publish":0.004,"queue_pages":6.946,"spawn":0.001,"wrap":0.007}
STREAMING_STEP_TIMING total=10.48ms {"drain_packets":0.005,"drain_pages":0.004,"enqueue":3.243,"evict":0.279,"player_chunk":0.015,"prune":0.001,"publish":0.003,"queue_pages":6.921,"spawn":0.002,"wrap":0.006}
STREAMING_STEP_TIMING total=10.66ms {"drain_packets":0.007,"drain_pages":0.005,"enqueue":3.259,"evict":0.326,"player_chunk":0.011,"prune":0.003,"publish":0.003,"queue_pages":7.034,"spawn":0.002,"wrap":0.006}
STREAMING_STEP_TIMING total=10.78ms {"drain_packets":0.005,"drain_pages":0.003,"enqueue":3.261,"evict":0.301,"player_chunk":0.014,"prune":0.001,"publish":0.005,"queue_pages":7.173,"spawn":0.001,"wrap":0.009}
STREAMING_STEP_TIMING total=10.65ms {"drain_packets":0.005,"drain_pages":0.005,"enqueue":3.292,"evict":0.272,"player_chunk":0.013,"prune":0.002,"publish":0.002,"queue_pages":7.047,"spawn":0.002,"wrap":0.007}
STREAMING_STEP_TIMING total=10.65ms {"drain_packets":0.007,"drain_pages":0.006,"enqueue":3.29,"evict":0.281,"player_chunk":0.011,"prune":0.003,"publish":0.004,"queue_pages":7.043,"spawn":0.001,"wrap":0.006}
STREAMING_STEP_TIMING total=10.57ms {"drain_packets":0.005,"drain_pages":0.004,"enqueue":3.234,"evict":0.291,"player_chunk":0.013,"prune":0.002,"publish":0.004,"queue_pages":7.008,"spawn":0.002,"wrap":0.007}
STREAMING_STEP_TIMING total=14.62ms {"drain_packets":0.008,"drain_pages":0.006,"enqueue":3.357,"evict":0.456,"player_chunk":0.016,"prune":0.004,"publish":0.007,"queue_pages":10.749,"spawn":0.002,"wrap":0.009}
STREAMING_STEP_TIMING total=11.26ms {"drain_packets":0.008,"drain_pages":0.005,"enqueue":3.966,"evict":0.273,"player_chunk":0.021,"prune":0.004,"publish":0.004,"queue_pages":6.961,"spawn":0.003,"wrap":0.012}
STREAMING_STEP_TIMING total=10.61ms {"drain_packets":0.009,"drain_pages":0.006,"enqueue":3.361,"evict":0.282,"player_chunk":0.015,"prune":0.003,"publish":0.004,"queue_pages":6.919,"spawn":0.002,"wrap":0.005}
STREAMING_STEP_TIMING total=10.59ms {"drain_packets":0.004,"drain_pages":0.004,"enqueue":3.263,"evict":0.289,"player_chunk":0.019,"prune":0.002,"publish":0.004,"queue_pages":6.994,"spawn":0.002,"wrap":0.007}
STREAMING_STEP_TIMING total=10.59ms {"drain_packets":0.005,"drain_pages":0.005,"enqueue":3.293,"evict":0.271,"player_chunk":0.016,"prune":0.003,"publish":0.003,"queue_pages":6.981,"spawn":0.002,"wrap":0.009}
STREAMING_STEP_TIMING total=10.66ms {"drain_packets":0.007,"drain_pages":0.004,"enqueue":3.296,"evict":0.287,"player_chunk":0.011,"prune":0.002,"publish":0.005,"queue_pages":7.036,"spawn":0.002,"wrap":0.005}
STREAMING_STEP_TIMING total=10.62ms {"drain_packets":0.005,"drain_pages":0.004,"enqueue":3.266,"evict":0.294,"player_chunk":0.016,"prune":0.001,"publish":0.005,"queue_pages":7.018,"spawn":0.001,"wrap":0.009}
STREAMING_STEP_TIMING total=10.51ms {"drain_packets":0.005,"drain_pages":0.004,"enqueue":3.249,"evict":0.273,"player_chunk":0.016,"prune":0.002,"publish":0.003,"queue_pages":6.939,"spawn":0.002,"wrap":0.012}
STREAMING_STEP_TIMING total=11.70ms {"drain_packets":0.006,"drain_pages":0.005,"enqueue":3.283,"evict":0.346,"player_chunk":0.012,"prune":0.002,"publish":0.005,"queue_pages":8.033,"spawn":0.002,"wrap":0.006}
STREAMING_STEP_TIMING total=12.09ms {"drain_packets":0.006,"drain_pages":0.005,"enqueue":4.096,"evict":0.296,"player_chunk":0.014,"prune":0.003,"publish":0.005,"queue_pages":7.649,"spawn":0.002,"wrap":0.008}
STREAMING_STEP_TIMING total=10.57ms {"drain_packets":0.005,"drain_pages":0.005,"enqueue":3.237,"evict":0.282,"player_chunk":0.017,"prune":0.002,"publish":0.002,"queue_pages":7.01,"spawn":0.001,"wrap":0.006}
STREAMING_STEP_TIMING total=11.00ms {"drain_packets":0.01,"drain_pages":0.005,"enqueue":3.619,"evict":0.283,"player_chunk":0.011,"prune":0.006,"publish":0.005,"queue_pages":7.05,"spawn":0.001,"wrap":0.007}
STREAMING_STEP_TIMING total=10.78ms {"drain_packets":0.005,"drain_pages":0.005,"enqueue":3.282,"evict":0.299,"player_chunk":0.019,"prune":0.002,"publish":0.006,"queue_pages":7.144,"spawn":0.002,"wrap":0.01}
STREAMING_STEP_TIMING total=10.66ms {"drain_packets":0.005,"drain_pages":0.005,"enqueue":3.271,"evict":0.281,"player_chunk":0.014,"prune":0.002,"publish":0.003,"queue_pages":7.069,"spawn":0.002,"wrap":0.007}
STREAMING_STEP_TIMING total=10.71ms {"drain_packets":0.007,"drain_pages":0.005,"enqueue":3.347,"evict":0.284,"player_chunk":0.018,"prune":0.003,"publish":0.003,"queue_pages":7.032,"spawn":0.002,"wrap":0.011}
STREAMING_STEP_TIMING total=11.04ms {"drain_packets":0.01,"drain_pages":0.006,"enqueue":3.408,"evict":0.31,"player_chunk":0.012,"prune":0.006,"publish":0.006,"queue_pages":7.269,"spawn":0.002,"wrap":0.007}
STREAMING_STEP_TIMING total=11.40ms {"drain_packets":0.007,"drain_pages":0.005,"enqueue":3.338,"evict":0.359,"player_chunk":0.018,"prune":0.002,"publish":0.006,"queue_pages":7.655,"spawn":0.002,"wrap":0.01}
STREAMING_STEP_TIMING total=12.82ms {"drain_packets":0.007,"drain_pages":0.006,"enqueue":4.113,"evict":0.349,"player_chunk":0.016,"prune":0.003,"publish":0.004,"queue_pages":8.306,"spawn":0.003,"wrap":0.009}
STREAMING_STEP_TIMING total=12.67ms {"drain_packets":0.009,"drain_pages":0.005,"enqueue":4.069,"evict":0.339,"player_chunk":0.018,"prune":0.003,"publish":0.003,"queue_pages":8.212,"spawn":0.002,"wrap":0.007}
STREAMING_STEP_TIMING total=12.67ms {"drain_packets":0.007,"drain_pages":0.004,"enqueue":4.064,"evict":0.346,"player_chunk":0.014,"prune":0.003,"publish":0.005,"queue_pages":8.218,"spawn":0.002,"wrap":0.008}
STREAMING_STEP_TIMING total=11.95ms {"drain_packets":0.006,"drain_pages":0.005,"enqueue":4.097,"evict":0.309,"player_chunk":0.018,"prune":0.002,"publish":0.005,"queue_pages":7.488,"spawn":0.002,"wrap":0.011}
STREAMING_STEP_TIMING total=11.41ms {"drain_packets":0.006,"drain_pages":0.004,"enqueue":3.321,"evict":0.37,"player_chunk":0.013,"prune":0.001,"publish":0.007,"queue_pages":7.678,"spawn":0.002,"wrap":0.008}
STREAMING_STEP_TIMING total=13.74ms {"drain_packets":0.013,"drain_pages":0.008,"enqueue":4.488,"evict":0.308,"player_chunk":0.019,"prune":0.007,"publish":0.006,"queue_pages":8.874,"spawn":0.002,"wrap":0.012}
STREAMING_STEP_TIMING total=10.64ms {"drain_packets":0.008,"drain_pages":0.005,"enqueue":3.294,"evict":0.288,"player_chunk":0.015,"prune":0.003,"publish":0.005,"queue_pages":7.006,"spawn":0.002,"wrap":0.009}
STREAMING_STEP_TIMING total=12.23ms {"drain_packets":0.008,"drain_pages":0.006,"enqueue":3.608,"evict":0.362,"player_chunk":0.017,"prune":0.003,"publish":0.007,"queue_pages":8.206,"spawn":0.001,"wrap":0.01}
STREAMING_STEP_TIMING total=12.64ms {"drain_packets":0.006,"drain_pages":0.005,"enqueue":4.062,"evict":0.339,"player_chunk":0.015,"prune":0.003,"publish":0.003,"queue_pages":8.195,"spawn":0.002,"wrap":0.009}
STREAMING_STEP_TIMING total=12.75ms {"drain_packets":0.009,"drain_pages":0.006,"enqueue":4.157,"evict":0.343,"player_chunk":0.017,"prune":0.005,"publish":0.005,"queue_pages":8.201,"spawn":0.002,"wrap":0.006}
STREAMING_STEP_TIMING total=12.73ms {"drain_packets":0.009,"drain_pages":0.006,"enqueue":4.074,"evict":0.365,"player_chunk":0.015,"prune":0.004,"publish":0.007,"queue_pages":8.243,"spawn":0.002,"wrap":0.009}
STREAMING_STEP_TIMING total=12.63ms {"drain_packets":0.007,"drain_pages":0.005,"enqueue":4.062,"evict":0.356,"player_chunk":0.02,"prune":0.002,"publish":0.005,"queue_pages":8.159,"spawn":0.002,"wrap":0.012}
STREAMING_STEP_TIMING total=11.70ms {"drain_packets":0.006,"drain_pages":0.005,"enqueue":4.075,"evict":0.297,"player_chunk":0.015,"prune":0.002,"publish":0.004,"queue_pages":7.282,"spawn":0.002,"wrap":0.008}
STREAMING_STEP_TIMING total=10.69ms {"drain_packets":0.006,"drain_pages":0.005,"enqueue":3.31,"evict":0.282,"player_chunk":0.024,"prune":0.002,"publish":0.005,"queue_pages":7.044,"spawn":0.001,"wrap":0.011}
STREAMING_STEP_TIMING total=10.73ms {"drain_packets":0.006,"drain_pages":0.004,"enqueue":3.267,"evict":0.288,"player_chunk":0.013,"prune":0.001,"publish":0.004,"queue_pages":7.136,"spawn":0.003,"wrap":0.007}
STREAMING_STEP_TIMING total=10.93ms {"drain_packets":0.006,"drain_pages":0.004,"enqueue":3.343,"evict":0.294,"player_chunk":0.016,"prune":0.002,"publish":0.005,"queue_pages":7.247,"spawn":0.002,"wrap":0.009}
STREAMING_STEP_TIMING total=10.73ms {"drain_packets":0.008,"drain_pages":0.005,"enqueue":3.403,"evict":0.288,"player_chunk":0.014,"prune":0.004,"publish":0.003,"queue_pages":6.99,"spawn":0.002,"wrap":0.007}
STREAMING_STEP_TIMING total=10.96ms {"drain_packets":0.006,"drain_pages":0.005,"enqueue":3.417,"evict":0.296,"player_chunk":0.018,"prune":0.007,"publish":0.005,"queue_pages":7.192,"spawn":0.002,"wrap":0.006}
STREAMING_STEP_TIMING total=10.84ms {"drain_packets":0.006,"drain_pages":0.005,"enqueue":3.303,"evict":0.299,"player_chunk":0.015,"prune":0.002,"publish":0.004,"queue_pages":7.192,"spawn":0.002,"wrap":0.008}
STREAMING_STEP_TIMING total=11.73ms {"drain_packets":0.008,"drain_pages":0.005,"enqueue":4.417,"evict":0.279,"player_chunk":0.016,"prune":0.003,"publish":0.003,"queue_pages":6.983,"spawn":0.002,"wrap":0.01}
STREAMING_STEP_TIMING total=10.68ms {"drain_packets":0.007,"drain_pages":0.005,"enqueue":3.341,"evict":0.278,"player_chunk":0.014,"prune":0.004,"publish":0.003,"queue_pages":7.015,"spawn":0.001,"wrap":0.008}
STREAMING_STEP_TIMING total=10.76ms {"drain_packets":0.004,"drain_pages":0.004,"enqueue":3.295,"evict":0.298,"player_chunk":0.016,"prune":0.001,"publish":0.005,"queue_pages":7.127,"spawn":0.002,"wrap":0.009}
STREAMING_STEP_TIMING total=10.81ms {"drain_packets":0.005,"drain_pages":0.005,"enqueue":3.288,"evict":0.294,"player_chunk":0.014,"prune":0.002,"publish":0.004,"queue_pages":7.186,"spawn":0.002,"wrap":0.007}
STREAMING_STEP_TIMING total=10.95ms {"drain_packets":0.008,"drain_pages":0.005,"enqueue":3.36,"evict":0.291,"player_chunk":0.016,"prune":0.003,"publish":0.004,"queue_pages":7.256,"spawn":0.001,"wrap":0.009}
STREAMING_STEP_TIMING total=10.97ms {"drain_packets":0.005,"drain_pages":0.005,"enqueue":3.298,"evict":0.347,"player_chunk":0.013,"prune":0.001,"publish":0.006,"queue_pages":7.284,"spawn":0.001,"wrap":0.008}
STREAMING_STEP_TIMING total=11.71ms {"drain_packets":0.008,"drain_pages":0.006,"enqueue":4.239,"evict":0.443,"player_chunk":0.019,"prune":0.005,"publish":0.003,"queue_pages":6.976,"spawn":0.002,"wrap":0.006}
STREAMING_STEP_TIMING total=11.41ms {"drain_packets":0.01,"drain_pages":0.006,"enqueue":3.971,"evict":0.302,"player_chunk":0.02,"prune":0.005,"publish":0.006,"queue_pages":7.075,"spawn":0.003,"wrap":0.011}
STREAMING_STEP_TIMING total=13.21ms {"drain_packets":0.013,"drain_pages":0.007,"enqueue":5.248,"evict":0.292,"player_chunk":0.025,"prune":0.007,"publish":0.005,"queue_pages":7.597,"spawn":0.002,"wrap":0.012}
STREAMING_STEP_TIMING total=10.55ms {"drain_packets":0.006,"drain_pages":0.005,"enqueue":3.275,"evict":0.299,"player_chunk":0.014,"prune":0.003,"publish":0.004,"queue_pages":6.931,"spawn":0.002,"wrap":0.008}
STREAMING_STEP_TIMING total=10.57ms {"drain_packets":0.005,"drain_pages":0.005,"enqueue":3.249,"evict":0.28,"player_chunk":0.017,"prune":0.002,"publish":0.003,"queue_pages":6.995,"spawn":0.001,"wrap":0.01}
STREAMING_STEP_TIMING total=10.59ms {"drain_packets":0.007,"drain_pages":0.005,"enqueue":3.256,"evict":0.286,"player_chunk":0.011,"prune":0.002,"publish":0.003,"queue_pages":7.012,"spawn":0.002,"wrap":0.006}
STREAMING_STEP_TIMING total=10.73ms {"drain_packets":0.01,"drain_pages":0.006,"enqueue":3.368,"evict":0.295,"player_chunk":0.015,"prune":0.006,"publish":0.006,"queue_pages":7.017,"spawn":0.002,"wrap":0.009}
STREAMING_STEP_TIMING total=10.62ms {"drain_packets":0.007,"drain_pages":0.005,"enqueue":3.313,"evict":0.286,"player_chunk":0.015,"prune":0.002,"publish":0.004,"queue_pages":6.976,"spawn":0.002,"wrap":0.008}
STREAMING_STEP_TIMING total=10.74ms {"drain_packets":0.007,"drain_pages":0.006,"enqueue":3.34,"evict":0.293,"player_chunk":0.016,"prune":0.004,"publish":0.005,"queue_pages":7.061,"spawn":0.001,"wrap":0.006}
STREAMING_STEP_TIMING total=10.73ms {"drain_packets":0.007,"drain_pages":0.004,"enqueue":3.281,"evict":0.294,"player_chunk":0.028,"prune":0.002,"publish":0.006,"queue_pages":7.086,"spawn":0.002,"wrap":0.013}
STREAMING_STEP_TIMING total=10.57ms {"drain_packets":0.005,"drain_pages":0.004,"enqueue":3.292,"evict":0.277,"player_chunk":0.017,"prune":0.002,"publish":0.004,"queue_pages":6.952,"spawn":0.002,"wrap":0.01}
STREAMING_STEP_TIMING total=10.65ms {"drain_packets":0.007,"drain_pages":0.005,"enqueue":3.291,"evict":0.303,"player_chunk":0.013,"prune":0.003,"publish":0.006,"queue_pages":7.015,"spawn":0.002,"wrap":0.007}
STREAMING_STEP_TIMING total=10.59ms {"drain_packets":0.006,"drain_pages":0.005,"enqueue":3.265,"evict":0.296,"player_chunk":0.017,"prune":0.002,"publish":0.005,"queue_pages":6.98,"spawn":0.002,"wrap":0.01}
STREAMING_STEP_TIMING total=10.68ms {"drain_packets":0.006,"drain_pages":0.005,"enqueue":3.285,"evict":0.278,"player_chunk":0.014,"prune":0.002,"publish":0.002,"queue_pages":7.076,"spawn":0.002,"wrap":0.007}
STREAMING_STEP_TIMING total=10.82ms {"drain_packets":0.006,"drain_pages":0.005,"enqueue":3.326,"evict":0.287,"player_chunk":0.011,"prune":0.002,"publish":0.005,"queue_pages":7.171,"spawn":0.001,"wrap":0.007}
STREAMING_STEP_TIMING total=10.64ms {"drain_packets":0.004,"drain_pages":0.004,"enqueue":3.302,"evict":0.3,"player_chunk":0.013,"prune":0.002,"publish":0.005,"queue_pages":7.0,"spawn":0.001,"wrap":0.008}
STREAMING_STEP_TIMING total=10.68ms {"drain_packets":0.006,"drain_pages":0.005,"enqueue":3.304,"evict":0.278,"player_chunk":0.016,"prune":0.003,"publish":0.002,"queue_pages":7.06,"spawn":0.001,"wrap":0.006}
STREAMING_STEP_TIMING total=10.72ms {"drain_packets":0.006,"drain_pages":0.005,"enqueue":3.292,"evict":0.299,"player_chunk":0.012,"prune":0.002,"publish":0.005,"queue_pages":7.086,"spawn":0.001,"wrap":0.006}
STREAMING_STEP_TIMING total=10.58ms {"drain_packets":0.006,"drain_pages":0.005,"enqueue":3.25,"evict":0.294,"player_chunk":0.018,"prune":0.001,"publish":0.005,"queue_pages":6.984,"spawn":0.002,"wrap":0.01}
STREAMING_STEP_TIMING total=10.51ms {"drain_packets":0.006,"drain_pages":0.005,"enqueue":3.244,"evict":0.277,"player_chunk":0.013,"prune":0.001,"publish":0.002,"queue_pages":6.952,"spawn":0.002,"wrap":0.008}
STREAMING_STEP_TIMING total=10.57ms {"drain_packets":0.005,"drain_pages":0.003,"enqueue":3.26,"evict":0.29,"player_chunk":0.011,"prune":0.002,"publish":0.004,"queue_pages":6.984,"spawn":0.001,"wrap":0.006}
STREAMING_STEP_TIMING total=10.65ms {"drain_packets":0.005,"drain_pages":0.005,"enqueue":3.283,"evict":0.29,"player_chunk":0.014,"prune":0.002,"publish":0.006,"queue_pages":7.028,"spawn":0.002,"wrap":0.008}
STREAMING_STEP_TIMING total=10.57ms {"drain_packets":0.005,"drain_pages":0.004,"enqueue":3.273,"evict":0.274,"player_chunk":0.017,"prune":0.002,"publish":0.002,"queue_pages":6.985,"spawn":0.002,"wrap":0.009}
STREAMING_STEP_TIMING total=10.82ms {"drain_packets":0.008,"drain_pages":0.006,"enqueue":3.394,"evict":0.283,"player_chunk":0.01,"prune":0.005,"publish":0.004,"queue_pages":7.101,"spawn":0.001,"wrap":0.006}
STREAMING_STEP_TIMING total=10.79ms {"drain_packets":0.005,"drain_pages":0.005,"enqueue":3.308,"evict":0.315,"player_chunk":0.016,"prune":0.002,"publish":0.006,"queue_pages":7.119,"spawn":0.002,"wrap":0.006}
STREAMING_STEP_TIMING total=10.68ms {"drain_packets":0.005,"drain_pages":0.005,"enqueue":3.314,"evict":0.274,"player_chunk":0.014,"prune":0.002,"publish":0.003,"queue_pages":7.052,"spawn":0.002,"wrap":0.008}
STREAMING_STEP_TIMING total=11.09ms {"drain_packets":0.012,"drain_pages":0.007,"enqueue":3.401,"evict":0.3,"player_chunk":0.011,"prune":0.005,"publish":0.005,"queue_pages":7.337,"spawn":0.001,"wrap":0.006}
STREAMING_STEP_TIMING total=10.89ms {"drain_packets":0.007,"drain_pages":0.005,"enqueue":3.285,"evict":0.301,"player_chunk":0.013,"prune":0.002,"publish":0.006,"queue_pages":7.264,"spawn":0.001,"wrap":0.008}
STREAMING_STEP_TIMING total=10.79ms {"drain_packets":0.007,"drain_pages":0.004,"enqueue":3.338,"evict":0.29,"player_chunk":0.021,"prune":0.002,"publish":0.005,"queue_pages":7.107,"spawn":0.002,"wrap":0.01}
STREAMING_STEP_TIMING total=10.65ms {"drain_packets":0.008,"drain_pages":0.006,"enqueue":3.295,"evict":0.287,"player_chunk":0.012,"prune":0.003,"publish":0.003,"queue_pages":7.029,"spawn":0.001,"wrap":0.008}
STREAMING_STEP_TIMING total=10.66ms {"drain_packets":0.006,"drain_pages":0.004,"enqueue":3.306,"evict":0.296,"player_chunk":0.017,"prune":0.002,"publish":0.005,"queue_pages":7.008,"spawn":0.002,"wrap":0.009}
STREAMING_STEP_TIMING total=10.86ms {"drain_packets":0.006,"drain_pages":0.005,"enqueue":3.333,"evict":0.307,"player_chunk":0.013,"prune":0.003,"publish":0.005,"queue_pages":7.181,"spawn":0.002,"wrap":0.008}
STREAMING_STEP_TIMING total=10.81ms {"drain_packets":0.007,"drain_pages":0.006,"enqueue":3.353,"evict":0.292,"player_chunk":0.015,"prune":0.003,"publish":0.005,"queue_pages":7.115,"spawn":0.002,"wrap":0.006}
STREAMING_STEP_TIMING total=11.00ms {"drain_packets":0.008,"drain_pages":0.004,"enqueue":3.382,"evict":0.303,"player_chunk":0.013,"prune":0.004,"publish":0.005,"queue_pages":7.266,"spawn":0.002,"wrap":0.008}
STREAMING_STEP_TIMING total=10.79ms {"drain_packets":0.007,"drain_pages":0.005,"enqueue":3.396,"evict":0.288,"player_chunk":0.017,"prune":0.004,"publish":0.004,"queue_pages":7.06,"spawn":0.002,"wrap":0.009}
STREAMING_STEP_TIMING total=10.89ms {"drain_packets":0.01,"drain_pages":0.006,"enqueue":3.492,"evict":0.299,"player_chunk":0.014,"prune":0.005,"publish":0.005,"queue_pages":7.048,"spawn":0.001,"wrap":0.008}
STREAMING_STEP_TIMING total=10.72ms {"drain_packets":0.006,"drain_pages":0.004,"enqueue":3.272,"evict":0.302,"player_chunk":0.018,"prune":0.003,"publish":0.006,"queue_pages":7.093,"spawn":0.002,"wrap":0.01}
STREAMING_STEP_TIMING total=10.70ms {"drain_packets":0.008,"drain_pages":0.006,"enqueue":3.317,"evict":0.283,"player_chunk":0.013,"prune":0.003,"publish":0.003,"queue_pages":7.054,"spawn":0.002,"wrap":0.008}
STREAMING_STEP_TIMING total=10.77ms {"drain_packets":0.009,"drain_pages":0.005,"enqueue":3.314,"evict":0.302,"player_chunk":0.016,"prune":0.003,"publish":0.006,"queue_pages":7.103,"spawn":0.002,"wrap":0.009}
STREAMING_STEP_TIMING total=10.61ms {"drain_packets":0.006,"drain_pages":0.005,"enqueue":3.264,"evict":0.293,"player_chunk":0.019,"prune":0.002,"publish":0.004,"queue_pages":7.004,"spawn":0.001,"wrap":0.009}
STREAMING_STEP_TIMING total=12.35ms {"drain_packets":0.011,"drain_pages":0.006,"enqueue":3.788,"evict":0.359,"player_chunk":0.015,"prune":0.006,"publish":0.007,"queue_pages":8.145,"spawn":0.002,"wrap":0.006}
[FrameBudget] streaming=11.6ms topology=0.0ms visual=0.0ms spawn=0.0ms total=11.6ms/6.0ms world.streaming_v0=11.6ms(60)
STREAMING_STEP_TIMING total=12.60ms {"drain_packets":0.008,"drain_pages":0.006,"enqueue":4.068,"evict":0.348,"player_chunk":0.015,"prune":0.002,"publish":0.006,"queue_pages":8.131,"spawn":0.002,"wrap":0.01}
STREAMING_STEP_TIMING total=12.73ms {"drain_packets":0.01,"drain_pages":0.006,"enqueue":4.096,"evict":0.351,"player_chunk":0.019,"prune":0.004,"publish":0.005,"queue_pages":8.226,"spawn":0.002,"wrap":0.01}
STREAMING_STEP_TIMING total=11.86ms {"drain_packets":0.008,"drain_pages":0.005,"enqueue":4.055,"evict":0.294,"player_chunk":0.016,"prune":0.002,"publish":0.005,"queue_pages":7.457,"spawn":0.002,"wrap":0.009}
STREAMING_STEP_TIMING total=10.61ms {"drain_packets":0.005,"drain_pages":0.004,"enqueue":3.289,"evict":0.292,"player_chunk":0.018,"prune":0.002,"publish":0.004,"queue_pages":6.985,"spawn":0.002,"wrap":0.009}
STREAMING_STEP_TIMING total=10.53ms {"drain_packets":0.007,"drain_pages":0.005,"enqueue":3.271,"evict":0.278,"player_chunk":0.013,"prune":0.003,"publish":0.004,"queue_pages":6.935,"spawn":0.001,"wrap":0.008}
STREAMING_STEP_TIMING total=10.63ms {"drain_packets":0.005,"drain_pages":0.005,"enqueue":3.258,"evict":0.292,"player_chunk":0.017,"prune":0.001,"publish":0.005,"queue_pages":7.03,"spawn":0.002,"wrap":0.01}
STREAMING_STEP_TIMING total=10.74ms {"drain_packets":0.005,"drain_pages":0.004,"enqueue":3.262,"evict":0.286,"player_chunk":0.013,"prune":0.002,"publish":0.003,"queue_pages":7.153,"spawn":0.002,"wrap":0.007}
STREAMING_STEP_TIMING total=10.80ms {"drain_packets":0.01,"drain_pages":0.006,"enqueue":3.426,"evict":0.29,"player_chunk":0.015,"prune":0.006,"publish":0.005,"queue_pages":7.033,"spawn":0.002,"wrap":0.006}
STREAMING_STEP_TIMING total=11.44ms {"drain_packets":0.007,"drain_pages":0.005,"enqueue":3.509,"evict":0.303,"player_chunk":0.014,"prune":0.003,"publish":0.005,"queue_pages":7.584,"spawn":0.002,"wrap":0.009}
STREAMING_STEP_TIMING total=10.68ms {"drain_packets":0.006,"drain_pages":0.005,"enqueue":3.256,"evict":0.4,"player_chunk":0.017,"prune":0.002,"publish":0.003,"queue_pages":6.977,"spawn":0.002,"wrap":0.01}
STREAMING_STEP_TIMING total=10.64ms {"drain_packets":0.007,"drain_pages":0.006,"enqueue":3.281,"evict":0.283,"player_chunk":0.014,"prune":0.002,"publish":0.004,"queue_pages":7.031,"spawn":0.002,"wrap":0.008}
STREAMING_STEP_TIMING total=11.11ms {"drain_packets":0.005,"drain_pages":0.005,"enqueue":3.233,"evict":0.29,"player_chunk":0.016,"prune":0.002,"publish":0.005,"queue_pages":7.537,"spawn":0.002,"wrap":0.009}
STREAMING_STEP_TIMING total=10.76ms {"drain_packets":0.006,"drain_pages":0.004,"enqueue":3.3,"evict":0.297,"player_chunk":0.015,"prune":0.001,"publish":0.006,"queue_pages":7.118,"spawn":0.002,"wrap":0.008}
STREAMING_STEP_TIMING total=10.73ms {"drain_packets":0.005,"drain_pages":0.005,"enqueue":3.279,"evict":0.287,"player_chunk":0.017,"prune":0.002,"publish":0.003,"queue_pages":7.12,"spawn":0.001,"wrap":0.01}
STREAMING_STEP_TIMING total=11.06ms {"drain_packets":0.012,"drain_pages":0.007,"enqueue":3.657,"evict":0.291,"player_chunk":0.013,"prune":0.007,"publish":0.005,"queue_pages":7.052,"spawn":0.002,"wrap":0.007}
STREAMING_STEP_TIMING total=10.77ms {"drain_packets":0.006,"drain_pages":0.005,"enqueue":3.372,"evict":0.297,"player_chunk":0.016,"prune":0.003,"publish":0.006,"queue_pages":7.056,"spawn":0.001,"wrap":0.006}
STREAMING_STEP_TIMING total=10.53ms {"drain_packets":0.006,"drain_pages":0.005,"enqueue":3.274,"evict":0.279,"player_chunk":0.013,"prune":0.003,"publish":0.002,"queue_pages":6.938,"spawn":0.002,"wrap":0.008}
STREAMING_STEP_TIMING total=10.73ms {"drain_packets":0.01,"drain_pages":0.006,"enqueue":3.375,"evict":0.287,"player_chunk":0.011,"prune":0.006,"publish":0.004,"queue_pages":7.018,"spawn":0.001,"wrap":0.008}
STREAMING_STEP_TIMING total=10.65ms {"drain_packets":0.005,"drain_pages":0.006,"enqueue":3.268,"evict":0.302,"player_chunk":0.014,"prune":0.003,"publish":0.005,"queue_pages":7.037,"spawn":0.002,"wrap":0.009}
STREAMING_STEP_TIMING total=10.75ms {"drain_packets":0.007,"drain_pages":0.006,"enqueue":3.329,"evict":0.288,"player_chunk":0.019,"prune":0.002,"publish":0.003,"queue_pages":7.085,"spawn":0.002,"wrap":0.011}
STREAMING_STEP_TIMING total=10.85ms {"drain_packets":0.007,"drain_pages":0.005,"enqueue":3.32,"evict":0.289,"player_chunk":0.018,"prune":0.003,"publish":0.004,"queue_pages":7.188,"spawn":0.002,"wrap":0.008}
STREAMING_STEP_TIMING total=10.71ms {"drain_packets":0.006,"drain_pages":0.005,"enqueue":3.378,"evict":0.292,"player_chunk":0.016,"prune":0.003,"publish":0.005,"queue_pages":6.987,"spawn":0.002,"wrap":0.01}
STREAMING_STEP_TIMING total=10.74ms {"drain_packets":0.007,"drain_pages":0.005,"enqueue":3.299,"evict":0.286,"player_chunk":0.013,"prune":0.002,"publish":0.004,"queue_pages":7.11,"spawn":0.002,"wrap":0.008}
STREAMING_STEP_TIMING total=10.76ms {"drain_packets":0.006,"drain_pages":0.005,"enqueue":3.288,"evict":0.289,"player_chunk":0.015,"prune":0.002,"publish":0.004,"queue_pages":7.144,"spawn":0.002,"wrap":0.006}
STREAMING_STEP_TIMING total=10.55ms {"drain_packets":0.006,"drain_pages":0.005,"enqueue":3.259,"evict":0.282,"player_chunk":0.013,"prune":0.002,"publish":0.004,"queue_pages":6.971,"spawn":0.002,"wrap":0.008}
STREAMING_STEP_TIMING total=13.16ms {"drain_packets":0.005,"drain_pages":0.004,"enqueue":3.271,"evict":0.45,"player_chunk":0.017,"prune":0.002,"publish":0.006,"queue_pages":9.391,"spawn":0.002,"wrap":0.008}
STREAMING_STEP_TIMING total=12.51ms {"drain_packets":0.01,"drain_pages":0.006,"enqueue":5.149,"evict":0.284,"player_chunk":0.019,"prune":0.005,"publish":0.003,"queue_pages":7.021,"spawn":0.003,"wrap":0.013}
STREAMING_STEP_TIMING total=10.68ms {"drain_packets":0.005,"drain_pages":0.004,"enqueue":3.279,"evict":0.281,"player_chunk":0.016,"prune":0.002,"publish":0.003,"queue_pages":7.073,"spawn":0.002,"wrap":0.009}
STREAMING_STEP_TIMING total=10.86ms {"drain_packets":0.005,"drain_pages":0.004,"enqueue":3.303,"evict":0.291,"player_chunk":0.012,"prune":0.002,"publish":0.003,"queue_pages":7.224,"spawn":0.001,"wrap":0.009}
STREAMING_STEP_TIMING total=10.68ms {"drain_packets":0.005,"drain_pages":0.004,"enqueue":3.293,"evict":0.283,"player_chunk":0.016,"prune":0.002,"publish":0.004,"queue_pages":7.055,"spawn":0.002,"wrap":0.011}
STREAMING_STEP_TIMING total=10.70ms {"drain_packets":0.006,"drain_pages":0.003,"enqueue":3.27,"evict":0.294,"player_chunk":0.012,"prune":0.002,"publish":0.005,"queue_pages":7.097,"spawn":0.002,"wrap":0.006}
STREAMING_STEP_TIMING total=10.61ms {"drain_packets":0.006,"drain_pages":0.004,"enqueue":3.269,"evict":0.29,"player_chunk":0.015,"prune":0.002,"publish":0.004,"queue_pages":7.01,"spawn":0.002,"wrap":0.006}
STREAMING_STEP_TIMING total=10.75ms {"drain_packets":0.007,"drain_pages":0.005,"enqueue":3.38,"evict":0.281,"player_chunk":0.012,"prune":0.003,"publish":0.003,"queue_pages":7.044,"spawn":0.002,"wrap":0.008}
STREAMING_STEP_TIMING total=10.70ms {"drain_packets":0.006,"drain_pages":0.005,"enqueue":3.295,"evict":0.292,"player_chunk":0.015,"prune":0.002,"publish":0.005,"queue_pages":7.062,"spawn":0.002,"wrap":0.009}
STREAMING_STEP_TIMING total=10.77ms {"drain_packets":0.005,"drain_pages":0.004,"enqueue":3.318,"evict":0.283,"player_chunk":0.014,"prune":0.002,"publish":0.003,"queue_pages":7.093,"spawn":0.002,"wrap":0.007}
STREAMING_STEP_TIMING total=10.64ms {"drain_packets":0.006,"drain_pages":0.004,"enqueue":3.277,"evict":0.274,"player_chunk":0.015,"prune":0.003,"publish":0.003,"queue_pages":7.046,"spawn":0.001,"wrap":0.009}
STREAMING_STEP_TIMING total=10.56ms {"drain_packets":0.004,"drain_pages":0.004,"enqueue":3.248,"evict":0.282,"player_chunk":0.011,"prune":0.002,"publish":0.003,"queue_pages":7.0,"spawn":0.001,"wrap":0.006}
STREAMING_STEP_TIMING total=10.68ms {"drain_packets":0.005,"drain_pages":0.003,"enqueue":3.29,"evict":0.297,"player_chunk":0.014,"prune":0.002,"publish":0.005,"queue_pages":7.049,"spawn":0.002,"wrap":0.008}
STREAMING_STEP_TIMING total=10.78ms {"drain_packets":0.007,"drain_pages":0.005,"enqueue":3.345,"evict":0.277,"player_chunk":0.014,"prune":0.002,"publish":0.002,"queue_pages":7.12,"spawn":0.002,"wrap":0.008}
STREAMING_STEP_TIMING total=10.94ms {"drain_packets":0.005,"drain_pages":0.004,"enqueue":3.26,"evict":0.305,"player_chunk":0.011,"prune":0.001,"publish":0.006,"queue_pages":7.343,"spawn":0.002,"wrap":0.005}
STREAMING_STEP_TIMING total=10.81ms {"drain_packets":0.007,"drain_pages":0.005,"enqueue":3.321,"evict":0.297,"player_chunk":0.014,"prune":0.003,"publish":0.006,"queue_pages":7.142,"spawn":0.001,"wrap":0.009}
STREAMING_STEP_TIMING total=10.82ms {"drain_packets":0.007,"drain_pages":0.006,"enqueue":3.351,"evict":0.285,"player_chunk":0.018,"prune":0.003,"publish":0.004,"queue_pages":7.139,"spawn":0.001,"wrap":0.01}
STREAMING_STEP_TIMING total=12.09ms {"drain_packets":0.009,"drain_pages":0.006,"enqueue":3.486,"evict":0.349,"player_chunk":0.013,"prune":0.004,"publish":0.005,"queue_pages":8.206,"spawn":0.002,"wrap":0.008}
STREAMING_STEP_TIMING total=11.93ms {"drain_packets":0.006,"drain_pages":0.005,"enqueue":4.046,"evict":0.305,"player_chunk":0.021,"prune":0.003,"publish":0.006,"queue_pages":7.527,"spawn":0.002,"wrap":0.01}
STREAMING_STEP_TIMING total=10.72ms {"drain_packets":0.006,"drain_pages":0.005,"enqueue":3.293,"evict":0.335,"player_chunk":0.013,"prune":0.001,"publish":0.003,"queue_pages":7.049,"spawn":0.002,"wrap":0.009}
STREAMING_STEP_TIMING total=10.73ms {"drain_packets":0.008,"drain_pages":0.006,"enqueue":3.312,"evict":0.284,"player_chunk":0.014,"prune":0.004,"publish":0.004,"queue_pages":7.082,"spawn":0.001,"wrap":0.008}
STREAMING_STEP_TIMING total=10.79ms {"drain_packets":0.006,"drain_pages":0.004,"enqueue":3.281,"evict":0.297,"player_chunk":0.014,"prune":0.002,"publish":0.005,"queue_pages":7.17,"spawn":0.002,"wrap":0.007}
STREAMING_STEP_TIMING total=11.26ms {"drain_packets":0.005,"drain_pages":0.004,"enqueue":3.298,"evict":0.367,"player_chunk":0.015,"prune":0.002,"publish":0.007,"queue_pages":7.547,"spawn":0.002,"wrap":0.006}
STREAMING_STEP_TIMING total=12.91ms {"drain_packets":0.01,"drain_pages":0.006,"enqueue":4.162,"evict":0.347,"player_chunk":0.016,"prune":0.003,"publish":0.005,"queue_pages":8.346,"spawn":0.003,"wrap":0.009}
STREAMING_STEP_TIMING total=12.85ms {"drain_packets":0.011,"drain_pages":0.007,"enqueue":4.325,"evict":0.34,"player_chunk":0.019,"prune":0.005,"publish":0.004,"queue_pages":8.122,"spawn":0.002,"wrap":0.011}
STREAMING_STEP_TIMING total=12.65ms {"drain_packets":0.007,"drain_pages":0.005,"enqueue":4.047,"evict":0.36,"player_chunk":0.015,"prune":0.002,"publish":0.006,"queue_pages":8.196,"spawn":0.002,"wrap":0.009}
STREAMING_STEP_TIMING total=11.79ms {"drain_packets":0.008,"drain_pages":0.005,"enqueue":4.087,"evict":0.282,"player_chunk":0.02,"prune":0.003,"publish":0.005,"queue_pages":7.367,"spawn":0.002,"wrap":0.01}
STREAMING_STEP_TIMING total=10.58ms {"drain_packets":0.006,"drain_pages":0.005,"enqueue":3.289,"evict":0.287,"player_chunk":0.014,"prune":0.002,"publish":0.004,"queue_pages":6.959,"spawn":0.002,"wrap":0.009}
STREAMING_STEP_TIMING total=10.58ms {"drain_packets":0.008,"drain_pages":0.005,"enqueue":3.299,"evict":0.295,"player_chunk":0.016,"prune":0.003,"publish":0.004,"queue_pages":6.942,"spawn":0.002,"wrap":0.008}
STREAMING_STEP_TIMING total=10.66ms {"drain_packets":0.006,"drain_pages":0.004,"enqueue":3.263,"evict":0.29,"player_chunk":0.013,"prune":0.002,"publish":0.005,"queue_pages":7.071,"spawn":0.001,"wrap":0.007}
STREAMING_STEP_TIMING total=11.98ms {"drain_packets":0.006,"drain_pages":0.005,"enqueue":3.294,"evict":0.357,"player_chunk":0.017,"prune":0.002,"publish":0.006,"queue_pages":8.285,"spawn":0.002,"wrap":0.006}
STREAMING_STEP_TIMING total=12.65ms {"drain_packets":0.008,"drain_pages":0.005,"enqueue":4.068,"evict":0.354,"player_chunk":0.014,"prune":0.003,"publish":0.005,"queue_pages":8.176,"spawn":0.002,"wrap":0.009}
STREAMING_STEP_TIMING total=12.61ms {"drain_packets":0.007,"drain_pages":0.005,"enqueue":4.049,"evict":0.35,"player_chunk":0.019,"prune":0.002,"publish":0.005,"queue_pages":8.158,"spawn":0.001,"wrap":0.01}
STREAMING_STEP_TIMING total=12.79ms {"drain_packets":0.006,"drain_pages":0.006,"enqueue":4.061,"evict":0.377,"player_chunk":0.014,"prune":0.002,"publish":0.005,"queue_pages":8.305,"spawn":0.002,"wrap":0.009}
STREAMING_STEP_TIMING total=10.99ms {"drain_packets":0.006,"drain_pages":0.005,"enqueue":3.675,"evict":0.281,"player_chunk":0.019,"prune":0.002,"publish":0.003,"queue_pages":6.985,"spawn":0.002,"wrap":0.01}
STREAMING_STEP_TIMING total=10.63ms {"drain_packets":0.008,"drain_pages":0.005,"enqueue":3.271,"evict":0.294,"player_chunk":0.013,"prune":0.004,"publish":0.006,"queue_pages":7.019,"spawn":0.002,"wrap":0.009}
STREAMING_STEP_TIMING total=10.81ms {"drain_packets":0.006,"drain_pages":0.005,"enqueue":3.243,"evict":0.354,"player_chunk":0.019,"prune":0.002,"publish":0.005,"queue_pages":7.16,"spawn":0.002,"wrap":0.009}
STREAMING_STEP_TIMING total=10.92ms {"drain_packets":0.005,"drain_pages":0.005,"enqueue":3.288,"evict":0.277,"player_chunk":0.014,"prune":0.002,"publish":0.004,"queue_pages":7.313,"spawn":0.001,"wrap":0.009}
STREAMING_STEP_TIMING total=10.73ms {"drain_packets":0.009,"drain_pages":0.005,"enqueue":3.448,"evict":0.283,"player_chunk":0.014,"prune":0.004,"publish":0.004,"queue_pages":6.96,"spawn":0.001,"wrap":0.006}
STREAMING_STEP_TIMING total=10.89ms {"drain_packets":0.005,"drain_pages":0.005,"enqueue":3.28,"evict":0.312,"player_chunk":0.014,"prune":0.002,"publish":0.006,"queue_pages":7.257,"spawn":0.002,"wrap":0.008}
STREAMING_STEP_TIMING total=10.82ms {"drain_packets":0.006,"drain_pages":0.005,"enqueue":3.308,"evict":0.32,"player_chunk":0.017,"prune":0.002,"publish":0.004,"queue_pages":7.15,"spawn":0.002,"wrap":0.009}
STREAMING_STEP_TIMING total=10.86ms {"drain_packets":0.007,"drain_pages":0.005,"enqueue":3.42,"evict":0.289,"player_chunk":0.014,"prune":0.003,"publish":0.005,"queue_pages":7.105,"spawn":0.002,"wrap":0.007}
STREAMING_STEP_TIMING total=10.87ms {"drain_packets":0.005,"drain_pages":0.005,"enqueue":3.278,"evict":0.293,"player_chunk":0.016,"prune":0.002,"publish":0.006,"queue_pages":7.243,"spawn":0.002,"wrap":0.014}
STREAMING_STEP_TIMING total=10.78ms {"drain_packets":0.006,"drain_pages":0.004,"enqueue":3.29,"evict":0.285,"player_chunk":0.014,"prune":0.002,"publish":0.004,"queue_pages":7.161,"spawn":0.002,"wrap":0.007}
STREAMING_STEP_TIMING total=10.68ms {"drain_packets":0.007,"drain_pages":0.005,"enqueue":3.325,"evict":0.279,"player_chunk":0.017,"prune":0.003,"publish":0.003,"queue_pages":7.029,"spawn":0.002,"wrap":0.01}
STREAMING_STEP_TIMING total=10.96ms {"drain_packets":0.006,"drain_pages":0.004,"enqueue":3.259,"evict":0.297,"player_chunk":0.012,"prune":0.003,"publish":0.006,"queue_pages":7.366,"spawn":0.002,"wrap":0.007}
STREAMING_STEP_TIMING total=10.74ms {"drain_packets":0.005,"drain_pages":0.004,"enqueue":3.278,"evict":0.349,"player_chunk":0.017,"prune":0.002,"publish":0.005,"queue_pages":7.067,"spawn":0.002,"wrap":0.005}
STREAMING_STEP_TIMING total=10.98ms {"drain_packets":0.006,"drain_pages":0.005,"enqueue":3.384,"evict":0.446,"player_chunk":0.014,"prune":0.002,"publish":0.005,"queue_pages":7.111,"spawn":0.002,"wrap":0.007}
STREAMING_STEP_TIMING total=10.90ms {"drain_packets":0.006,"drain_pages":0.004,"enqueue":3.378,"evict":0.31,"player_chunk":0.016,"prune":0.003,"publish":0.005,"queue_pages":7.17,"spawn":0.001,"wrap":0.009}
STREAMING_STEP_TIMING total=11.37ms {"drain_packets":0.009,"drain_pages":0.006,"enqueue":3.358,"evict":0.362,"player_chunk":0.015,"prune":0.004,"publish":0.007,"queue_pages":7.599,"spawn":0.002,"wrap":0.007}
STREAMING_STEP_TIMING total=11.22ms {"drain_packets":0.009,"drain_pages":0.005,"enqueue":3.797,"evict":0.299,"player_chunk":0.017,"prune":0.005,"publish":0.005,"queue_pages":7.065,"spawn":0.002,"wrap":0.011}
STREAMING_STEP_TIMING total=10.98ms {"drain_packets":0.007,"drain_pages":0.006,"enqueue":3.428,"evict":0.293,"player_chunk":0.014,"prune":0.004,"publish":0.004,"queue_pages":7.214,"spawn":0.002,"wrap":0.008}
STREAMING_STEP_TIMING total=10.80ms {"drain_packets":0.005,"drain_pages":0.004,"enqueue":3.281,"evict":0.301,"player_chunk":0.017,"prune":0.003,"publish":0.005,"queue_pages":7.168,"spawn":0.002,"wrap":0.009}
STREAMING_STEP_TIMING total=10.54ms {"drain_packets":0.005,"drain_pages":0.005,"enqueue":3.285,"evict":0.281,"player_chunk":0.013,"prune":0.002,"publish":0.004,"queue_pages":6.934,"spawn":0.002,"wrap":0.008}
STREAMING_STEP_TIMING total=11.05ms {"drain_packets":0.009,"drain_pages":0.005,"enqueue":3.442,"evict":0.3,"player_chunk":0.011,"prune":0.005,"publish":0.004,"queue_pages":7.266,"spawn":0.001,"wrap":0.006}
STREAMING_STEP_TIMING total=10.96ms {"drain_packets":0.007,"drain_pages":0.005,"enqueue":3.393,"evict":0.31,"player_chunk":0.014,"prune":0.002,"publish":0.006,"queue_pages":7.216,"spawn":0.002,"wrap":0.007}
STREAMING_STEP_TIMING total=10.82ms {"drain_packets":0.006,"drain_pages":0.004,"enqueue":3.368,"evict":0.28,"player_chunk":0.017,"prune":0.003,"publish":0.003,"queue_pages":7.128,"spawn":0.002,"wrap":0.011}
STREAMING_STEP_TIMING total=10.80ms {"drain_packets":0.011,"drain_pages":0.008,"enqueue":3.467,"evict":0.281,"player_chunk":0.011,"prune":0.006,"publish":0.004,"queue_pages":6.998,"spawn":0.002,"wrap":0.006}
STREAMING_STEP_TIMING total=10.93ms {"drain_packets":0.004,"drain_pages":0.004,"enqueue":3.286,"evict":0.329,"player_chunk":0.016,"prune":0.002,"publish":0.006,"queue_pages":7.273,"spawn":0.002,"wrap":0.008}
STREAMING_STEP_TIMING total=10.56ms {"drain_packets":0.007,"drain_pages":0.005,"enqueue":3.25,"evict":0.279,"player_chunk":0.013,"prune":0.002,"publish":0.002,"queue_pages":6.986,"spawn":0.002,"wrap":0.008}
STREAMING_STEP_TIMING total=11.59ms {"drain_packets":0.013,"drain_pages":0.006,"enqueue":3.406,"evict":0.348,"player_chunk":0.011,"prune":0.004,"publish":0.005,"queue_pages":7.786,"spawn":0.001,"wrap":0.007}
STREAMING_STEP_TIMING total=12.79ms {"drain_packets":0.006,"drain_pages":0.005,"enqueue":4.102,"evict":0.302,"player_chunk":0.015,"prune":0.002,"publish":0.005,"queue_pages":8.344,"spawn":0.002,"wrap":0.008}
STREAMING_STEP_TIMING total=10.59ms {"drain_packets":0.006,"drain_pages":0.005,"enqueue":3.262,"evict":0.29,"player_chunk":0.017,"prune":0.001,"publish":0.004,"queue_pages":6.995,"spawn":0.002,"wrap":0.006}
STREAMING_STEP_TIMING total=10.82ms {"drain_packets":0.006,"drain_pages":0.005,"enqueue":3.306,"evict":0.283,"player_chunk":0.015,"prune":0.003,"publish":0.003,"queue_pages":7.185,"spawn":0.002,"wrap":0.008}
STREAMING_STEP_TIMING total=10.70ms {"drain_packets":0.007,"drain_pages":0.005,"enqueue":3.294,"evict":0.292,"player_chunk":0.013,"prune":0.004,"publish":0.005,"queue_pages":7.073,"spawn":0.001,"wrap":0.008}
STREAMING_STEP_TIMING total=10.81ms {"drain_packets":0.005,"drain_pages":0.004,"enqueue":3.265,"evict":0.326,"player_chunk":0.013,"prune":0.002,"publish":0.004,"queue_pages":7.173,"spawn":0.002,"wrap":0.008}
STREAMING_STEP_TIMING total=10.70ms {"drain_packets":0.006,"drain_pages":0.004,"enqueue":3.346,"evict":0.285,"player_chunk":0.017,"prune":0.003,"publish":0.003,"queue_pages":7.018,"spawn":0.002,"wrap":0.01}
STREAMING_STEP_TIMING total=10.83ms {"drain_packets":0.007,"drain_pages":0.005,"enqueue":3.448,"evict":0.29,"player_chunk":0.012,"prune":0.004,"publish":0.005,"queue_pages":7.045,"spawn":0.002,"wrap":0.007}
STREAMING_STEP_TIMING total=11.03ms {"drain_packets":0.006,"drain_pages":0.004,"enqueue":3.265,"evict":0.352,"player_chunk":0.019,"prune":0.002,"publish":0.005,"queue_pages":7.363,"spawn":0.002,"wrap":0.009}
STREAMING_STEP_TIMING total=12.58ms {"drain_packets":0.006,"drain_pages":0.005,"enqueue":4.053,"evict":0.335,"player_chunk":0.014,"prune":0.002,"publish":0.003,"queue_pages":8.15,"spawn":0.002,"wrap":0.01}
STREAMING_STEP_TIMING total=10.63ms {"drain_packets":0.009,"drain_pages":0.006,"enqueue":3.275,"evict":0.28,"player_chunk":0.015,"prune":0.002,"publish":0.004,"queue_pages":7.035,"spawn":0.001,"wrap":0.006}
STREAMING_STEP_TIMING total=10.58ms {"drain_packets":0.005,"drain_pages":0.003,"enqueue":3.23,"evict":0.303,"player_chunk":0.013,"prune":0.002,"publish":0.006,"queue_pages":7.007,"spawn":0.001,"wrap":0.007}
STREAMING_STEP_TIMING total=10.67ms {"drain_packets":0.005,"drain_pages":0.005,"enqueue":3.27,"evict":0.292,"player_chunk":0.017,"prune":0.002,"publish":0.004,"queue_pages":7.065,"spawn":0.002,"wrap":0.009}
STREAMING_STEP_TIMING total=10.65ms {"drain_packets":0.007,"drain_pages":0.006,"enqueue":3.298,"evict":0.289,"player_chunk":0.013,"prune":0.002,"publish":0.004,"queue_pages":7.018,"spawn":0.002,"wrap":0.008}
STREAMING_STEP_TIMING total=10.76ms {"drain_packets":0.006,"drain_pages":0.004,"enqueue":3.319,"evict":0.3,"player_chunk":0.016,"prune":0.001,"publish":0.005,"queue_pages":7.098,"spawn":0.002,"wrap":0.009}
STREAMING_STEP_TIMING total=10.87ms {"drain_packets":0.006,"drain_pages":0.005,"enqueue":3.328,"evict":0.291,"player_chunk":0.014,"prune":0.002,"publish":0.004,"queue_pages":7.211,"spawn":0.002,"wrap":0.008}
STREAMING_STEP_TIMING total=10.93ms {"drain_packets":0.006,"drain_pages":0.004,"enqueue":3.337,"evict":0.294,"player_chunk":0.017,"prune":0.002,"publish":0.003,"queue_pages":7.257,"spawn":0.001,"wrap":0.011}
STREAMING_STEP_TIMING total=10.87ms {"drain_packets":0.006,"drain_pages":0.005,"enqueue":3.329,"evict":0.295,"player_chunk":0.013,"prune":0.002,"publish":0.003,"queue_pages":7.209,"spawn":0.002,"wrap":0.007}
STREAMING_STEP_TIMING total=10.83ms {"drain_packets":0.006,"drain_pages":0.005,"enqueue":3.373,"evict":0.318,"player_chunk":0.016,"prune":0.002,"publish":0.004,"queue_pages":7.098,"spawn":0.002,"wrap":0.005}
STREAMING_STEP_TIMING total=10.77ms {"drain_packets":0.008,"drain_pages":0.005,"enqueue":3.314,"evict":0.288,"player_chunk":0.016,"prune":0.002,"publish":0.004,"queue_pages":7.125,"spawn":0.002,"wrap":0.008}
STREAMING_STEP_TIMING total=10.79ms {"drain_packets":0.005,"drain_pages":0.004,"enqueue":3.284,"evict":0.296,"player_chunk":0.016,"prune":0.001,"publish":0.005,"queue_pages":7.168,"spawn":0.002,"wrap":0.009}
STREAMING_STEP_TIMING total=10.88ms {"drain_packets":0.006,"drain_pages":0.004,"enqueue":3.33,"evict":0.302,"player_chunk":0.013,"prune":0.002,"publish":0.006,"queue_pages":7.209,"spawn":0.002,"wrap":0.008}
STREAMING_STEP_TIMING total=10.66ms {"drain_packets":0.006,"drain_pages":0.005,"enqueue":3.298,"evict":0.305,"player_chunk":0.019,"prune":0.003,"publish":0.006,"queue_pages":7.002,"spawn":0.002,"wrap":0.01}
STREAMING_STEP_TIMING total=10.63ms {"drain_packets":0.006,"drain_pages":0.004,"enqueue":3.283,"evict":0.291,"player_chunk":0.015,"prune":0.002,"publish":0.005,"queue_pages":7.012,"spawn":0.002,"wrap":0.008}
STREAMING_STEP_TIMING total=10.74ms {"drain_packets":0.01,"drain_pages":0.005,"enqueue":3.325,"evict":0.292,"player_chunk":0.02,"prune":0.006,"publish":0.005,"queue_pages":7.066,"spawn":0.002,"wrap":0.011}
STREAMING_STEP_TIMING total=10.56ms {"drain_packets":0.007,"drain_pages":0.005,"enqueue":3.278,"evict":0.279,"player_chunk":0.015,"prune":0.003,"publish":0.004,"queue_pages":6.953,"spawn":0.002,"wrap":0.009}
STREAMING_STEP_TIMING total=10.69ms {"drain_packets":0.004,"drain_pages":0.004,"enqueue":3.226,"evict":0.29,"player_chunk":0.013,"prune":0.001,"publish":0.005,"queue_pages":7.136,"spawn":0.001,"wrap":0.006}
STREAMING_STEP_TIMING total=10.58ms {"drain_packets":0.005,"drain_pages":0.004,"enqueue":3.253,"evict":0.281,"player_chunk":0.014,"prune":0.003,"publish":0.003,"queue_pages":7.006,"spawn":0.002,"wrap":0.007}
STREAMING_STEP_TIMING total=11.07ms {"drain_packets":0.007,"drain_pages":0.004,"enqueue":3.33,"evict":0.295,"player_chunk":0.016,"prune":0.002,"publish":0.005,"queue_pages":7.397,"spawn":0.002,"wrap":0.01}
STREAMING_STEP_TIMING total=10.99ms {"drain_packets":0.005,"drain_pages":0.004,"enqueue":3.283,"evict":0.3,"player_chunk":0.014,"prune":0.002,"publish":0.006,"queue_pages":7.365,"spawn":0.002,"wrap":0.007}
STREAMING_STEP_TIMING total=10.73ms {"drain_packets":0.006,"drain_pages":0.004,"enqueue":3.32,"evict":0.3,"player_chunk":0.017,"prune":0.002,"publish":0.005,"queue_pages":7.058,"spawn":0.001,"wrap":0.011}
STREAMING_STEP_TIMING total=10.88ms {"drain_packets":0.007,"drain_pages":0.005,"enqueue":3.376,"evict":0.295,"player_chunk":0.014,"prune":0.003,"publish":0.002,"queue_pages":7.171,"spawn":0.002,"wrap":0.008}
STREAMING_STEP_TIMING total=10.87ms {"drain_packets":0.006,"drain_pages":0.004,"enqueue":3.311,"evict":0.294,"player_chunk":0.015,"prune":0.001,"publish":0.006,"queue_pages":7.226,"spawn":0.002,"wrap":0.008}
STREAMING_STEP_TIMING total=10.80ms {"drain_packets":0.005,"drain_pages":0.004,"enqueue":3.282,"evict":0.302,"player_chunk":0.014,"prune":0.002,"publish":0.007,"queue_pages":7.171,"spawn":0.002,"wrap":0.007}
STREAMING_STEP_TIMING total=10.74ms {"drain_packets":0.005,"drain_pages":0.005,"enqueue":3.327,"evict":0.277,"player_chunk":0.016,"prune":0.002,"publish":0.003,"queue_pages":7.099,"spawn":0.002,"wrap":0.006}
[FrameBudget] streaming=11.3ms topology=0.0ms visual=0.0ms spawn=0.0ms total=11.3ms/6.0ms world.streaming_v0=11.3ms(60)
STREAMING_STEP_TIMING total=10.77ms {"drain_packets":0.009,"drain_pages":0.006,"enqueue":3.398,"evict":0.284,"player_chunk":0.01,"prune":0.004,"publish":0.004,"queue_pages":7.048,"spawn":0.001,"wrap":0.006}
STREAMING_STEP_TIMING total=10.66ms {"drain_packets":0.005,"drain_pages":0.004,"enqueue":3.287,"evict":0.303,"player_chunk":0.018,"prune":0.001,"publish":0.007,"queue_pages":7.02,"spawn":0.002,"wrap":0.009}
STREAMING_STEP_TIMING total=10.57ms {"drain_packets":0.006,"drain_pages":0.005,"enqueue":3.249,"evict":0.28,"player_chunk":0.014,"prune":0.001,"publish":0.003,"queue_pages":7.0,"spawn":0.001,"wrap":0.008}
STREAMING_STEP_TIMING total=10.63ms {"drain_packets":0.01,"drain_pages":0.007,"enqueue":3.297,"evict":0.282,"player_chunk":0.011,"prune":0.004,"publish":0.004,"queue_pages":7.004,"spawn":0.002,"wrap":0.007}
STREAMING_STEP_TIMING total=10.73ms {"drain_packets":0.005,"drain_pages":0.004,"enqueue":3.285,"evict":0.335,"player_chunk":0.013,"prune":0.001,"publish":0.005,"queue_pages":7.066,"spawn":0.002,"wrap":0.008}
STREAMING_STEP_TIMING total=10.67ms {"drain_packets":0.006,"drain_pages":0.004,"enqueue":3.295,"evict":0.285,"player_chunk":0.016,"prune":0.002,"publish":0.003,"queue_pages":7.042,"spawn":0.002,"wrap":0.01}
STREAMING_STEP_TIMING total=10.58ms {"drain_packets":0.006,"drain_pages":0.01,"enqueue":3.25,"evict":0.285,"player_chunk":0.011,"prune":0.003,"publish":0.004,"queue_pages":6.997,"spawn":0.001,"wrap":0.007}
STREAMING_STEP_TIMING total=10.79ms {"drain_packets":0.004,"drain_pages":0.004,"enqueue":3.297,"evict":0.297,"player_chunk":0.015,"prune":0.002,"publish":0.006,"queue_pages":7.152,"spawn":0.001,"wrap":0.006}
STREAMING_STEP_TIMING total=11.12ms {"drain_packets":0.007,"drain_pages":0.004,"enqueue":3.348,"evict":0.371,"player_chunk":0.013,"prune":0.002,"publish":0.007,"queue_pages":7.356,"spawn":0.002,"wrap":0.008}
STREAMING_STEP_TIMING total=10.62ms {"drain_packets":0.007,"drain_pages":0.006,"enqueue":3.37,"evict":0.29,"player_chunk":0.02,"prune":0.003,"publish":0.004,"queue_pages":6.904,"spawn":0.001,"wrap":0.012}
STREAMING_STEP_TIMING total=10.72ms {"drain_packets":0.005,"drain_pages":0.004,"enqueue":3.242,"evict":0.311,"player_chunk":0.014,"prune":0.002,"publish":0.005,"queue_pages":7.123,"spawn":0.002,"wrap":0.007}
STREAMING_STEP_TIMING total=10.67ms {"drain_packets":0.006,"drain_pages":0.005,"enqueue":3.284,"evict":0.283,"player_chunk":0.018,"prune":0.002,"publish":0.004,"queue_pages":7.058,"spawn":0.002,"wrap":0.009}
STREAMING_STEP_TIMING total=10.73ms {"drain_packets":0.008,"drain_pages":0.006,"enqueue":3.305,"evict":0.293,"player_chunk":0.013,"prune":0.003,"publish":0.005,"queue_pages":7.084,"spawn":0.002,"wrap":0.008}
STREAMING_STEP_TIMING total=10.74ms {"drain_packets":0.007,"drain_pages":0.005,"enqueue":3.309,"evict":0.299,"player_chunk":0.018,"prune":0.002,"publish":0.006,"queue_pages":7.084,"spawn":0.002,"wrap":0.009}
STREAMING_STEP_TIMING total=10.68ms {"drain_packets":0.006,"drain_pages":0.005,"enqueue":3.29,"evict":0.28,"player_chunk":0.014,"prune":0.002,"publish":0.004,"queue_pages":7.065,"spawn":0.002,"wrap":0.008}
STREAMING_STEP_TIMING total=10.81ms {"drain_packets":0.007,"drain_pages":0.006,"enqueue":3.408,"evict":0.288,"player_chunk":0.015,"prune":0.004,"publish":0.005,"queue_pages":7.069,"spawn":0.001,"wrap":0.007}
STREAMING_STEP_TIMING total=10.68ms {"drain_packets":0.007,"drain_pages":0.005,"enqueue":3.321,"evict":0.301,"player_chunk":0.013,"prune":0.003,"publish":0.005,"queue_pages":7.014,"spawn":0.003,"wrap":0.007}
STREAMING_STEP_TIMING total=10.58ms {"drain_packets":0.005,"drain_pages":0.005,"enqueue":3.274,"evict":0.293,"player_chunk":0.018,"prune":0.002,"publish":0.004,"queue_pages":6.97,"spawn":0.001,"wrap":0.01}
STREAMING_STEP_TIMING total=10.80ms {"drain_packets":0.008,"drain_pages":0.005,"enqueue":3.384,"evict":0.308,"player_chunk":0.013,"prune":0.004,"publish":0.005,"queue_pages":7.065,"spawn":0.002,"wrap":0.007}
STREAMING_STEP_TIMING total=10.65ms {"drain_packets":0.006,"drain_pages":0.005,"enqueue":3.289,"evict":0.303,"player_chunk":0.017,"prune":0.002,"publish":0.005,"queue_pages":7.014,"spawn":0.002,"wrap":0.009}
STREAMING_STEP_TIMING total=10.86ms {"drain_packets":0.006,"drain_pages":0.006,"enqueue":3.306,"evict":0.289,"player_chunk":0.014,"prune":0.003,"publish":0.004,"queue_pages":7.221,"spawn":0.001,"wrap":0.008}
STREAMING_STEP_TIMING total=12.11ms {"drain_packets":0.01,"drain_pages":0.007,"enqueue":3.355,"evict":0.445,"player_chunk":0.017,"prune":0.005,"publish":0.007,"queue_pages":8.249,"spawn":0.002,"wrap":0.009}
STREAMING_STEP_TIMING total=13.05ms {"drain_packets":0.007,"drain_pages":0.006,"enqueue":4.057,"evict":0.358,"player_chunk":0.015,"prune":0.002,"publish":0.006,"queue_pages":8.587,"spawn":0.001,"wrap":0.009}
STREAMING_STEP_TIMING total=12.78ms {"drain_packets":0.007,"drain_pages":0.006,"enqueue":4.108,"evict":0.357,"player_chunk":0.019,"prune":0.003,"publish":0.006,"queue_pages":8.261,"spawn":0.002,"wrap":0.007}
STREAMING_STEP_TIMING total=12.81ms {"drain_packets":0.007,"drain_pages":0.006,"enqueue":4.139,"evict":0.371,"player_chunk":0.016,"prune":0.004,"publish":0.007,"queue_pages":8.245,"spawn":0.002,"wrap":0.008}
STREAMING_STEP_TIMING total=11.87ms {"drain_packets":0.008,"drain_pages":0.005,"enqueue":4.129,"evict":0.277,"player_chunk":0.019,"prune":0.003,"publish":0.004,"queue_pages":7.413,"spawn":0.003,"wrap":0.011}
STREAMING_STEP_TIMING total=10.72ms {"drain_packets":0.007,"drain_pages":0.006,"enqueue":3.28,"evict":0.295,"player_chunk":0.013,"prune":0.002,"publish":0.005,"queue_pages":7.088,"spawn":0.002,"wrap":0.018}
STREAMING_STEP_TIMING total=10.66ms {"drain_packets":0.005,"drain_pages":0.004,"enqueue":3.243,"evict":0.294,"player_chunk":0.016,"prune":0.002,"publish":0.005,"queue_pages":7.074,"spawn":0.002,"wrap":0.01}
STREAMING_STEP_TIMING total=12.65ms {"drain_packets":0.009,"drain_pages":0.007,"enqueue":4.092,"evict":0.355,"player_chunk":0.013,"prune":0.005,"publish":0.005,"queue_pages":8.15,"spawn":0.002,"wrap":0.008}
STREAMING_STEP_TIMING total=11.61ms {"drain_packets":0.01,"drain_pages":0.005,"enqueue":4.241,"evict":0.316,"player_chunk":0.019,"prune":0.005,"publish":0.004,"queue_pages":6.99,"spawn":0.002,"wrap":0.011}
STREAMING_STEP_TIMING total=10.70ms {"drain_packets":0.006,"drain_pages":0.004,"enqueue":3.264,"evict":0.311,"player_chunk":0.013,"prune":0.002,"publish":0.006,"queue_pages":7.082,"spawn":0.002,"wrap":0.009}
STREAMING_STEP_TIMING total=10.55ms {"drain_packets":0.005,"drain_pages":0.004,"enqueue":3.25,"evict":0.275,"player_chunk":0.016,"prune":0.002,"publish":0.003,"queue_pages":6.982,"spawn":0.002,"wrap":0.005}
STREAMING_STEP_TIMING total=10.86ms {"drain_packets":0.009,"drain_pages":0.005,"enqueue":3.387,"evict":0.281,"player_chunk":0.011,"prune":0.004,"publish":0.003,"queue_pages":7.153,"spawn":0.001,"wrap":0.006}
STREAMING_STEP_TIMING total=10.86ms {"drain_packets":0.005,"drain_pages":0.003,"enqueue":3.33,"evict":0.307,"player_chunk":0.017,"prune":0.001,"publish":0.006,"queue_pages":7.176,"spawn":0.002,"wrap":0.009}
STREAMING_STEP_TIMING total=10.93ms {"drain_packets":0.006,"drain_pages":0.004,"enqueue":3.308,"evict":0.379,"player_chunk":0.014,"prune":0.001,"publish":0.003,"queue_pages":7.2,"spawn":0.002,"wrap":0.008}
STREAMING_STEP_TIMING total=10.73ms {"drain_packets":0.008,"drain_pages":0.005,"enqueue":3.414,"evict":0.278,"player_chunk":0.025,"prune":0.004,"publish":0.003,"queue_pages":6.974,"spawn":0.003,"wrap":0.012}
STREAMING_STEP_TIMING total=10.65ms {"drain_packets":0.005,"drain_pages":0.004,"enqueue":3.316,"evict":0.299,"player_chunk":0.013,"prune":0.002,"publish":0.006,"queue_pages":6.998,"spawn":0.001,"wrap":0.008}
STREAMING_STEP_TIMING total=10.70ms {"drain_packets":0.005,"drain_pages":0.005,"enqueue":3.309,"evict":0.279,"player_chunk":0.016,"prune":0.001,"publish":0.003,"queue_pages":7.067,"spawn":0.002,"wrap":0.009}
STREAMING_STEP_TIMING total=10.65ms {"drain_packets":0.006,"drain_pages":0.005,"enqueue":3.294,"evict":0.283,"player_chunk":0.014,"prune":0.002,"publish":0.003,"queue_pages":7.032,"spawn":0.002,"wrap":0.009}
STREAMING_STEP_TIMING total=10.68ms {"drain_packets":0.006,"drain_pages":0.003,"enqueue":3.325,"evict":0.304,"player_chunk":0.011,"prune":0.003,"publish":0.005,"queue_pages":7.01,"spawn":0.001,"wrap":0.006}
STREAMING_STEP_TIMING total=12.49ms {"drain_packets":0.005,"drain_pages":0.004,"enqueue":3.278,"evict":0.315,"player_chunk":0.013,"prune":0.002,"publish":0.006,"queue_pages":8.855,"spawn":0.002,"wrap":0.008}
STREAMING_STEP_TIMING total=10.75ms {"drain_packets":0.007,"drain_pages":0.004,"enqueue":3.296,"evict":0.309,"player_chunk":0.018,"prune":0.002,"publish":0.006,"queue_pages":7.093,"spawn":0.002,"wrap":0.01}
STREAMING_STEP_TIMING total=10.89ms {"drain_packets":0.009,"drain_pages":0.005,"enqueue":3.298,"evict":0.311,"player_chunk":0.014,"prune":0.002,"publish":0.006,"queue_pages":7.23,"spawn":0.002,"wrap":0.009}
STREAMING_STEP_TIMING total=10.69ms {"drain_packets":0.008,"drain_pages":0.005,"enqueue":3.304,"evict":0.284,"player_chunk":0.017,"prune":0.003,"publish":0.004,"queue_pages":7.049,"spawn":0.002,"wrap":0.01}
STREAMING_STEP_TIMING total=10.52ms {"drain_packets":0.006,"drain_pages":0.005,"enqueue":3.247,"evict":0.284,"player_chunk":0.014,"prune":0.004,"publish":0.004,"queue_pages":6.95,"spawn":0.002,"wrap":0.007}
STREAMING_STEP_TIMING total=11.08ms {"drain_packets":0.006,"drain_pages":0.005,"enqueue":3.38,"evict":0.29,"player_chunk":0.015,"prune":0.002,"publish":0.004,"queue_pages":7.367,"spawn":0.002,"wrap":0.009}
STREAMING_STEP_TIMING total=10.69ms {"drain_packets":0.007,"drain_pages":0.005,"enqueue":3.269,"evict":0.293,"player_chunk":0.013,"prune":0.002,"publish":0.005,"queue_pages":7.089,"spawn":0.001,"wrap":0.008}
STREAMING_STEP_TIMING total=10.64ms {"drain_packets":0.006,"drain_pages":0.004,"enqueue":3.265,"evict":0.281,"player_chunk":0.016,"prune":0.001,"publish":0.003,"queue_pages":7.049,"spawn":0.002,"wrap":0.007}
STREAMING_STEP_TIMING total=10.95ms {"drain_packets":0.006,"drain_pages":0.005,"enqueue":3.358,"evict":0.297,"player_chunk":0.011,"prune":0.003,"publish":0.006,"queue_pages":7.253,"spawn":0.001,"wrap":0.006}
STREAMING_STEP_TIMING total=10.75ms {"drain_packets":0.006,"drain_pages":0.004,"enqueue":3.287,"evict":0.316,"player_chunk":0.017,"prune":0.002,"publish":0.005,"queue_pages":7.098,"spawn":0.001,"wrap":0.009}
STREAMING_STEP_TIMING total=10.60ms {"drain_packets":0.006,"drain_pages":0.004,"enqueue":3.276,"evict":0.279,"player_chunk":0.013,"prune":0.002,"publish":0.003,"queue_pages":7.011,"spawn":0.002,"wrap":0.007}
STREAMING_STEP_TIMING total=10.74ms {"drain_packets":0.006,"drain_pages":0.005,"enqueue":3.257,"evict":0.3,"player_chunk":0.012,"prune":0.002,"publish":0.006,"queue_pages":7.139,"spawn":0.001,"wrap":0.008}
STREAMING_STEP_TIMING total=11.30ms {"drain_packets":0.006,"drain_pages":0.006,"enqueue":3.282,"evict":0.302,"player_chunk":0.014,"prune":0.002,"publish":0.006,"queue_pages":7.671,"spawn":0.002,"wrap":0.008}
STREAMING_STEP_TIMING total=10.77ms {"drain_packets":0.007,"drain_pages":0.005,"enqueue":3.404,"evict":0.284,"player_chunk":0.017,"prune":0.003,"publish":0.003,"queue_pages":7.033,"spawn":0.001,"wrap":0.011}
STREAMING_STEP_TIMING total=10.72ms {"drain_packets":0.008,"drain_pages":0.005,"enqueue":3.31,"evict":0.291,"player_chunk":0.013,"prune":0.003,"publish":0.004,"queue_pages":7.073,"spawn":0.003,"wrap":0.007}
STREAMING_STEP_TIMING total=10.81ms {"drain_packets":0.006,"drain_pages":0.005,"enqueue":3.288,"evict":0.371,"player_chunk":0.016,"prune":0.002,"publish":0.007,"queue_pages":7.101,"spawn":0.002,"wrap":0.006}
STREAMING_STEP_TIMING total=10.71ms {"drain_packets":0.007,"drain_pages":0.005,"enqueue":3.268,"evict":0.314,"player_chunk":0.013,"prune":0.002,"publish":0.004,"queue_pages":7.085,"spawn":0.002,"wrap":0.008}
STREAMING_STEP_TIMING total=12.48ms {"drain_packets":0.008,"drain_pages":0.006,"enqueue":3.329,"evict":0.296,"player_chunk":0.016,"prune":0.003,"publish":0.005,"queue_pages":8.806,"spawn":0.002,"wrap":0.01}
STREAMING_STEP_TIMING total=11.08ms {"drain_packets":0.006,"drain_pages":0.005,"enqueue":3.25,"evict":0.36,"player_chunk":0.014,"prune":0.003,"publish":0.007,"queue_pages":7.421,"spawn":0.002,"wrap":0.008}
STREAMING_STEP_TIMING total=12.60ms {"drain_packets":0.007,"drain_pages":0.006,"enqueue":4.046,"evict":0.357,"player_chunk":0.021,"prune":0.002,"publish":0.006,"queue_pages":8.142,"spawn":0.001,"wrap":0.013}
STREAMING_STEP_TIMING total=16.65ms {"drain_packets":0.01,"drain_pages":0.007,"enqueue":5.218,"evict":0.486,"player_chunk":0.019,"prune":0.003,"publish":0.008,"queue_pages":10.879,"spawn":0.003,"wrap":0.012}
STREAMING_STEP_TIMING total=15.20ms {"drain_packets":0.01,"drain_pages":0.007,"enqueue":5.265,"evict":0.298,"player_chunk":0.023,"prune":0.004,"publish":0.006,"queue_pages":9.566,"spawn":0.002,"wrap":0.013}
STREAMING_STEP_TIMING total=10.57ms {"drain_packets":0.006,"drain_pages":0.005,"enqueue":3.261,"evict":0.277,"player_chunk":0.014,"prune":0.002,"publish":0.003,"queue_pages":6.995,"spawn":0.002,"wrap":0.009}
STREAMING_STEP_TIMING total=10.91ms {"drain_packets":0.01,"drain_pages":0.007,"enqueue":3.363,"evict":0.291,"player_chunk":0.011,"prune":0.006,"publish":0.005,"queue_pages":7.206,"spawn":0.001,"wrap":0.006}
STREAMING_STEP_TIMING total=10.64ms {"drain_packets":0.006,"drain_pages":0.004,"enqueue":3.251,"evict":0.299,"player_chunk":0.014,"prune":0.001,"publish":0.006,"queue_pages":7.046,"spawn":0.002,"wrap":0.008}
STREAMING_STEP_TIMING total=10.63ms {"drain_packets":0.006,"drain_pages":0.005,"enqueue":3.292,"evict":0.281,"player_chunk":0.018,"prune":0.002,"publish":0.003,"queue_pages":7.011,"spawn":0.001,"wrap":0.01}
STREAMING_STEP_TIMING total=10.63ms {"drain_packets":0.009,"drain_pages":0.005,"enqueue":3.266,"evict":0.279,"player_chunk":0.012,"prune":0.003,"publish":0.003,"queue_pages":7.045,"spawn":0.001,"wrap":0.007}
STREAMING_STEP_TIMING total=12.77ms {"drain_packets":0.005,"drain_pages":0.003,"enqueue":3.271,"evict":0.299,"player_chunk":0.015,"prune":0.001,"publish":0.007,"queue_pages":9.16,"spawn":0.001,"wrap":0.009}
STREAMING_STEP_TIMING total=10.69ms {"drain_packets":0.006,"drain_pages":0.005,"enqueue":3.259,"evict":0.283,"player_chunk":0.014,"prune":0.002,"publish":0.003,"queue_pages":7.103,"spawn":0.002,"wrap":0.008}
STREAMING_STEP_TIMING total=10.76ms {"drain_packets":0.009,"drain_pages":0.005,"enqueue":3.353,"evict":0.288,"player_chunk":0.015,"prune":0.004,"publish":0.004,"queue_pages":7.067,"spawn":0.001,"wrap":0.01}
STREAMING_STEP_TIMING total=11.02ms {"drain_packets":0.006,"drain_pages":0.005,"enqueue":3.331,"evict":0.302,"player_chunk":0.013,"prune":0.002,"publish":0.005,"queue_pages":7.34,"spawn":0.002,"wrap":0.008}
STREAMING_STEP_TIMING total=10.64ms {"drain_packets":0.006,"drain_pages":0.004,"enqueue":3.272,"evict":0.287,"player_chunk":0.016,"prune":0.002,"publish":0.004,"queue_pages":7.043,"spawn":0.002,"wrap":0.006}
STREAMING_STEP_TIMING total=10.61ms {"drain_packets":0.01,"drain_pages":0.006,"enqueue":3.345,"evict":0.296,"player_chunk":0.013,"prune":0.009,"publish":0.003,"queue_pages":6.913,"spawn":0.002,"wrap":0.008}
STREAMING_STEP_TIMING total=12.37ms {"drain_packets":0.008,"drain_pages":0.005,"enqueue":3.78,"evict":0.354,"player_chunk":0.017,"prune":0.004,"publish":0.005,"queue_pages":8.179,"spawn":0.001,"wrap":0.011}
STREAMING_STEP_TIMING total=12.65ms {"drain_packets":0.006,"drain_pages":0.006,"enqueue":4.062,"evict":0.356,"player_chunk":0.015,"prune":0.002,"publish":0.005,"queue_pages":8.185,"spawn":0.002,"wrap":0.009}
STREAMING_STEP_TIMING total=12.67ms {"drain_packets":0.006,"drain_pages":0.005,"enqueue":4.105,"evict":0.35,"player_chunk":0.019,"prune":0.003,"publish":0.004,"queue_pages":8.165,"spawn":0.002,"wrap":0.011}
STREAMING_STEP_TIMING total=12.46ms {"drain_packets":0.01,"drain_pages":0.006,"enqueue":4.139,"evict":0.297,"player_chunk":0.016,"prune":0.004,"publish":0.006,"queue_pages":7.965,"spawn":0.001,"wrap":0.01}
STREAMING_STEP_TIMING total=10.61ms {"drain_packets":0.006,"drain_pages":0.004,"enqueue":3.265,"evict":0.291,"player_chunk":0.017,"prune":0.001,"publish":0.005,"queue_pages":7.01,"spawn":0.002,"wrap":0.009}
STREAMING_STEP_TIMING total=10.67ms {"drain_packets":0.006,"drain_pages":0.005,"enqueue":3.319,"evict":0.292,"player_chunk":0.013,"prune":0.003,"publish":0.012,"queue_pages":7.012,"spawn":0.002,"wrap":0.008}
STREAMING_STEP_TIMING total=10.73ms {"drain_packets":0.008,"drain_pages":0.005,"enqueue":3.409,"evict":0.287,"player_chunk":0.017,"prune":0.003,"publish":0.004,"queue_pages":6.983,"spawn":0.002,"wrap":0.006}
STREAMING_STEP_TIMING total=10.78ms {"drain_packets":0.005,"drain_pages":0.005,"enqueue":3.31,"evict":0.29,"player_chunk":0.013,"prune":0.003,"publish":0.005,"queue_pages":7.134,"spawn":0.002,"wrap":0.007}
STREAMING_STEP_TIMING total=10.55ms {"drain_packets":0.006,"drain_pages":0.005,"enqueue":3.288,"evict":0.286,"player_chunk":0.021,"prune":0.003,"publish":0.004,"queue_pages":6.928,"spawn":0.001,"wrap":0.01}
STREAMING_STEP_TIMING total=10.54ms {"drain_packets":0.007,"drain_pages":0.004,"enqueue":3.236,"evict":0.29,"player_chunk":0.013,"prune":0.003,"publish":0.004,"queue_pages":6.973,"spawn":0.002,"wrap":0.008}
STREAMING_STEP_TIMING total=10.80ms {"drain_packets":0.006,"drain_pages":0.005,"enqueue":3.328,"evict":0.339,"player_chunk":0.018,"prune":0.002,"publish":0.005,"queue_pages":7.081,"spawn":0.002,"wrap":0.009}
STREAMING_STEP_TIMING total=10.85ms {"drain_packets":0.006,"drain_pages":0.005,"enqueue":3.257,"evict":0.299,"player_chunk":0.013,"prune":0.003,"publish":0.006,"queue_pages":7.252,"spawn":0.003,"wrap":0.008}
STREAMING_STEP_TIMING total=10.68ms {"drain_packets":0.005,"drain_pages":0.005,"enqueue":3.289,"evict":0.286,"player_chunk":0.018,"prune":0.002,"publish":0.003,"queue_pages":7.06,"spawn":0.002,"wrap":0.01}
STREAMING_STEP_TIMING total=10.84ms {"drain_packets":0.005,"drain_pages":0.006,"enqueue":3.332,"evict":0.301,"player_chunk":0.014,"prune":0.002,"publish":0.004,"queue_pages":7.167,"spawn":0.002,"wrap":0.008}
STREAMING_STEP_TIMING total=10.56ms {"drain_packets":0.006,"drain_pages":0.004,"enqueue":3.262,"evict":0.303,"player_chunk":0.015,"prune":0.002,"publish":0.005,"queue_pages":6.949,"spawn":0.001,"wrap":0.006}
STREAMING_STEP_TIMING total=10.82ms {"drain_packets":0.006,"drain_pages":0.005,"enqueue":3.337,"evict":0.282,"player_chunk":0.013,"prune":0.002,"publish":0.003,"queue_pages":7.165,"spawn":0.002,"wrap":0.009}
STREAMING_STEP_TIMING total=10.72ms {"drain_packets":0.004,"drain_pages":0.004,"enqueue":3.301,"evict":0.287,"player_chunk":0.013,"prune":0.002,"publish":0.005,"queue_pages":7.096,"spawn":0.001,"wrap":0.008}
STREAMING_STEP_TIMING total=10.78ms {"drain_packets":0.005,"drain_pages":0.004,"enqueue":3.313,"evict":0.295,"player_chunk":0.013,"prune":0.002,"publish":0.005,"queue_pages":7.127,"spawn":0.002,"wrap":0.007}
STREAMING_STEP_TIMING total=10.87ms {"drain_packets":0.008,"drain_pages":0.005,"enqueue":3.44,"evict":0.296,"player_chunk":0.025,"prune":0.003,"publish":0.004,"queue_pages":7.069,"spawn":0.002,"wrap":0.014}
STREAMING_STEP_TIMING total=10.74ms {"drain_packets":0.008,"drain_pages":0.006,"enqueue":3.259,"evict":0.297,"player_chunk":0.016,"prune":0.002,"publish":0.006,"queue_pages":7.14,"spawn":0.002,"wrap":0.008}
STREAMING_STEP_TIMING total=10.68ms {"drain_packets":0.007,"drain_pages":0.004,"enqueue":3.236,"evict":0.326,"player_chunk":0.018,"prune":0.001,"publish":0.011,"queue_pages":7.06,"spawn":0.002,"wrap":0.01}
STREAMING_STEP_TIMING total=10.65ms {"drain_packets":0.007,"drain_pages":0.005,"enqueue":3.295,"evict":0.288,"player_chunk":0.013,"prune":0.002,"publish":0.004,"queue_pages":7.021,"spawn":0.002,"wrap":0.008}
STREAMING_STEP_TIMING total=13.01ms {"drain_packets":0.008,"drain_pages":0.007,"enqueue":3.387,"evict":0.353,"player_chunk":0.015,"prune":0.004,"publish":0.006,"queue_pages":9.225,"spawn":0.001,"wrap":0.006}
STREAMING_STEP_TIMING total=11.03ms {"drain_packets":0.005,"drain_pages":0.005,"enqueue":3.295,"evict":0.296,"player_chunk":0.015,"prune":0.002,"publish":0.005,"queue_pages":7.395,"spawn":0.002,"wrap":0.008}
STREAMING_STEP_TIMING total=10.59ms {"drain_packets":0.005,"drain_pages":0.005,"enqueue":3.273,"evict":0.274,"player_chunk":0.016,"prune":0.001,"publish":0.002,"queue_pages":7.001,"spawn":0.002,"wrap":0.01}
STREAMING_STEP_TIMING total=10.58ms {"drain_packets":0.01,"drain_pages":0.006,"enqueue":3.321,"evict":0.28,"player_chunk":0.01,"prune":0.004,"publish":0.004,"queue_pages":6.938,"spawn":0.001,"wrap":0.005}
STREAMING_STEP_TIMING total=10.55ms {"drain_packets":0.004,"drain_pages":0.003,"enqueue":3.249,"evict":0.302,"player_chunk":0.017,"prune":0.002,"publish":0.006,"queue_pages":6.956,"spawn":0.002,"wrap":0.01}
STREAMING_STEP_TIMING total=10.59ms {"drain_packets":0.005,"drain_pages":0.005,"enqueue":3.261,"evict":0.281,"player_chunk":0.013,"prune":0.002,"publish":0.003,"queue_pages":7.008,"spawn":0.001,"wrap":0.009}
STREAMING_STEP_TIMING total=10.78ms {"drain_packets":0.013,"drain_pages":0.008,"enqueue":3.382,"evict":0.282,"player_chunk":0.012,"prune":0.006,"publish":0.004,"queue_pages":7.064,"spawn":0.002,"wrap":0.006}
STREAMING_STEP_TIMING total=10.90ms {"drain_packets":0.005,"drain_pages":0.005,"enqueue":3.271,"evict":0.298,"player_chunk":0.013,"prune":0.001,"publish":0.005,"queue_pages":7.294,"spawn":0.001,"wrap":0.008}
STREAMING_STEP_TIMING total=10.57ms {"drain_packets":0.005,"drain_pages":0.005,"enqueue":3.273,"evict":0.278,"player_chunk":0.016,"prune":0.002,"publish":0.003,"queue_pages":6.979,"spawn":0.001,"wrap":0.006}
STREAMING_STEP_TIMING total=10.56ms {"drain_packets":0.007,"drain_pages":0.005,"enqueue":3.249,"evict":0.279,"player_chunk":0.01,"prune":0.003,"publish":0.003,"queue_pages":6.995,"spawn":0.002,"wrap":0.006}
STREAMING_STEP_TIMING total=10.89ms {"drain_packets":0.009,"drain_pages":0.006,"enqueue":3.416,"evict":0.296,"player_chunk":0.014,"prune":0.006,"publish":0.005,"queue_pages":7.127,"spawn":0.002,"wrap":0.007}
STREAMING_STEP_TIMING total=10.75ms {"drain_packets":0.007,"drain_pages":0.005,"enqueue":3.39,"evict":0.285,"player_chunk":0.013,"prune":0.002,"publish":0.004,"queue_pages":7.033,"spawn":0.002,"wrap":0.009}
STREAMING_STEP_TIMING total=10.84ms {"drain_packets":0.008,"drain_pages":0.006,"enqueue":3.476,"evict":0.283,"player_chunk":0.017,"prune":0.003,"publish":0.004,"queue_pages":7.031,"spawn":0.002,"wrap":0.009}
STREAMING_STEP_TIMING total=21.67ms {"drain_packets":0.005,"drain_pages":0.005,"enqueue":3.369,"evict":0.263,"player_chunk":0.014,"prune":0.054,"publish":8.909,"queue_pages":9.041,"spawn":0.002,"wrap":0.008}
STREAMING_STEP_TIMING total=55.58ms {"drain_packets":0.468,"drain_pages":0.006,"enqueue":4.452,"evict":0.289,"player_chunk":0.015,"prune":0.064,"publish":40.267,"queue_pages":10.007,"spawn":0.002,"wrap":0.008}
STREAMING_STEP_TIMING total=15.23ms {"drain_packets":0.08,"drain_pages":0.007,"enqueue":4.587,"evict":0.283,"player_chunk":0.015,"prune":0.069,"publish":0.283,"queue_pages":9.895,"spawn":0.003,"wrap":0.009}
STREAMING_STEP_TIMING total=16.45ms {"drain_packets":0.09,"drain_pages":0.007,"enqueue":5.216,"evict":0.283,"player_chunk":0.021,"prune":0.075,"publish":0.322,"queue_pages":10.417,"spawn":0.003,"wrap":0.011}
STREAMING_STEP_TIMING total=14.34ms {"drain_packets":0.057,"drain_pages":0.005,"enqueue":4.131,"evict":0.314,"player_chunk":0.014,"prune":0.05,"publish":0.352,"queue_pages":9.409,"spawn":0.002,"wrap":0.007}
STREAMING_STEP_TIMING total=14.22ms {"drain_packets":0.075,"drain_pages":0.007,"enqueue":4.825,"evict":0.341,"player_chunk":0.02,"prune":0.062,"publish":0.259,"queue_pages":8.62,"spawn":0.003,"wrap":0.01}
STREAMING_STEP_TIMING total=17.64ms {"drain_packets":0.101,"drain_pages":0.009,"enqueue":5.288,"evict":0.306,"player_chunk":0.017,"prune":0.085,"publish":0.285,"queue_pages":11.529,"spawn":0.003,"wrap":0.013}
STREAMING_STEP_TIMING total=22.48ms {"drain_packets":0.089,"drain_pages":0.147,"enqueue":5.35,"evict":0.256,"player_chunk":0.016,"prune":0.065,"publish":0.517,"queue_pages":16.029,"spawn":0.002,"wrap":0.008}
STREAMING_STEP_TIMING total=18.56ms {"drain_packets":0.287,"drain_pages":0.009,"enqueue":6.581,"evict":0.29,"player_chunk":0.017,"prune":0.07,"publish":0.299,"queue_pages":10.991,"spawn":0.002,"wrap":0.009}
STREAMING_STEP_TIMING total=23.07ms {"drain_packets":0.137,"drain_pages":0.006,"enqueue":8.606,"evict":0.332,"player_chunk":0.02,"prune":0.074,"publish":0.325,"queue_pages":13.559,"spawn":0.003,"wrap":0.011}
STREAMING_STEP_TIMING total=15.60ms {"drain_packets":0.008,"drain_pages":0.006,"enqueue":4.842,"evict":0.355,"player_chunk":0.017,"prune":0.071,"publish":0.303,"queue_pages":9.984,"spawn":0.003,"wrap":0.01}
STREAMING_STEP_TIMING total=15.78ms {"drain_packets":0.088,"drain_pages":0.007,"enqueue":4.864,"evict":0.4,"player_chunk":0.016,"prune":0.071,"publish":0.306,"queue_pages":10.011,"spawn":0.002,"wrap":0.009}
[FrameBudget] streaming=12.7ms topology=0.0ms visual=0.0ms spawn=0.0ms total=12.7ms/6.0ms world.streaming_v0=12.7ms(60)
STREAMING_STEP_TIMING total=19.14ms {"drain_packets":0.078,"drain_pages":0.007,"enqueue":5.182,"evict":0.469,"player_chunk":0.02,"prune":0.07,"publish":0.339,"queue_pages":12.954,"spawn":0.004,"wrap":0.014}
STREAMING_STEP_TIMING total=17.89ms {"drain_packets":0.096,"drain_pages":0.009,"enqueue":5.539,"evict":0.29,"player_chunk":0.019,"prune":0.082,"publish":0.302,"queue_pages":11.538,"spawn":0.002,"wrap":0.011}
STREAMING_STEP_TIMING total=15.39ms {"drain_packets":0.085,"drain_pages":0.008,"enqueue":4.772,"evict":0.286,"player_chunk":0.017,"prune":0.073,"publish":0.293,"queue_pages":9.841,"spawn":0.002,"wrap":0.009}
STREAMING_STEP_TIMING total=17.38ms {"drain_packets":0.012,"drain_pages":0.009,"enqueue":5.39,"evict":0.333,"player_chunk":0.024,"prune":0.089,"publish":0.356,"queue_pages":11.153,"spawn":0.002,"wrap":0.008}
STREAMING_STEP_TIMING total=17.37ms {"drain_packets":0.013,"drain_pages":0.008,"enqueue":5.281,"evict":0.313,"player_chunk":0.019,"prune":0.083,"publish":0.317,"queue_pages":11.322,"spawn":0.002,"wrap":0.012}
STREAMING_STEP_TIMING total=16.08ms {"drain_packets":0.011,"drain_pages":0.006,"enqueue":4.943,"evict":0.303,"player_chunk":0.023,"prune":0.073,"publish":0.321,"queue_pages":10.383,"spawn":0.002,"wrap":0.016}
STREAMING_STEP_TIMING total=16.08ms {"drain_packets":0.008,"drain_pages":0.006,"enqueue":4.934,"evict":0.299,"player_chunk":0.024,"prune":0.071,"publish":0.318,"queue_pages":10.399,"spawn":0.003,"wrap":0.016}
STREAMING_STEP_TIMING total=16.43ms {"drain_packets":0.008,"drain_pages":0.006,"enqueue":4.972,"evict":0.304,"player_chunk":0.021,"prune":0.071,"publish":0.314,"queue_pages":10.721,"spawn":0.003,"wrap":0.012}
STREAMING_STEP_TIMING total=15.76ms {"drain_packets":0.009,"drain_pages":0.006,"enqueue":4.848,"evict":0.291,"player_chunk":0.025,"prune":0.069,"publish":0.304,"queue_pages":10.185,"spawn":0.003,"wrap":0.016}
STREAMING_STEP_TIMING total=16.34ms {"drain_packets":0.008,"drain_pages":0.006,"enqueue":4.897,"evict":0.314,"player_chunk":0.021,"prune":0.068,"publish":0.314,"queue_pages":10.698,"spawn":0.002,"wrap":0.008}
STREAMING_STEP_TIMING total=15.57ms {"drain_packets":0.011,"drain_pages":0.007,"enqueue":4.76,"evict":0.312,"player_chunk":0.024,"prune":0.064,"publish":0.312,"queue_pages":10.063,"spawn":0.003,"wrap":0.016}
STREAMING_STEP_TIMING total=16.17ms {"drain_packets":0.008,"drain_pages":0.007,"enqueue":4.973,"evict":0.338,"player_chunk":0.021,"prune":0.072,"publish":0.359,"queue_pages":10.371,"spawn":0.002,"wrap":0.012}
STREAMING_STEP_TIMING total=19.18ms {"drain_packets":0.011,"drain_pages":0.007,"enqueue":5.348,"evict":0.328,"player_chunk":0.026,"prune":0.085,"publish":0.413,"queue_pages":12.932,"spawn":0.004,"wrap":0.019}
STREAMING_STEP_TIMING total=17.72ms {"drain_packets":0.01,"drain_pages":0.006,"enqueue":5.397,"evict":0.337,"player_chunk":0.023,"prune":0.078,"publish":0.322,"queue_pages":11.527,"spawn":0.002,"wrap":0.011}
STREAMING_STEP_TIMING total=23.25ms {"drain_packets":0.016,"drain_pages":0.306,"enqueue":6.928,"evict":0.306,"player_chunk":0.033,"prune":2.415,"publish":0.315,"queue_pages":12.896,"spawn":0.005,"wrap":0.025}
STREAMING_STEP_TIMING total=25.77ms {"drain_packets":0.01,"drain_pages":0.008,"enqueue":5.627,"evict":0.304,"player_chunk":0.023,"prune":0.078,"publish":0.515,"queue_pages":19.188,"spawn":0.002,"wrap":0.013}
STREAMING_STEP_TIMING total=16.88ms {"drain_packets":0.008,"drain_pages":0.006,"enqueue":4.982,"evict":0.301,"player_chunk":0.024,"prune":0.064,"publish":0.31,"queue_pages":11.166,"spawn":0.003,"wrap":0.017}
STREAMING_STEP_TIMING total=17.48ms {"drain_packets":0.009,"drain_pages":0.006,"enqueue":5.723,"evict":0.301,"player_chunk":0.019,"prune":0.073,"publish":0.319,"queue_pages":11.014,"spawn":0.002,"wrap":0.008}
STREAMING_STEP_TIMING total=21.81ms {"drain_packets":0.009,"drain_pages":0.132,"enqueue":4.656,"evict":0.275,"player_chunk":0.027,"prune":0.063,"publish":6.841,"queue_pages":9.784,"spawn":0.004,"wrap":0.02}
STREAMING_STEP_TIMING total=41.45ms {"drain_packets":0.014,"drain_pages":0.009,"enqueue":4.618,"evict":0.401,"player_chunk":0.022,"prune":0.085,"publish":27.379,"queue_pages":8.902,"spawn":0.002,"wrap":0.012}
STREAMING_STEP_TIMING total=26.05ms {"drain_packets":0.009,"drain_pages":0.139,"enqueue":4.912,"evict":0.341,"player_chunk":0.028,"prune":0.066,"publish":9.219,"queue_pages":11.306,"spawn":0.004,"wrap":0.019}
STREAMING_STEP_TIMING total=38.20ms {"drain_packets":0.01,"drain_pages":0.006,"enqueue":4.694,"evict":0.325,"player_chunk":0.02,"prune":0.06,"publish":22.701,"queue_pages":10.373,"spawn":0.003,"wrap":0.008}
STREAMING_STEP_TIMING total=25.99ms {"drain_packets":0.012,"drain_pages":0.008,"enqueue":4.841,"evict":0.344,"player_chunk":0.026,"prune":0.071,"publish":9.409,"queue_pages":11.251,"spawn":0.004,"wrap":0.02}
STREAMING_STEP_TIMING total=40.51ms {"drain_packets":0.009,"drain_pages":0.007,"enqueue":4.937,"evict":0.876,"player_chunk":0.02,"prune":0.056,"publish":24.13,"queue_pages":10.463,"spawn":0.002,"wrap":0.008}
STREAMING_STEP_TIMING total=31.41ms {"drain_packets":0.01,"drain_pages":0.006,"enqueue":4.51,"evict":0.322,"player_chunk":0.031,"prune":0.047,"publish":17.701,"queue_pages":8.659,"spawn":0.006,"wrap":0.11}
STREAMING_STEP_TIMING total=22.84ms {"drain_packets":0.01,"drain_pages":0.006,"enqueue":4.443,"evict":0.297,"player_chunk":0.02,"prune":0.048,"publish":9.329,"queue_pages":8.67,"spawn":0.002,"wrap":0.008}
STREAMING_STEP_TIMING total=33.44ms {"drain_packets":0.008,"drain_pages":0.12,"enqueue":4.16,"evict":0.301,"player_chunk":0.026,"prune":0.038,"publish":20.475,"queue_pages":8.282,"spawn":0.003,"wrap":0.02}
STREAMING_STEP_TIMING total=18.26ms {"drain_packets":0.008,"drain_pages":0.006,"enqueue":4.086,"evict":0.257,"player_chunk":0.021,"prune":0.037,"publish":6.341,"queue_pages":7.489,"spawn":0.002,"wrap":0.012}
STREAMING_STEP_TIMING total=28.32ms {"drain_packets":0.007,"drain_pages":0.005,"enqueue":3.222,"evict":0.259,"player_chunk":0.023,"prune":0.028,"publish":17.695,"queue_pages":7.056,"spawn":0.003,"wrap":0.015}
STREAMING_STEP_TIMING total=16.97ms {"drain_packets":0.006,"drain_pages":0.006,"enqueue":3.256,"evict":0.259,"player_chunk":0.016,"prune":0.027,"publish":6.028,"queue_pages":7.357,"spawn":0.002,"wrap":0.009}
STREAMING_STEP_TIMING total=27.95ms {"drain_packets":0.006,"drain_pages":0.005,"enqueue":3.233,"evict":0.275,"player_chunk":0.02,"prune":0.024,"publish":17.356,"queue_pages":7.013,"spawn":0.002,"wrap":0.014}
STREAMING_STEP_TIMING total=24.37ms {"drain_packets":0.006,"drain_pages":0.006,"enqueue":3.385,"evict":0.277,"player_chunk":0.019,"prune":0.023,"publish":13.54,"queue_pages":7.096,"spawn":0.002,"wrap":0.011}
STREAMING_STEP_TIMING total=17.07ms {"drain_packets":0.007,"drain_pages":0.006,"enqueue":3.268,"evict":0.289,"player_chunk":0.018,"prune":0.02,"publish":6.278,"queue_pages":7.167,"spawn":0.002,"wrap":0.013}
STREAMING_STEP_TIMING total=28.48ms {"drain_packets":0.007,"drain_pages":0.005,"enqueue":3.306,"evict":0.283,"player_chunk":0.016,"prune":0.016,"publish":17.729,"queue_pages":7.111,"spawn":0.002,"wrap":0.007}
STREAMING_STEP_TIMING total=20.50ms {"drain_packets":0.007,"drain_pages":0.004,"enqueue":3.207,"evict":0.347,"player_chunk":0.022,"prune":0.014,"publish":9.076,"queue_pages":7.807,"spawn":0.002,"wrap":0.015}
STREAMING_STEP_TIMING total=32.30ms {"drain_packets":0.009,"drain_pages":0.006,"enqueue":3.857,"evict":0.325,"player_chunk":0.02,"prune":0.017,"publish":20.965,"queue_pages":7.086,"spawn":0.002,"wrap":0.01}
STREAMING_STEP_TIMING total=15.95ms {"drain_packets":0.007,"drain_pages":0.007,"enqueue":3.269,"evict":0.286,"player_chunk":0.02,"prune":0.012,"publish":5.18,"queue_pages":7.151,"spawn":0.003,"wrap":0.012}
STREAMING_STEP_TIMING total=28.62ms {"drain_packets":0.007,"drain_pages":0.005,"enqueue":3.35,"evict":0.298,"player_chunk":0.015,"prune":0.011,"publish":17.8,"queue_pages":7.121,"spawn":0.002,"wrap":0.006}
STREAMING_STEP_TIMING total=26.04ms {"drain_packets":0.009,"drain_pages":0.005,"enqueue":3.424,"evict":0.306,"player_chunk":0.02,"prune":0.011,"publish":15.23,"queue_pages":7.019,"spawn":0.002,"wrap":0.015}
STREAMING_STEP_TIMING total=11.02ms {"drain_packets":0.006,"drain_pages":0.005,"enqueue":3.37,"evict":0.306,"player_chunk":0.017,"prune":0.003,"publish":0.005,"queue_pages":7.293,"spawn":0.001,"wrap":0.01}
ERROR: Parameter "t" is null.
   at: texture_2d_get (./servers/rendering/dummy/storage/texture_storage.h:106)
   GDScript backtrace (most recent call first):
       [0] _capture_viewport (res://tools/runtime_mountain_raster_walk_probe.gd:440)
       [1] _run (res://tools/runtime_mountain_raster_walk_probe.gd:96)
       [2] _wait_until_settled (res://tools/runtime_mountain_raster_walk_probe.gd:293)
RUNTIME_MOUNTAIN_RASTER_WALK_PROBE_JSON={"density":0.6,"failed":false,"lake_density":0.0,"mining":{"empty_corner_walks":true,"mining_succeeds":true,"mining_tile":"(2541, 912)","ready":true,"solid_blocks_walk":true},"route_size":7,"seed":131071,"spawn_settled":{"debug":{"applied_source_chunk_count":6,"desired_mountain_chunk_count":6,"dirty":false,"dirty_requires_rebuild":false,"display_image_height":1184,"display_image_width":1280,"display_packet_count":9,"display_ready":true,"display_request_in_flight":false,"display_runtime_clip_half_height_px":608,"display_runtime_clip_half_width_px":608,"display_timing_total_ms":484,"display_worker_elapsed_ms":488,"face_pixels":41229,"hit_mask_ready":true,"hit_mask_solid_pixels":1400847,"image_height":1184,"image_width":1280,"layer_count":6,"missing_mountain_chunk_count":0,"packet_count":9,"queued_source_chunks":["(157, 53)","(156, 53)","(157, 52)","(157, 54)","(158, 53)","(156, 52)","(156, 54)","(158, 52)","(158, 54)"],"request_in_flight":false,"request_to_complete_ms":488,"rim_pixels":13844,"runtime_clip_enabled":true,"runtime_clip_half_height_px":608,"runtime_clip_half_width_px":608,"source_packet_count":9,"success":true,"timing_alpha_ms":133,"timing_blur_ms":30,"timing_normal_ms":15,"timing_paint_ms":148,"timing_total_ms":484,"top_pixels":1360386,"worker_elapsed_ms":488},"elapsed_ms":2930,"frames":56,"ready":true},"steps":[{"debug":{"applied_source_chunk_count":6,"desired_mountain_chunk_count":6,"dirty":false,"dirty_requires_rebuild":false,"display_image_height":1184,"display_image_width":1280,"display_packet_count":9,"display_ready":true,"display_request_in_flight":false,"display_runtime_clip_half_height_px":608,"display_runtime_clip_half_width_px":608,"display_timing_total_ms":484,"display_worker_elapsed_ms":488,"face_pixels":41229,"hit_mask_ready":true,"hit_mask_solid_pixels":1400847,"image_height":1184,"image_width":1280,"layer_count":6,"missing_mountain_chunk_count":0,"packet_count":9,"queued_source_chunks":["(157, 53)","(156, 53)","(157, 52)","(157, 54)","(158, 53)","(156, 52)","(156, 54)","(158, 52)","(158, 54)"],"request_in_flight":false,"request_to_complete_ms":488,"rim_pixels":13844,"runtime_clip_enabled":true,"runtime_clip_half_height_px":608,"runtime_clip_half_width_px":608,"source_packet_count":9,"success":true,"timing_alpha_ms":133,"timing_blur_ms":30,"timing_normal_ms":15,"timing_paint_ms":148,"timing_total_ms":484,"top_pixels":1360386,"worker_elapsed_ms":488},"index":0,"screenshot":"C:/Users/peaceful/Station Peaceful/Station Peaceful/artifacts/runtime_mountain_raster_walk_probe/walk_00.png","screenshot_status":{"error":"viewport_image_null","path":"C:/Users/peaceful/Station Peaceful/Station Peaceful/artifacts/runtime_mountain_raster_walk_probe/walk_00.png","saved":false},"settled":{"debug":{"applied_source_chunk_count":6,"desired_mountain_chunk_count":6,"dirty":false,"dirty_requires_rebuild":false,"display_image_height":1184,"display_image_width":1280,"display_packet_count":9,"display_ready":true,"display_request_in_flight":false,"display_runtime_clip_half_height_px":608,"display_runtime_clip_half_width_px":608,"display_timing_total_ms":484,"display_worker_elapsed_ms":488,"face_pixels":41229,"hit_mask_ready":true,"hit_mask_solid_pixels":1400847,"image_height":1184,"image_width":1280,"layer_count":6,"missing_mountain_chunk_count":0,"packet_count":9,"queued_source_chunks":["(157, 53)","(156, 53)","(157, 52)","(157, 54)","(158, 53)","(156, 52)","(156, 54)","(158, 52)","(158, 54)"],"request_in_flight":false,"request_to_complete_ms":488,"rim_pixels":13844,"runtime_clip_enabled":true,"runtime_clip_half_height_px":608,"runtime_clip_half_width_px":608,"source_packet_count":9,"success":true,"timing_alpha_ms":133,"timing_blur_ms":30,"timing_normal_ms":15,"timing_paint_ms":148,"timing_total_ms":484,"top_pixels":1360386,"worker_elapsed_ms":488},"elapsed_ms":33,"frames":1,"ready":true},"target_chunk":"(154, 54)","target_tile":"(2464, 864)"},{"debug":{"applied_source_chunk_count":11,"desired_mountain_chunk_count":11,"dirty":false,"dirty_requires_rebuild":false,"display_image_height":928,"display_image_width":1280,"display_packet_count":9,"display_ready":true,"display_request_in_flight":false,"display_runtime_clip_half_height_px":608,"display_runtime_clip_half_width_px":608,"display_timing_total_ms":316,"display_worker_elapsed_ms":320,"face_pixels":3,"hit_mask_ready":true,"hit_mask_solid_pixels":1039103,"image_height":928,"image_width":1280,"layer_count":11,"missing_mountain_chunk_count":0,"packet_count":9,"queued_source_chunks":["(157, 49)","(156, 49)","(157, 48)","(157, 50)","(158, 49)","(156, 48)","(156, 50)","(158, 48)","(158, 50)"],"request_in_flight":false,"request_to_complete_ms":320,"rim_pixels":4878,"runtime_clip_enabled":true,"runtime_clip_half_height_px":608,"runtime_clip_half_width_px":608,"source_packet_count":9,"success":true,"timing_alpha_ms":81,"timing_blur_ms":24,"timing_normal_ms":12,"timing_paint_ms":87,"timing_total_ms":316,"top_pixels":1039199,"worker_elapsed_ms":320},"index":1,"screenshot":"C:/Users/peaceful/Station Peaceful/Station Peaceful/artifacts/runtime_mountain_raster_walk_probe/walk_01.png","screenshot_status":{"error":"viewport_image_null","path":"C:/Users/peaceful/Station Peaceful/Station Peaceful/artifacts/runtime_mountain_raster_walk_probe/walk_01.png","saved":false},"settled":{"debug":{"applied_source_chunk_count":11,"desired_mountain_chunk_count":11,"dirty":false,"dirty_requires_rebuild":false,"display_image_height":928,"display_image_width":1280,"display_packet_count":9,"display_ready":true,"display_request_in_flight":false,"display_runtime_clip_half_height_px":608,"display_runtime_clip_half_width_px":608,"display_timing_total_ms":316,"display_worker_elapsed_ms":320,"face_pixels":3,"hit_mask_ready":true,"hit_mask_solid_pixels":1039103,"image_height":928,"image_width":1280,"layer_count":11,"missing_mountain_chunk_count":0,"packet_count":9,"queued_source_chunks":["(157, 49)","(156, 49)","(157, 48)","(157, 50)","(158, 49)","(156, 48)","(156, 50)","(158, 48)","(158, 50)"],"request_in_flight":false,"request_to_complete_ms":320,"rim_pixels":4878,"runtime_clip_enabled":true,"runtime_clip_half_height_px":608,"runtime_clip_half_width_px":608,"source_packet_count":9,"success":true,"timing_alpha_ms":81,"timing_blur_ms":24,"timing_normal_ms":12,"timing_paint_ms":87,"timing_total_ms":316,"top_pixels":1039199,"worker_elapsed_ms":320},"elapsed_ms":32,"frames":1,"ready":true},"target_chunk":"(154, 51)","target_tile":"(2472, 816)"},{"debug":{"applied_source_chunk_count":13,"desired_mountain_chunk_count":13,"dirty":false,"dirty_requires_rebuild":false,"display_image_height":1248,"display_image_width":1280,"display_packet_count":9,"display_ready":true,"display_request_in_flight":false,"display_runtime_clip_half_height_px":608,"display_runtime_clip_half_width_px":608,"display_timing_total_ms":428,"display_worker_elapsed_ms":432,"face_pixels":41223,"hit_mask_ready":true,"hit_mask_solid_pixels":1393050,"image_height":1248,"image_width":1280,"layer_count":13,"missing_mountain_chunk_count":0,"packet_count":9,"queued_source_chunks":["(158, 53)","(157, 53)","(158, 52)","(158, 54)","(159, 53)","(157, 52)","(157, 54)","(159, 52)","(159, 54)"],"request_in_flight":false,"request_to_complete_ms":432,"rim_pixels":8135,"runtime_clip_enabled":true,"runtime_clip_half_height_px":608,"runtime_clip_half_width_px":608,"source_packet_count":9,"success":true,"timing_alpha_ms":132,"timing_blur_ms":35,"timing_normal_ms":17,"timing_paint_ms":118,"timing_total_ms":428,"top_pixels":1352284,"worker_elapsed_ms":432},"index":2,"screenshot":"C:/Users/peaceful/Station Peaceful/Station Peaceful/artifacts/runtime_mountain_raster_walk_probe/walk_02.png","screenshot_status":{"error":"viewport_image_null","path":"C:/Users/peaceful/Station Peaceful/Station Peaceful/artifacts/runtime_mountain_raster_walk_probe/walk_02.png","saved":false},"settled":{"debug":{"applied_source_chunk_count":13,"desired_mountain_chunk_count":13,"dirty":false,"dirty_requires_rebuild":false,"display_image_height":1248,"display_image_width":1280,"display_packet_count":9,"display_ready":true,"display_request_in_flight":false,"display_runtime_clip_half_height_px":608,"display_runtime_clip_half_width_px":608,"display_timing_total_ms":428,"display_worker_elapsed_ms":432,"face_pixels":41223,"hit_mask_ready":true,"hit_mask_solid_pixels":1393050,"image_height":1248,"image_width":1280,"layer_count":13,"missing_mountain_chunk_count":0,"packet_count":9,"queued_source_chunks":["(158, 53)","(157, 53)","(158, 52)","(158, 54)","(159, 53)","(157, 52)","(157, 54)","(159, 52)","(159, 54)"],"request_in_flight":false,"request_to_complete_ms":432,"rim_pixels":8135,"runtime_clip_enabled":true,"runtime_clip_half_height_px":608,"runtime_clip_half_width_px":608,"source_packet_count":9,"success":true,"timing_alpha_ms":132,"timing_blur_ms":35,"timing_normal_ms":17,"timing_paint_ms":118,"timing_total_ms":428,"top_pixels":1352284,"worker_elapsed_ms":432},"elapsed_ms":32,"frames":1,"ready":true},"target_chunk":"(155, 52)","target_tile":"(2489, 832)"},{"debug":{"applied_source_chunk_count":15,"desired_mountain_chunk_count":15,"dirty":false,"dirty_requires_rebuild":false,"display_image_height":1312,"display_image_width":1280,"display_packet_count":9,"display_ready":true,"display_request_in_flight":false,"display_runtime_clip_half_height_px":608,"display_runtime_clip_half_width_px":608,"display_timing_total_ms":402,"display_worker_elapsed_ms":407,"face_pixels":1,"hit_mask_ready":true,"hit_mask_solid_pixels":1469899,"image_height":1312,"image_width":1280,"layer_count":15,"missing_mountain_chunk_count":0,"packet_count":9,"queued_source_chunks":["(159, 56)","(158, 56)","(159, 55)","(159, 57)","(160, 56)","(158, 55)","(158, 57)","(160, 55)","(160, 57)"],"request_in_flight":false,"request_to_complete_ms":408,"rim_pixels":6468,"runtime_clip_enabled":true,"runtime_clip_half_height_px":608,"runtime_clip_half_width_px":608,"source_packet_count":9,"success":true,"timing_alpha_ms":78,"timing_blur_ms":31,"timing_normal_ms":17,"timing_paint_ms":130,"timing_total_ms":402,"top_pixels":1470027,"worker_elapsed_ms":407},"index":3,"screenshot":"C:/Users/peaceful/Station Peaceful/Station Peaceful/artifacts/runtime_mountain_raster_walk_probe/walk_03.png","screenshot_status":{"error":"viewport_image_null","path":"C:/Users/peaceful/Station Peaceful/Station Peaceful/artifacts/runtime_mountain_raster_walk_probe/walk_03.png","saved":false},"settled":{"debug":{"applied_source_chunk_count":15,"desired_mountain_chunk_count":15,"dirty":false,"dirty_requires_rebuild":false,"display_image_height":1312,"display_image_width":1280,"display_packet_count":9,"display_ready":true,"display_request_in_flight":false,"display_runtime_clip_half_height_px":608,"display_runtime_clip_half_width_px":608,"display_timing_total_ms":402,"display_worker_elapsed_ms":407,"face_pixels":1,"hit_mask_ready":true,"hit_mask_solid_pixels":1469899,"image_height":1312,"image_width":1280,"layer_count":15,"missing_mountain_chunk_count":0,"packet_count":9,"queued_source_chunks":["(159, 56)","(158, 56)","(159, 55)","(159, 57)","(160, 56)","(158, 55)","(158, 57)","(160, 55)","(160, 57)"],"request_in_flight":false,"request_to_complete_ms":408,"rim_pixels":6468,"runtime_clip_enabled":true,"runtime_clip_half_height_px":608,"runtime_clip_half_width_px":608,"source_packet_count":9,"success":true,"timing_alpha_ms":78,"timing_blur_ms":31,"timing_normal_ms":17,"timing_paint_ms":130,"timing_total_ms":402,"top_pixels":1470027,"worker_elapsed_ms":407},"elapsed_ms":33,"frames":1,"ready":true},"target_chunk":"(156, 53)","target_tile":"(2504, 848)"},{"debug":{"applied_source_chunk_count":13,"desired_mountain_chunk_count":13,"dirty":false,"dirty_requires_rebuild":false,"display_image_height":928,"display_image_width":1280,"display_packet_count":9,"display_ready":true,"display_request_in_flight":false,"display_runtime_clip_half_height_px":608,"display_runtime_clip_half_width_px":608,"display_timing_total_ms":419,"display_worker_elapsed_ms":422,"face_pixels":3,"hit_mask_ready":true,"hit_mask_solid_pixels":1039103,"image_height":928,"image_width":1280,"layer_count":13,"missing_mountain_chunk_count":0,"packet_count":9,"queued_source_chunks":["(157, 49)","(156, 49)","(157, 48)","(157, 50)","(158, 49)","(156, 48)","(156, 50)","(158, 48)","(158, 50)"],"request_in_flight":false,"request_to_complete_ms":422,"rim_pixels":4878,"runtime_clip_enabled":true,"runtime_clip_half_height_px":608,"runtime_clip_half_width_px":608,"source_packet_count":9,"success":true,"timing_alpha_ms":110,"timing_blur_ms":30,"timing_normal_ms":12,"timing_paint_ms":126,"timing_total_ms":419,"top_pixels":1039199,"worker_elapsed_ms":422},"index":4,"screenshot":"C:/Users/peaceful/Station Peaceful/Station Peaceful/artifacts/runtime_mountain_raster_walk_probe/walk_04.png","screenshot_status":{"error":"viewport_image_null","path":"C:/Users/peaceful/Station Peaceful/Station Peaceful/artifacts/runtime_mountain_raster_walk_probe/walk_04.png","saved":false},"settled":{"debug":{"applied_source_chunk_count":13,"desired_mountain_chunk_count":13,"dirty":false,"dirty_requires_rebuild":false,"display_image_height":928,"display_image_width":1280,"display_packet_count":9,"display_ready":true,"display_request_in_flight":false,"display_runtime_clip_half_height_px":608,"display_runtime_clip_half_width_px":608,"display_timing_total_ms":419,"display_worker_elapsed_ms":422,"face_pixels":3,"hit_mask_ready":true,"hit_mask_solid_pixels":1039103,"image_height":928,"image_width":1280,"layer_count":13,"missing_mountain_chunk_count":0,"packet_count":9,"queued_source_chunks":["(157, 49)","(156, 49)","(157, 48)","(157, 50)","(158, 49)","(156, 48)","(156, 50)","(158, 48)","(158, 50)"],"request_in_flight":false,"request_to_complete_ms":422,"rim_pixels":4878,"runtime_clip_enabled":true,"runtime_clip_half_height_px":608,"runtime_clip_half_width_px":608,"source_packet_count":9,"success":true,"timing_alpha_ms":110,"timing_blur_ms":30,"timing_normal_ms":12,"timing_paint_ms":126,"timing_total_ms":419,"top_pixels":1039199,"worker_elapsed_ms":422},"elapsed_ms":33,"frames":1,"ready":true},"target_chunk":"(155, 51)","target_tile":"(2480, 816)"},{"debug":{"applied_source_chunk_count":16,"desired_mountain_chunk_count":16,"dirty":false,"dirty_requires_rebuild":false,"display_image_height":1248,"display_image_width":1280,"display_packet_count":9,"display_ready":true,"display_request_in_flight":false,"display_runtime_clip_half_height_px":608,"display_runtime_clip_half_width_px":608,"display_timing_total_ms":579,"display_worker_elapsed_ms":584,"face_pixels":39745,"hit_mask_ready":true,"hit_mask_solid_pixels":1502213,"image_height":1248,"image_width":1280,"layer_count":16,"missing_mountain_chunk_count":0,"packet_count":9,"queued_source_chunks":["(159, 53)","(158, 53)","(159, 52)","(159, 54)","(160, 53)","(158, 52)","(158, 54)","(160, 52)","(160, 54)"],"request_in_flight":false,"request_to_complete_ms":585,"rim_pixels":11179,"runtime_clip_enabled":true,"runtime_clip_half_height_px":608,"runtime_clip_half_width_px":608,"source_packet_count":9,"success":true,"timing_alpha_ms":144,"timing_blur_ms":36,"timing_normal_ms":18,"timing_paint_ms":232,"timing_total_ms":579,"top_pixels":1463079,"worker_elapsed_ms":584},"index":5,"screenshot":"C:/Users/peaceful/Station Peaceful/Station Peaceful/artifacts/runtime_mountain_raster_walk_probe/walk_05.png","screenshot_status":{"error":"viewport_image_null","path":"C:/Users/peaceful/Station Peaceful/Station Peaceful/artifacts/runtime_mountain_raster_walk_probe/walk_05.png","saved":false},"settled":{"debug":{"applied_source_chunk_count":16,"desired_mountain_chunk_count":16,"dirty":false,"dirty_requires_rebuild":false,"display_image_height":1248,"display_image_width":1280,"display_packet_count":9,"display_ready":true,"display_request_in_flight":false,"display_runtime_clip_half_height_px":608,"display_runtime_clip_half_width_px":608,"display_timing_total_ms":579,"display_worker_elapsed_ms":584,"face_pixels":39745,"hit_mask_ready":true,"hit_mask_solid_pixels":1502213,"image_height":1248,"image_width":1280,"layer_count":16,"missing_mountain_chunk_count":0,"packet_count":9,"queued_source_chunks":["(159, 53)","(158, 53)","(159, 52)","(159, 54)","(160, 53)","(158, 52)","(158, 54)","(160, 52)","(160, 54)"],"request_in_flight":false,"request_to_complete_ms":585,"rim_pixels":11179,"runtime_clip_enabled":true,"runtime_clip_half_height_px":608,"runtime_clip_half_width_px":608,"source_packet_count":9,"success":true,"timing_alpha_ms":144,"timing_blur_ms":36,"timing_normal_ms":18,"timing_paint_ms":232,"timing_total_ms":579,"top_pixels":1463079,"worker_elapsed_ms":584},"elapsed_ms":648,"frames":12,"ready":true},"target_chunk":"(156, 52)","target_tile":"(2496, 832)"},{"debug":{"applied_source_chunk_count":18,"desired_mountain_chunk_count":18,"dirty":false,"dirty_requires_rebuild":false,"display_image_height":1312,"display_image_width":1280,"display_packet_count":9,"display_ready":true,"display_request_in_flight":false,"display_runtime_clip_half_height_px":608,"display_runtime_clip_half_width_px":608,"display_timing_total_ms":401,"display_worker_elapsed_ms":406,"face_pixels":633,"hit_mask_ready":true,"hit_mask_solid_pixels":1434431,"image_height":1312,"image_width":1280,"layer_count":18,"missing_mountain_chunk_count":0,"packet_count":9,"queued_source_chunks":["(160, 50)","(159, 50)","(160, 49)","(160, 51)","(161, 50)","(159, 49)","(159, 51)","(161, 49)","(161, 51)"],"request_in_flight":false,"request_to_complete_ms":406,"rim_pixels":5863,"runtime_clip_enabled":true,"runtime_clip_half_height_px":608,"runtime_clip_half_width_px":608,"source_packet_count":9,"success":true,"timing_alpha_ms":79,"timing_blur_ms":30,"timing_normal_ms":18,"timing_paint_ms":123,"timing_total_ms":401,"top_pixels":1433922,"worker_elapsed_ms":406},"index":6,"screenshot":"C:/Users/peaceful/Station Peaceful/Station Peaceful/artifacts/runtime_mountain_raster_walk_probe/walk_06.png","screenshot_status":{"error":"viewport_image_null","path":"C:/Users/peaceful/Station Peaceful/Station Peaceful/artifacts/runtime_mountain_raster_walk_probe/walk_06.png","saved":false},"settled":{"debug":{"applied_source_chunk_count":18,"desired_mountain_chunk_count":18,"dirty":false,"dirty_requires_rebuild":false,"display_image_height":1312,"display_image_width":1280,"display_packet_count":9,"display_ready":true,"display_request_in_flight":false,"display_runtime_clip_half_height_px":608,"display_runtime_clip_half_width_px":608,"display_timing_total_ms":401,"display_worker_elapsed_ms":406,"face_pixels":633,"hit_mask_ready":true,"hit_mask_solid_pixels":1434431,"image_height":1312,"image_width":1280,"layer_count":18,"missing_mountain_chunk_count":0,"packet_count":9,"queued_source_chunks":["(160, 50)","(159, 50)","(160, 49)","(160, 51)","(161, 50)","(159, 49)","(159, 51)","(161, 49)","(161, 51)"],"request_in_flight":false,"request_to_complete_ms":406,"rim_pixels":5863,"runtime_clip_enabled":true,"runtime_clip_half_height_px":608,"runtime_clip_half_width_px":608,"source_packet_count":9,"success":true,"timing_alpha_ms":79,"timing_blur_ms":30,"timing_normal_ms":18,"timing_paint_ms":123,"timing_total_ms":401,"top_pixels":1433922,"worker_elapsed_ms":406},"elapsed_ms":1085,"frames":18,"ready":true},"target_chunk":"(157, 53)","target_tile":"(2512, 848)"}]}
STREAMING_STEP_TIMING total=10.81ms {"drain_packets":0.008,"drain_pages":0.005,"enqueue":3.288,"evict":0.3,"player_chunk":0.019,"prune":0.003,"publish":0.006,"queue_pages":7.168,"spawn":0.003,"wrap":0.01}
WARNING: ObjectDB instances leaked at exit (run with --verbose for details).
   at: cleanup (core/object/object.cpp:2641)
ERROR: 7 resources still in use at exit (run with --verbose for details).
   at: clear (core/io/resource.cpp:810)
